Y,W,kidid
53.98305476465774,1,100010190201
44.555473089639904,0,100010190301
44.05961749437417,0,100010330201
47.76414219161668,1,100010330202
35.1430859617002,0,100010370201
46.04720904718532,0,100010590201
44.98551087401752,1,100010630201
43.790650215787146,0,100010720201
33.986133440122174,0,100010990201
38.00578117168784,0,100020160201
28.32478845097162,0,100020160202
49.857216990332574,1,100020410201
46.78084824016408,1,100020510201
42.27368365420847,1,100020510202
34.60190868365848,0,100020730101
45.69589912484606,1,100020730102
37.44049444728917,0,100020760101
44.89268625512874,1,100020800201
47.92018774746267,0,100030070201
48.24761131459729,1,100030230201
58.68006641357326,1,100030470201
45.76332566048793,0,100030560201
49.78414233063223,0,100030560203
54.406029092265946,0,100030760201
48.80684452737059,0,100040740201
47.18143937545392,0,100050170201
41.39892078718542,1,100050520201
50.68146699213484,0,100050770101
44.75549472057965,0,100060020101
40.98655712496239,0,100060020102
55.759190695297875,1,100060190201
64.18040920556885,1,100060460201
64.06168703329381,1,100060620201
39.36430709721363,1,100060680201
40.72846547559701,0,100060790101
47.191616161092256,0,100060790102
61.73701975552574,1,100060840201
51.31003253887314,0,100070490201
54.56033878575471,1,100070560101
57.69978443912469,0,100070560201
49.706502105607406,1,100080060202
58.527938870789875,1,100080210201
50.05316646454689,0,100080370201
51.196897881114815,0,100080520201
57.437692576734925,0,100080680201
61.83939573012475,1,100081150201
51.43622525494729,1,100081150202
54.15234419515971,0,100081200201
46.390088217024264,1,100081250201
41.89807279101106,1,100090060201
49.432069873596,1,100090520201
53.30384963589898,0,100090840201
18.810799028497783,0,100091070202
12.103524629050657,0,100100100201
61.05876744822336,1,100100160201
60.096626707078904,1,100100160202
50.84912122423448,0,100100370201
46.64888842484098,1,100100640201
44.03576380500864,1,100101080101
44.63676524450604,0,100101080401
34.39720757111458,1,100101240501
42.87948730537729,0,100101290201
58.89530996041088,0,100110180201
59.895114364991095,1,100110180202
60.945070569609186,1,100110180203
55.24248109727938,0,100110220101
60.23255837016132,1,100110260201
59.951455757526205,1,100110260202
57.93713582118996,1,100110340201
48.54636759517876,0,100110530101
47.992870964973555,0,100110530102
58.67492140154021,0,100110570101
53.64831983382002,0,100110840201
36.36937890297178,0,100120030201
29.079405584227093,0,100120230201
42.816882473328,0,100120380202
49.047589063189164,1,100120580201
33.17859422232176,0,100120610201
37.58293564300225,0,100120610202
60.60030280194801,0,100130230201
54.14978720160152,0,100130270201
53.66567696529977,0,100130270202
58.5732372668861,1,100130350201
70.11695422354126,0,100130350202
44.820576426751835,0,100130490201
45.85036771874526,0,100130510201
53.11756895483496,0,100140250201
61.21972944814055,1,100140360201
59.66624179127779,1,100140440201
62.02195130062291,1,100150530201
59.20880689232182,0,100150740201
63.06720205196595,0,100150780201
54.43245990592086,0,100160170201
62.297218092601646,1,100160300201
57.21908741910137,1,100160470201
58.72937496124587,1,100170260201
60.99739648193459,1,100170300201
63.80739756860007,1,100170420201
44.52022689860584,0,100170460201
60.26102170519554,1,100170750201
57.056729665093286,0,100170790201
60.119121318869205,1,100170920201
62.32197789966274,1,100180050201
59.41389250567212,1,100180080201
60.46355574030578,0,100180180201
65.62760731116589,1,100180210201
57.286410186657555,0,100180240201
58.50928506084133,0,100180340201
54.54100689125567,0,100180370201
57.00237811870424,0,100180370202
59.59635336736282,1,100180370203
54.22546084766501,1,100180430201
55.32526557431494,1,100180460201
61.12486763041515,0,100180520201
52.43960562398496,1,100180520202
63.614822499865795,1,100180590201
60.967919600616575,1,100180780201
44.620251385551384,0,100180780202
48.15355419791261,1,100190590201
57.511964621609856,0,100190860201
64.14036751786664,1,100190900201
59.795967179403064,1,100200150501
56.31669075293856,1,100200370201
55.83067536313077,1,100200370202
55.33439009460511,0,100200480201
57.27376178350401,1,100200640201
62.43683144011478,1,100200860201
54.34415953664462,0,100200860202
54.51542451345403,1,100201020201
63.94256093491329,1,100210080201
62.94994763743661,1,100210120201
64.6560709827299,1,100210240101
62.0956241416653,0,100210360201
57.55051955879068,1,100210360202
45.61837771575235,1,100210440201
49.0161782767619,0,100210480201
64.47689558179383,1,100211000201
55.95840459582601,0,100220050301
51.87163752125389,0,100220110201
57.08110215402909,0,100220610201
55.95628806576185,1,100220730201
67.5155079822346,1,100220840101
63.48941962269649,0,100220900201
56.0532117599013,1,100220950201
52.9152953113969,0,100221180201
59.95427678954243,1,100221180202
50.30312426692357,1,100221290201
54.490673807569635,0,100221290202
46.09451094847636,1,100221400101
53.50458960732603,1,100230050201
50.130310192759936,1,100230230201
52.04825753771622,1,100230610201
51.184323528387175,0,100230610202
60.590531276410005,0,100230650201
60.20848274275779,1,100230650202
48.17283815168645,1,100230980201
50.878345702282246,0,100231030201
58.78205876828406,1,100231030202
54.013800433536254,0,100240050201
59.69933104090364,0,100240140201
63.75751628996734,1,100240320201
57.11507885119876,1,100240370201
64.31248553612738,1,100240410201
59.19582961852001,1,100240410202
61.822874754656645,1,100240460201
51.90181070068451,1,100240500201
52.51390730140773,0,100240550201
54.49956579208294,0,100240770201
59.63768159387503,0,100240990201
56.61202346198395,0,100250030201
49.88930308549503,0,100250080201
53.145924372702105,1,100250320201
66.80472790412152,1,100250420201
63.60987250550337,1,100250510201
63.713453350957515,1,100250700201
60.70322891141143,1,100250840201
57.10666965251782,1,100250840202
57.832766887449964,0,100250940201
53.86512130327958,0,100251180201
41.38525963512365,0,100260180201
47.240895521343646,1,100260180202
60.30654590221785,1,100260280201
51.55398138089035,1,100260440101
52.70231557185503,0,100260900101
52.85956197448303,0,100261150201
47.807576238196006,1,100270030201
43.52598915198246,0,100270070201
51.89592492247631,1,100270070202
50.84699452914556,0,100270200201
66.95304978164744,1,100270280301
40.752974996105294,0,100270320201
37.21716822624255,0,100270320202
59.57714652433881,1,100270400201
50.95940512867161,0,100270400202
50.31998725371262,0,100270600201
41.81585942722258,1,100270600202
30.394086455442785,0,100270640201
33.97849644186041,0,100270640202
55.49845462321317,1,100270680201
42.42661888314105,0,100270800201
54.39375718370968,0,100280310101
55.34256035433547,0,100280350201
59.17568468168557,0,100280510201
61.311971088430255,1,100280600201
63.30825730239934,0,100280770201
55.39614271682791,0,100280810101
51.538007492592165,0,100281020201
56.17548553353542,0,100290050201
58.082557819006574,1,100290140301
56.82210266543092,1,100290210201
49.36897708010915,1,100290210202
62.85007907409911,0,100290300301
58.23615478591445,1,100290330201
59.77495889224912,0,100290480201
45.81931113241995,0,100290660201
50.81113359328622,0,100290660202
45.52123469964958,1,100300040201
35.32192953476022,0,100300140201
51.25438211606269,0,100300190201
45.263478246295335,1,100300190202
47.749850096815,1,100300290201
53.11273819735539,0,100300340201
60.46965704411958,1,100300480201
38.182994597626646,0,100300530101
35.942530250365735,0,100300880201
52.12520929601369,1,100300930201
57.78704569668221,1,100310670201
56.25079353202356,0,100310730201
48.660263949322676,0,100311110201
56.868138622628756,0,100320010201
58.893134676434116,1,100320070201
55.661036105257494,1,100320120101
55.43876506896196,0,100320180201
56.523637729396306,0,100320350201
52.24173600012585,0,100320520201
58.38577606546468,1,100320740201
63.00927518080923,1,100320910201
38.118984505447074,0,100330010101
50.07655536489646,1,100330040201
44.531468351454194,0,100330070101
48.54338550570393,0,100330170201
51.33297045061538,0,100330210201
53.907097142570905,0,100330380201
56.396410546962194,0,100340020201
57.183190183801045,0,100340130301
51.90065531914326,0,100340900201
40.67358455809763,0,100350570201
43.66946823676472,0,100351070201
51.90582823273989,0,100360140201
49.98613394249274,1,100360180201
49.95936576228795,1,100360470201
48.88719022872574,0,100360570201
37.42956695769167,0,100360710201
33.85234712318753,0,100360860201
37.9201755894447,0,100360860202
45.7608184736122,1,100360860203
49.69761267972563,1,100360900201
40.79490773744611,0,100360950201
60.16243290265967,1,100370120201
58.9235935961674,0,100370390201
61.9849372446972,1,100370570201
48.92381987918767,0,100370570202
55.92632046332088,1,100370620201
58.57030910978385,1,100370800201
56.02734709000283,1,100370800202
55.19504922403803,0,100370980201
53.531566931381505,0,100380080201
52.41140694519828,0,100380160201
59.67331101404322,0,100380200201
57.82790011565621,0,100380590101
55.040827911315645,1,100380740201
56.678699059362934,0,100380940201
53.76804920115892,0,100390540201
38.833748548059354,0,100391040101
44.64577640396851,0,100391260201
42.354359427157135,1,100391370201
50.72384689995407,1,100400080101
51.895759770288436,1,100400180101
51.638620917661456,0,100400250201
61.988610303085565,1,100400320201
51.90799137131353,0,100400350201
58.274321251693586,0,100400390301
52.90265845310929,1,100400390302
58.61141750209419,1,100400450201
57.60660172659906,1,100400450202
58.499570108691515,0,100400490201
60.21580797533411,1,100400560201
54.595042870260315,1,100400560202
58.865179254191524,1,100400660101
59.06834865840957,0,100400730201
58.188143286722095,1,100410010201
44.20068311947829,0,100410070201
56.93223341205435,0,100410190101
58.098779286945174,0,100410230201
61.185937550256725,0,100410230202
59.80887516788825,1,100410260201
54.11433113280864,0,100410290201
61.843355128277224,0,100410320101
63.767202159857014,1,100410350201
62.53488247064847,0,100410380201
33.034664613858354,0,100410410101
52.39797181409559,1,100410690201
43.4464501000423,0,100410690202
67.75129705403387,1,100420170201
55.63473788742565,0,100420350201
62.310144450474816,0,100420400201
59.831848049077664,0,100420460101
54.91281084351112,0,100420520301
56.82933506762094,1,100420580201
61.906632185914205,1,100420810201
53.75111897575177,1,100421040201
53.573465773130906,0,100421100201
61.21345724561726,1,100430240201
50.22594340555927,0,100430290201
30.954779893290137,0,100430340201
34.119587442596156,1,100430340202
46.58298580247482,0,100430480201
68.2137545512026,1,100430480202
60.436878372840404,1,100430760201
56.82962931418826,1,100430900301
51.13229096710264,0,100440030201
58.637226620951964,0,100440140201
63.07810997654339,0,100440170201
58.35922550969376,1,100440170202
62.6384535382952,1,100440190201
55.206974381528795,0,100440300201
54.381315620819436,1,100440580301
55.46896917243935,0,100440610201
55.23728101032913,1,100450100201
56.03274991024223,0,100450290201
50.65744697736592,0,100450660201
58.18247402215671,0,100450660202
55.20162929948461,0,100450760201
54.196871001835454,1,100450990201
63.61898887286063,1,100451040201
62.77009187683665,1,100460020201
60.350194184688135,1,100460190201
65.17522396473655,1,100460190202
66.78508778828132,1,100460240201
59.47952636467937,1,100460280201
54.223645285901284,0,100460460201
55.77715250963211,0,100460630101
54.14791470326932,0,100460630201
42.908340649802206,0,100460680301
59.33570648386417,1,100460720201
54.5628261824823,0,100461070201
61.17051595032743,0,100470100201
52.35051705143817,0,100470290301
64.0608664073656,0,100470550301
49.75189249389261,0,100470580201
62.08732789483363,1,100470660201
57.88454487643643,0,100480020201
57.21713513228473,1,100480110201
57.44088789565711,1,100480370201
58.47290976581384,0,100480410201
44.90207902040043,0,100480460201
59.25264304644497,1,100480500201
60.4569119090807,1,100480500202
42.4340652566657,0,100480590201
44.490980343193556,1,100480850201
64.10349521776331,1,100480890201
56.912633500623585,0,100481020201
52.50122675811156,0,100490150201
56.68026085447741,0,100490220201
39.78091448049873,0,100490250201
57.978541300692136,1,100490420201
45.86567565002515,0,100500010201
50.47951649183113,1,100500180201
57.15262077135637,0,100500210202
54.29802773593575,0,100500240101
49.514401259366515,0,100500240102
43.65607683788777,0,100500370101
61.96520957874276,1,100500440201
54.025625163090126,0,100500540201
56.03907091974938,0,100500570201
54.81088937456226,0,100500700201
58.51656485164295,0,100510110201
64.09197208616976,1,100510110202
59.75860336011046,1,100510200201
49.90019442538835,0,100510420201
53.27459900367082,1,100510420202
58.6660389707776,1,100510540201
54.0663172764093,0,100510560201
52.893927170176184,1,100510590201
36.59718967041906,0,100520220102
46.078835441675196,1,100520350201
44.785895266198985,1,100520350202
37.26210761272164,1,100520350203
13.018110356677303,0,100520390201
23.504733449184293,1,100520390202
17.56808577385751,0,100520390203
31.7937985117612,1,100520440201
31.429996510276354,0,100520440202
31.05777271062259,0,100520480201
29.034812883270515,1,100520480202
52.20131827965781,0,100520530101
46.880458504999936,0,100520530201
51.852018533883744,1,100520530401
48.39013745173604,0,100520570201
45.759612541031046,1,100520660201
41.01198394894451,0,100520700101
34.93343720339519,1,100520790101
29.19009736061939,0,100520920201
57.215210166195334,0,100520970401
48.84610066093755,1,100521050201
39.9192267376608,0,100530120201
47.60894073651606,0,100530440201
58.9375182137786,0,100530500201
57.61146410787177,1,100530600201
51.32285786790189,1,100530870201
36.70033536799806,0,100530930101
37.878454805504326,0,100530930102
52.946016169155875,1,100531200201
62.58986595146576,0,100540060201
63.24039357964331,1,100540060202
55.61551459082636,0,100540180201
55.254325071661505,1,100540270201
59.49618396152759,1,100550010201
56.63587926157049,0,100550070201
57.632554859963754,0,100550750201
64.70866407613974,1,100550750202
63.4704229086894,1,100551280201
57.502203118465125,0,100551280401
56.33475322625735,0,100560340101
58.83083334284805,0,100560340102
60.35056013094922,1,100560400201
39.61984854295592,0,100570140101
25.091984553727187,1,100570340201
28.566058927639247,0,100570650301
43.66007244089023,0,100580300201
47.2156104712547,0,100580440201
39.21324589292811,1,100580790201
27.43788607517811,0,100581070101
21.92142329605104,1,100590260101
41.250152240428925,1,100590300201
41.75717013911177,0,100590390101
39.01075695621603,0,100590450301
32.01026587892704,1,100590490201
38.58831496017604,1,100590490202
40.647663570170764,0,100590680101
62.18825981993761,1,100600240201
57.0631857312667,0,100600320201
45.57777372100454,0,100600470101
57.613881961072835,1,100600770201
62.042632445492664,1,100600800101
60.01235869645119,1,100610030301
52.64792603342959,1,100610080201
47.12322370486136,0,100610210201
37.44352883377168,0,100610480201
31.675273665096434,1,100610520201
31.586641293741685,0,100610650201
25.819905891177527,0,100610700201
39.78364728623043,0,100610960101
32.037180575944774,0,100610960102
48.439538539846076,0,100620010201
29.809170068075353,0,100620190201
51.78209999437076,0,100620250201
27.505190308830592,1,100621090201
32.76426532017111,0,100621090202
50.61707362839288,1,100621420201
47.49065922337726,0,100621510201
26.803617906125137,1,100630070201
36.471060464985115,0,100630230201
38.73375864304893,1,100630380201
29.987803329166738,0,100630590201
36.757858487010445,0,100630590202
25.44802037504614,1,100630690401
19.784547294835214,1,100630690402
54.12258243071738,1,100630910201
37.744340019195825,0,100631500201
40.98926543205241,1,100631500202
26.78804354141871,1,100631550101
37.7388673197817,0,100640110201
48.41148566504041,1,100640210101
37.898631764269446,1,100640450101
35.57684616714515,1,100640480201
30.540405372392232,1,100640480202
28.26138959715754,1,100640550101
16.540091210423807,0,100640550102
30.60840843982471,1,100640790201
26.378773559558798,1,100640790202
36.63761630338939,1,100640830201
57.34135293723481,0,100640860201
31.45127370333828,0,100650140101
36.70993789610226,0,100650220201
36.44701954311074,0,100650220202
49.20182080322126,0,100650230201
47.362522605081075,1,100650230202
33.749698350527574,0,100650290201
50.06948485560122,1,100650330201
34.12102620394725,1,100650370201
36.64094312050906,1,100650380101
51.69669366421165,1,100650400201
54.80155406522451,1,100650420201
39.97098799418529,1,100650430201
47.67500653064915,0,100660040201
42.919858171023755,1,100660070401
45.365235880560256,0,100660070402
51.10313601606108,1,100660090201
30.347782835200174,0,100660130101
37.880710882941194,0,100660200102
47.33468827891852,0,100660240201
42.37072626049301,1,100660260101
51.46749766297252,0,100660260102
43.96724827957165,0,100660350201
50.663362860875836,1,100660400101
68.48517903900228,1,100670010201
49.90899712277366,1,100670070201
48.70875042523855,0,100670070202
63.65889660110737,1,100670300201
54.493134348433244,1,100670300202
42.12946270111411,0,100670510201
45.91060900680363,1,100670510202
53.426601531138836,1,100670510203
22.69462330603919,1,100670660101
43.35281302831917,0,100680120201
51.31291946189597,0,100680160101
48.88232378570265,0,100680160102
28.732634198160344,1,100680960201
26.190737985325605,1,100690150201
21.938953549343132,0,100690210101
28.784434510416553,1,100690280201
42.08011935510477,1,100690320301
29.842637586084464,1,100690370101
21.942911679345315,1,100690370102
26.200572117706944,0,100690590201
31.063552740076602,0,100690590202
32.938755184665766,0,100690590203
31.973364415786634,1,100690660101
40.70423517585086,1,100690700201
28.35530888885571,0,100690750101
46.797723682592796,0,100690860201
42.23757353558705,0,100691100201
58.29256957004796,0,100700450201
53.55638758726635,0,100700450202
67.39802038259307,1,100700540201
35.87182797852121,1,100700950201
44.0045045326932,1,100701270201
23.923321470138145,0,100710140201
40.43921445355636,1,100710490201
53.18713917120282,1,100710490202
20.34983341696829,1,100710970201
17.654298443958137,0,100710970202
49.36286374982133,1,100711040201
24.161241197126163,0,100711300201
51.758183193346504,0,100720210101
22.29546078510542,1,100720300201
54.9247519540079,1,100720340101
51.63808089110277,1,100720340102
22.907315169664063,0,100720600201
21.921053112920475,0,100720710201
25.962269167473295,0,100720750101
49.97964949659524,0,100720860201
30.95637233750832,1,100730180201
36.87370191819727,1,100730180202
24.521753061277042,0,100730210101
40.37273657838501,0,100730280201
26.87194037938541,0,100730450201
29.218923892878458,1,100730510201
20.85340615219757,1,100730510202
41.53335061743585,1,100730610201
36.23069077158892,1,100730680201
31.63013993500411,0,100730680202
17.061932474823955,0,100740620201
20.41530034275216,1,100740680201
18.38381416879161,1,100740730101
20.622598542316993,0,100741260201
33.8448434438552,1,100741350101
26.907260491580427,1,100750120201
26.4278613896288,0,100750120202
28.294156989475816,1,100750160201
19.15896179593797,0,100750420101
33.90833790778571,0,100750620101
35.09874077140942,0,100750620102
30.71918515030326,1,100750660201
39.176974842598895,1,100750660202
23.261882694512714,0,100750700301
59.79259557802502,1,100750940101
60.40500660822834,1,100751000201
26.800504202911352,0,100760020201
25.551741531371242,1,100760330201
40.714625035907055,1,100760380301
42.58340699627131,1,100760550201
33.88625340690793,0,100760550202
30.31322066868279,1,100760660201
34.81827367091025,0,100760830301
35.27273865611796,0,100761020101
37.62962649748719,0,100761020102
49.29794320099548,1,100761080201
44.25092747063413,0,100761080202
39.13965975536522,0,100761470201
41.49196469235482,1,100770040201
18.89982438157456,1,100770080201
46.45552342234021,0,100770210201
58.1685869153711,0,100770210202
37.481580452345376,0,100770340201
33.38983797144407,1,100770450201
43.087129204346795,1,100770450202
40.90771835593015,0,100770490101
27.509864860222798,0,100770490102
36.84991834973457,0,100770750201
38.37933807853882,1,100770790201
32.200206063075434,0,100770790202
34.243408772576046,1,100770870101
39.94976873116683,0,100770930202
30.794829135691465,0,100770930203
27.357033181829898,0,100771090201
44.82828905064203,1,100780810101
58.77577411099368,1,100780950201
33.06752121811429,0,100781010101
21.54920697968671,1,100781010102
49.236870719079285,0,100781140201
47.55232618293492,0,100781140202
42.555602637957875,1,100790280201
54.00868193609034,1,100790530201
30.07236157600806,0,100790720201
42.94044474660912,1,100800140201
39.2009834590634,1,100800230201
46.538122933472295,1,100800270201
46.07123514331979,0,100800270202
27.362937730815343,0,100800340201
36.68933112518907,0,100800370101
30.95783648822401,1,100800550301
39.373635603889305,1,100800620201
33.689458957934484,0,100800740201
22.983449296781824,0,100800960201
58.387035137031326,1,100810070201
54.64497377545807,1,100810230201
58.440825509538456,1,100810230202
50.554199195290494,0,100810400201
41.18930204791857,0,100811090201
46.95567539939538,0,100811240201
52.301708006371236,0,100811400101
33.630984497387665,1,100820190101
45.452839740896444,0,100820270201
39.20213842717272,0,100820310302
36.44451589953987,1,100820390301
33.45914673133798,1,100820390302
38.67447865594216,1,100820390501
47.41407844625435,0,100820470201
33.58364323760435,1,100820870201
41.61498752333324,1,100830500201
49.06734674453622,1,100830590301
36.084569881513545,0,100830800201
45.97351220745856,0,100830820201
52.93470565206877,1,100830820202
50.63071381067252,1,100830910201
36.65479303148798,0,100831080201
55.76470891985675,0,100840310201
65.41231907816194,1,100840310202
41.71659151830153,0,100840350101
58.913302984408304,1,100840480101
55.96449903804659,0,100840550201
45.92888917700881,0,100840710101
69.27474536479859,1,100840750101
55.34348334383691,0,100840750102
44.85774540199298,1,100850390101
27.882941866193473,1,100850530101
53.46236020484991,1,100850710201
41.17974090620061,1,100860110201
41.60059614736507,0,100860180201
28.03654372333133,0,100860330201
21.563839045945787,1,100860330202
37.53111591433499,0,100860810101
35.982570266342556,1,100860810102
47.516314797512415,1,100860860101
48.46741134493711,0,100861000201
37.92794484772098,0,100861000202
44.48002057499324,0,100870020101
30.86097030432992,1,100870110101
56.68196244005003,1,100870230201
36.29113263874316,1,100870270101
31.06894887881427,1,100870340201
51.29737107714501,0,100870470201
15.503102283668978,0,100870700201
16.374752213480555,0,100870700202
30.754337084364266,0,100870910201
23.10469770616862,0,100870960301
31.25131225070644,0,100880030201
45.99190254653791,1,100880190201
37.68640258600856,1,100880190202
27.22263565951347,1,100880250401
33.32832382692499,1,100880320401
40.09964084033065,1,100880350201
52.300753413249474,0,100880420201
19.92702036611175,0,100880750201
29.631864307975214,1,100880850101
30.142496304818124,0,100880860201
32.50587373599311,0,100880860301
44.56779162909615,1,100890260101
45.14182281903857,0,100890570301
45.422886779717004,0,100890920401
40.09624455864921,0,100890920402
43.982458004460966,0,100890920601
34.43232667427946,0,100891150201
60.39639937724001,1,100900030201
55.343559460532475,0,100900030202
47.473932671386834,1,100900110201
59.82065847318057,1,100900190201
51.818786009184436,0,100900230101
62.83589760448905,1,100900270201
56.898593976359464,0,100900510201
53.87623043381779,0,100900590201
58.60455729715556,1,100900790201
61.35943700852664,1,100900830201
59.20129042050329,0,100900870201
42.11651964684254,0,100910100301
31.21010406104047,0,100910150201
11.615855165809075,0,100910580201
45.451612284336385,0,100910850201
47.65005733081742,1,100920250201
49.10463516702558,1,100920300101
40.79637984835891,0,100920400201
31.3670686046227,0,100920690201
48.675459912115016,0,100920890201
41.76364014322286,0,100921140401
55.57848604447738,1,100921190201
51.820210952463476,1,100921240201
44.729982125337706,0,100930170101
32.66703434972494,0,100930240201
34.52450064280565,1,100930380201
45.444229399983165,1,100930460201
30.43621638418796,0,100930460202
46.24844243695548,0,100930670101
50.33603350637743,1,100940160201
45.27460712417998,0,100940160202
57.86649998903399,0,100940190401
39.016059299785134,0,100940220301
57.52483676931118,0,100940690201
62.707218622705874,1,100950050101
57.85700895963063,0,100950080201
45.72819583685139,0,100950110201
60.34878228079332,0,100950290201
63.25662879935542,0,100950350201
47.80276460217899,0,100950440201
46.17280874708833,0,100950440202
50.902759911789325,1,100950470201
45.318188176936374,0,100950530101
57.73200670193582,1,100950680201
61.971571446770746,1,100950680202
54.52498625824413,0,100950710201
31.5808997944185,1,100950740101
44.594732651021125,1,100960060201
43.47382330178633,1,100960300201
57.0240194007827,1,100960360201
33.4881537031972,1,100960380201
26.418035894459152,0,100960380202
16.940232221159427,0,100960410101
39.583686657788135,1,100960440101
39.80024189453761,1,100960440102
47.2489237738317,0,100960550201
43.18687865529747,0,100960570201
45.44688012134759,1,100960680301
30.307043999508725,0,100970030201
43.2326681868684,1,100970290101
57.72035274278135,1,100970330201
35.96081321480228,0,100970410201
36.6108371155803,1,100970450201
46.667527041749004,1,100970490201
45.884096422989884,1,100970560201
54.93913768623832,1,100970560202
21.59118029656274,0,100970640201
39.629046753730734,1,100970720301
24.313982080172714,1,100970870201
46.061539811388826,1,100980010101
52.690914399921986,1,100980020201
39.90937395028762,1,100980050201
27.994252609794383,0,100980110101
57.9401807598653,0,100980120201
32.48289460160065,0,100980130201
31.22182834124201,1,100980140201
34.99217030151383,0,100980200201
49.75104776399684,1,100980210301
52.79542607727059,1,100980210302
28.98908777289719,1,100980230201
39.59634168686423,0,100980240201
59.67329541773819,0,100990050201
59.47878873875102,1,100990110201
62.91836527555806,1,100990140201
49.37717322694812,0,100990220201
64.42028049462188,1,100990280301
54.94311136632954,0,100990310101
57.97806414010432,1,100990330201
60.22176831332434,0,100990390201
55.872915099462126,0,100990480201
60.21511507691771,0,100990670201
57.27191595006093,1,100990670202
59.648513257280705,1,100990700201
35.66807116507955,1,101000130201
36.331026818254784,0,101000340101
35.97059341243807,0,101000440101
28.803156644397472,0,101000560101
24.963166225887402,0,101010240201
37.03776364856114,1,101010310101
33.262310319797535,1,101010400201
45.50692332696009,1,101010560201
56.15197262415374,0,101020220201
42.56951198433456,0,101020300201
36.776864553996795,1,101020340201
38.28266930069163,0,101020450201
53.28477640844386,0,101020490201
39.71037512047928,0,101020680101
28.436994578234234,1,101020760201
57.02700749913215,1,101020840201
43.16989544832823,0,101030270201
41.799980119245376,1,101030350201
52.550170560269514,0,101040100201
68.39041777975531,1,101040140101
60.05442494431148,0,101040190201
56.34082664266787,1,101040280201
55.589932238775,0,101040370201
58.09103708790995,0,101040500201
57.06982239229996,0,101040640201
60.37903901095037,0,101041090101
31.496475620616668,1,101050120201
50.243317776392416,1,101050360101
55.307320698934085,1,101050500201
47.964653517576586,1,101050530101
44.82678363102484,0,101060100101
42.4654720222298,0,101060720201
31.40228902110303,0,101061180201
60.39653087567085,0,101070010201
46.85904687246239,0,101070440101
60.847209953246285,1,101070610201
43.35040633977274,1,101070950101
39.29804415330368,0,101070950102
16.634021757551757,0,101080010101
58.705308369347065,0,101080080201
45.1585809349535,1,101080130101
41.16816261394515,0,101080160301
53.75456885668737,1,101080400301
40.81691585682073,1,101080450201
49.423172947994004,1,101080470301
59.84296650379432,1,101080500201
24.145389097203314,0,101090120301
49.991707194108294,1,101090230201
24.442978791456483,0,101090270201
40.070629091664024,1,101090730201
37.34655164816479,1,101090730202
43.75245988260207,0,101090810101
44.93903692927539,1,101100170401
58.22187588708523,0,101100280201
59.54524476797548,1,101100280202
8.491834177779284,0,101100460101
40.570015330507026,1,101100860201
32.91185803639294,0,101100900101
38.361224905255625,1,101110210101
26.213810092793,1,101110460201
23.581838929062524,1,101110460202
37.841678129486574,1,101110590101
47.56359447470426,0,101110630201
52.906883181837706,1,101110670201
60.53074732096857,1,101110710101
64.87057898688585,1,101110710102
48.31144055584878,1,101110760201
44.79093840138524,0,101120040201
14.233706870803237,0,101120420101
16.975832241980235,1,101120420102
47.804279540459326,1,101120490201
25.0324319106189,0,101120600201
24.148188526137837,0,101120600202
26.41355335608953,0,101120600203
26.63226906775126,0,101120780201
40.88361347681734,1,101130050202
30.14240674125903,0,101130180201
47.24565622320696,0,101130310201
21.98102291871589,1,101130530201
23.86141396759176,0,101130530202
47.67583584457769,1,101130700201
22.42322328139182,0,101130790201
39.401918303686124,0,101140240201
49.534556916490224,1,101140240202
14.318265818086735,1,101140470201
25.907268811105887,0,101140650301
47.8247305927734,1,101140870201
62.82721606177909,1,101140920201
40.5937057708239,1,101150030201
42.33803737713397,0,101150030202
46.06660665810374,1,101150030203
40.77404310412294,0,101150240201
38.82153909182152,1,101150280201
34.24908030547897,0,101150320201
36.716791565481074,0,101150320202
52.074850385916825,1,101150350201
55.60088254145528,1,101160010101
63.636264480008165,1,101160040101
51.73327510328634,0,101160140101
52.4643780658507,0,101160200201
68.58018852011215,1,101160270201
52.06581299084556,0,101160300201
45.339148373854975,0,101160360201
51.52185201319964,0,101160360202
48.17952665990833,0,101160590301
56.01036444110142,1,101160690201
42.8197389482319,0,101160720101
30.37067651842156,0,101160750201
50.92489521291209,1,101170050201
22.601494073958598,0,101170140201
40.41686456898416,1,101170490201
50.68463067248978,1,101170490202
31.86128874846105,0,101170670201
57.98996534548877,0,101170710101
36.28976093340531,0,101170770201
38.99446955221534,1,101170770202
52.26292829402228,0,101180080201
56.2136147038164,0,101180100201
52.701126328798495,1,101180130201
56.184973219417564,1,101180180201
54.047654772371104,0,101180260301
57.87198732007906,1,101180260701
59.13054262974579,1,101180320201
57.527054906560586,1,101180350201
58.14107946468537,1,101180370101
63.3474784870344,1,101180450201
58.79223300163485,1,101180530201
57.65351652865408,1,101180560201
56.36512891494319,1,101180640201
59.24881314291339,1,101180640202
62.197828637148746,1,101180670301
58.03059897373048,0,101180670401
65.00960279269196,1,101190160201
52.72221292681845,1,101190710201
20.672755085829316,1,101190770201
54.534672472656126,1,101200420101
65.38467528385776,0,101200490201
54.394971985298206,0,101200640201
50.40719957840331,1,101200710201
33.81639104488564,1,101210030101
43.78662262869454,0,101210060201
50.89311345913528,1,101210060202
54.32723453488161,1,101210280201
55.37110933011685,1,101210420201
22.44661176034651,0,101210680201
60.34708445171595,0,101220170301
53.48084578262625,0,101220190201
60.79362270948854,1,101220220201
57.221295041886044,1,101220250201
65.59824893674981,1,101220380201
54.9773877332765,1,101220440101
62.062022362133845,1,101220570201
55.23405936545527,0,101220650201
50.313921793713725,0,101230140201
56.209031635150154,0,101230210201
31.451208842502325,0,101230280201
56.75100807167391,0,101230310301
59.729840734820776,1,101230340201
33.843851270312,0,101230510101
53.62260883875535,1,101230550201
45.54215545204457,0,101230550202
51.74599392306253,0,101230620201
60.39349883714187,1,101230680201
55.397971560397586,1,101230680202
53.49449107563028,1,101230790101
65.43959700897075,1,101240300201
63.09586870328407,0,101240480201
50.17794855075638,0,101240720201
27.11530465748378,0,101250200201
49.940456828991856,1,101250240201
30.62136788625839,1,101250280201
25.35283375323171,1,101250540201
35.10842334093046,1,101250730201
40.92237163172764,1,101250880201
45.48581119048134,1,101260100201
48.086184177041524,1,101260180201
24.69125742954548,1,101260250201
36.65278586156953,0,101260290101
33.279233174099794,1,101260320201
37.00069613189409,0,101260400201
48.65953716932992,0,101260450101
34.70210687062263,1,101260630201
37.440252083421605,1,101260710201
28.630260013823076,0,101260740201
20.405782153199258,1,101260840101
45.898274593908404,0,101270020201
45.831069634796364,0,101270020202
16.042702403592905,0,101270350201
38.21377689754667,0,101270370201
22.839321816777954,0,101270490101
14.165119812785854,1,101270710201
37.939090227805764,0,101280020201
13.013163489031037,0,101280100101
15.216155147643853,0,101280180101
39.69488163545907,1,101280300201
36.344457740844106,1,101280340102
40.24479160251674,1,101280690201
26.299624728360502,1,101280810201
25.233046488456814,0,101280880101
34.140663667773865,1,101280920301
34.2125205644456,0,101290120201
36.77983672481194,1,101290260201
24.55402492842564,1,101290340201
52.93406870816331,1,101290430201
20.292825648515603,0,101290460301
33.69121794452347,1,101290460302
30.568830504839376,1,101290630201
15.33987923646603,0,101290660201
15.332375183765462,0,101290660202
55.07358953234976,1,101300430201
30.521775985498195,1,101300880201
51.857072148273794,0,101310150201
65.73679867338046,1,101310230201
60.26559096394647,0,101310340201
55.36265867277456,1,101310380201
60.4539160458763,1,101320170101
58.74328557342069,0,101320190201
41.49580887498769,1,101320340101
66.23080309481148,1,101320840201
18.81051628701012,0,101330050101
23.677671246296683,1,101330050102
14.343898068448212,0,101330090201
14.593407418013935,1,101330300201
39.781982715489775,0,101330340201
18.435114739312635,0,101330560201
18.657967964797134,1,101330560202
37.55582492402843,0,101330740201
26.284672797156574,1,101330780301
39.1955602642217,0,101330950201
41.62718009370921,0,101340650201
24.210542506944723,1,101340810301
30.096399508797884,0,101350100201
40.47112628225748,0,101350380201
32.884147377150896,1,101350620201
39.516010794085126,0,101350730201
32.50506731574192,1,101350780201
25.80564776937189,1,101350830101
38.66275826426693,0,101351180201
47.440795589180055,0,101351230201
48.88494740164903,1,101351230202
31.040634036147186,1,101351400201
52.64101071302746,0,101360020201
53.24244920034377,1,101360050201
54.99765858254101,1,101360070201
49.9337934510148,0,101360110201
63.61896835356653,1,101360130201
47.03379709460684,0,101360220101
60.550563968447314,1,101360280201
26.673543458596903,0,101370060301
47.43470555775622,0,101370100101
42.24097742620372,0,101370340101
23.60209347961595,1,101370520201
44.6802111167274,0,101370550201
42.01760414239013,0,101370580101
42.40274795831843,0,101370650201
38.3019977200496,0,101380520201
43.22271539120183,1,101380860201
40.945262254785405,0,101381020201
37.02406151037506,0,101381340201
25.809496967939673,0,101390040301
26.248114285625203,0,101390040401
54.23729953052877,1,101390060201
29.039839013531893,1,101390090201
42.84553544752477,0,101390300201
38.13686519806553,1,101390370201
34.19497191837931,1,101390490201
33.280720576918824,0,101390540201
53.05926299110138,0,101400450101
62.80492667489293,0,101400470201
55.4956806314482,1,101400470202
56.43781176172096,0,101400540201
48.39106152173616,1,101410050601
34.30456791062737,1,101410160101
43.52799809203325,1,101410270101
46.187034345937974,1,101410300201
35.10529745400078,1,101410330101
34.77848336268896,1,101410330501
21.455543100257902,0,101410690201
48.655965912092185,0,101420420201
47.15479171648723,1,101420630201
60.555488221420234,0,101420750301
49.48898243936204,0,101420790201
46.986061160784246,1,101421060201
58.193310306929185,0,101430130101
31.229439256191093,1,101430350201
33.38957073393997,0,101430490201
30.25846650550346,1,101430730201
28.334229169858325,1,101440080201
43.004755238273155,1,101440100201
51.614214830641835,1,101440410201
26.26021612746284,1,101440500101
44.65571672759494,1,101450280201
52.36120733576133,0,101450330201
35.44960000098728,1,101450390201
19.593393542088503,0,101450530301
40.54446582667202,1,101450620201
52.61430533968231,1,101460200201
44.96607108542222,0,101460280101
36.43247565527223,0,101460360301
56.03047867390514,1,101460460101
46.41773676167675,1,101470630101
58.03279261872849,0,101470670101
39.07282459082812,0,101470720301
50.906730030211264,0,101470820201
33.012320799851516,0,101470920201
28.31066015086525,1,101480030101
59.554297251410404,1,101480390101
59.98403205065796,0,101480530201
59.16036495444321,1,101480530301
64.33967842695384,1,101480730201
61.783629881211056,0,101480910101
21.667534250435235,1,101490080201
49.71865367289477,0,101490200201
45.382468334074865,1,101490410201
62.03763920768224,0,101490440201
39.79244805782505,0,101490470201
37.839795536179906,1,101490530201
28.710235566556666,1,101490720201
22.65063262244059,0,101490720202
52.15834468901482,1,101500110201
51.13002793999673,0,101500160201
61.83461101765747,1,101500210201
50.67935136277939,0,101500390301
61.7056196528322,1,101500510101
47.79653505193235,0,101500620201
44.06143390676757,0,101500620202
56.29788920585647,0,101501000201
57.59779942792481,1,101501140201
65.30785473788274,1,101501210201
49.28973083126016,0,101510080201
38.20997108426896,0,101510160201
32.70884693073221,1,101510560201
38.78763597574004,0,101520010201
41.93896544334615,1,101520030201
51.52240761032729,0,101520060201
39.87533108058196,0,101520490201
52.13676912907007,1,101520540201
42.02127702537653,1,101520600201
38.50539234766392,0,101530060201
34.28459138310962,1,101530110201
31.44853196735054,0,101530340201
38.466638890191284,1,101530470201
23.977880446883418,0,101530570202
35.55341578576906,1,101540290201
28.418365287190223,1,101540340301
48.033798306206435,0,101540600201
45.74274677416682,1,101540600202
37.10253787325111,1,101540750201
23.56286437523577,1,101540800101
22.011562392607654,1,101540800102
36.29822510231748,1,101541010201
44.14753305907141,0,101550080201
50.09725399499608,1,101550650201
50.36571485015486,1,101550690201
35.099784651370996,1,101550750201
24.903449412299512,0,101550750202
28.928273061654505,0,101560020201
54.58637490222905,1,101560360201
54.770801459784735,1,101560400201
25.057207748935543,1,101560470201
58.401140255748906,1,101560510201
26.21857159480681,1,101560580201
21.08402844276688,1,101560580202
30.05272437194234,0,101560730301
37.04804699243933,0,101560880101
38.157286284450905,0,101560920201
46.21207045071153,1,101570030101
38.518277149373695,0,101570070201
49.56262248947532,1,101570350201
59.525357034083456,1,101570470101
42.39662223964955,0,101570640201
57.27061566311924,0,101570780101
51.88661798596853,0,101570810201
43.53392633576097,0,101570940201
61.38641401090621,0,101580010201
60.55738799463892,0,101580060201
61.07611889361492,1,101580060202
61.22945270608068,1,101580260201
61.996077579155425,1,101580260202
57.28997535985204,0,101580560201
52.9747163856813,0,101590240201
45.840862839419465,0,101590280101
56.05120983588457,0,101590320201
54.006812857156206,1,101590340201
62.66106582424753,1,101590360201
58.72982064053672,0,101600090201
60.55220354313406,1,101600130201
55.909269099561925,0,101600240101
61.76816134429494,1,101600280101
44.88742393914977,0,101600430201
54.802084129221484,0,101600660201
35.993563194038735,1,101610400201
35.8776702847021,1,101610470101
6.612040752325097,0,101610500201
36.18091395259682,1,101610640101
25.200978435835403,1,101620080201
34.82931169514312,0,101620250201
56.11763688900213,1,101620400101
50.956826677326994,1,101620430201
44.13070141749329,1,101620520201
16.037209487190623,0,101630080201
36.58506102534098,1,101630470201
28.65736211481763,1,101630470202
48.06899750442016,0,101630630101
33.15307753790573,1,101630740101
58.96472870196064,1,101640060201
45.32878992328533,1,101640110201
42.00828013121746,1,101640330201
47.13399393185637,1,101640540201
31.790611564942807,0,101640580101
40.764450874258465,1,101640580102
34.99236470667399,0,101650010101
33.40153659254041,1,101650130101
13.96993070871812,0,101650170101
22.759003413276993,1,101650170102
40.85858235493516,0,101650180101
30.86384537652228,0,101650360101
34.85194192034212,1,101660330101
24.586144026864687,1,101660330201
49.580305529936055,0,101660430101
35.53544154504411,0,101660540201
40.91778316627361,0,101660840201
41.44362438250053,1,101670030201
42.46065316713805,0,101670160301
50.5837164651458,0,101670330201
51.40457196300573,1,101670370201
58.010254772133194,0,101670450201
46.46372332258156,1,101670540201
40.65446527287858,1,101670660201
30.638871482288383,1,101670830201
30.317981547468406,0,101670830202
41.28330405540471,1,101680070201
52.045437699207824,1,101680120201
38.620587703046795,0,101680380201
38.37691803832689,0,101680560101
50.82555210993975,1,101680730201
44.892064051579524,1,101680820201
36.2891416726887,1,101690180301
32.42279458237582,1,101690420201
25.385536017920245,0,101690420202
36.77628611485611,0,101690590101
42.40873870326888,0,101690630201
37.918613906433826,1,101690710201
30.198149183647253,0,101690840101
47.80197303472581,1,101691000101
37.9328961816476,0,101700930201
49.984370716646126,0,101701020201
36.519838851227796,0,101710130201
31.93419676474991,0,101710360201
43.42286610356229,1,101710410201
37.53096703874585,0,101710410202
66.91873161018063,1,101710580201
53.93169263646212,1,101710970201
33.37199801451865,0,101720020201
27.90378989219771,1,101720040201
24.42367758396386,1,101720090201
22.2490487675448,0,101720090202
28.94164317021106,0,101720110101
25.005770501290513,1,101720210201
45.52611906410778,0,101720330201
52.32251887050634,1,101720330202
14.114546989573938,0,101720420201
9.815815410321797,0,101720420202
54.91922534611826,1,101720590101
62.8669593223549,1,101720590102
45.845897384407195,0,101730030201
41.45584937136302,1,101730140201
47.609254388318824,1,101730180201
34.8395582919136,0,101730280101
36.53570161067997,0,101730280102
43.062720308444774,0,101730280103
33.20065791384596,0,101730360201
58.879836872814224,1,101730540301
41.33115518706893,0,101730680101
10.340676115458326,1,101730790201
13.35665677958795,0,101730790202
26.404970070325582,1,101740020201
29.915622107973036,0,101740160201
47.710567654824175,0,101740300301
46.10097819642969,0,101740390201
58.75877353377137,1,101740630201
44.15412898330286,1,101740720201
28.587356647300417,1,101740810201
11.728324325797315,0,101740860201
45.57329575259194,1,101740910201
37.798859577012045,1,101740950201
54.36948238520847,0,101741090201
50.47752384150494,1,101750310101
39.559430438482096,0,101750440101
31.110937929255993,0,101750840101
29.598940987760592,0,101750840102
13.26316530125309,1,101760030101
55.54746310431379,0,101760070201
54.14282032428154,0,101760150401
43.786894862865644,0,101760460301
47.602490809794105,1,101760540201
53.8924704612703,1,101760580201
50.24993280484941,0,101760810201
49.35047944092598,1,101760890201
43.61300177533155,0,101760890202
53.92954253616788,1,101760970101
55.360498577784746,1,101770100101
47.76043575792217,1,101770480201
26.625678754142548,1,101780190201
17.660102693279086,0,101780350101
56.84116578797124,0,101780380201
36.28766721332585,0,101790010901
41.88498612872443,1,101790080201
11.308897337804254,0,101790200201
44.81609977030108,1,101790320201
24.866906302524065,1,101790370101
34.42745853662512,1,101790460201
31.356592465626456,0,101790460202
28.272551344830248,0,101790460203
26.42226386057823,1,101800090101
39.08137750521059,0,101800200101
21.73411397358427,1,101800600201
35.09236596875826,0,101800700201
29.299658680677336,0,101800750501
20.97282226181916,0,101800750502
46.253272130514475,0,101800800201
31.450785471294406,0,101801000201
53.1173436514847,1,101810120202
54.49632613789571,0,101810340201
55.994334608485794,1,101810520201
61.55310425971526,0,101810610201
51.243134309470456,1,101810610202
59.351398976359775,1,101810800201
34.962092769583805,1,101820100101
16.147328923803343,0,101820170201
18.68816740709829,0,101820170202
36.35570825528811,0,101820210201
48.1228365245014,1,101820250101
18.10961965007558,0,101820280201
34.80133094793351,0,101820320201
48.423809997477626,1,101820360201
34.46889466470083,1,101820360202
37.925571486273256,1,101820430101
51.10121461085294,1,101820690101
49.5520020760018,0,101820690102
41.46973320559485,0,101820730201
37.66757844882096,0,101820770101
50.90670075939734,0,101820800101
10.383061003083602,0,101820840201
18.168902517680458,0,101820840202
48.282521935383286,0,101830030201
40.03165627595367,1,101830150201
55.9332717557639,0,101830190701
55.37251926612366,1,101830270201
64.57314835365874,0,101830510201
33.95861699552214,1,101840110201
26.997872072706773,1,101840340201
26.335370480679398,0,101840340202
29.582141993698855,1,101840450101
29.518626456679918,1,101840650201
25.04004837117826,0,101850010301
50.74944806660755,1,101850050201
50.7162428470411,1,101850230201
26.318047258339533,0,101850380201
28.169149498855106,0,101850780201
33.829962683811424,1,101860270201
31.29736439827878,0,101860420101
17.028187283981516,0,101860470201
24.32824485883896,1,101860470202
34.741494110671454,1,101860670101
36.607400997222456,1,101860720101
14.071082126520166,0,101860820101
22.63254105341649,1,101860820102
29.105370525538383,1,101860870201
28.839431511424134,1,101860870202
24.670233076204315,0,101860870203
20.179478715154495,0,101860870301
52.42413577586318,1,101860910101
37.47830762159097,1,101861010101
29.688085079351612,1,101870060101
21.24745625081696,0,101870090201
62.258185492427074,1,101870160201
39.16105157011808,1,101870200201
16.717261466396423,1,101870260201
25.161084755069027,0,101870260202
44.282443899061555,0,101870330201
43.62209903385118,1,101870400201
30.95008777619551,0,101870430201
20.277726050503972,1,101870500201
29.234901721040487,1,101870570301
19.344459805929027,0,101870570302
19.59652708795482,0,101870570401
32.98582440652146,1,101880310201
20.227951232955768,1,101880350101
20.61389046697855,1,101880350102
25.8581505010226,1,101880470301
27.582337048356266,1,101880470302
47.00953932719206,0,101880710201
34.02904017607832,1,101880830201
45.07814568937331,1,101880910101
26.55998033876124,0,101880990201
51.214848204812675,0,101890100201
35.693466251156174,1,101890230101
46.408002150721046,0,101890670201
73.09428406822349,1,101890890101
49.172226499035595,1,101891070201
54.276349889072414,1,101891070202
33.61618319572021,0,101900390101
44.47220023912256,1,101900620101
37.2709122150768,1,101900770101
37.656828958504434,1,101900860201
34.07985574855593,1,101900860202
20.044411305326896,0,101901100301
52.63937421645425,1,101910080201
52.4342947775268,1,101910190101
47.2416186041781,0,101910460201
52.567019566174885,1,101910460202
49.21186594548386,1,101910570201
35.68966592286682,0,101910630101
48.360174894643656,1,101910900201
63.63038648422918,0,101911120201
38.06857926620463,1,101920020201
32.60908056178726,0,101920340201
27.32750018043994,0,101920420201
25.755681774326042,0,101920460301
22.255550105343843,1,101920820401
49.10569153301336,0,101930010201
47.939329734776166,0,101930280201
48.494221199819386,0,101930360201
45.45977606246165,1,101930580101
59.40274933994118,1,101930630201
48.651748286325585,0,101930660101
54.33549707908958,0,101940170201
55.11012978449737,1,101940290201
55.176822929667296,0,101940390201
53.64521391642549,0,101940450101
63.45770616783146,1,101940510201
54.447030764256475,0,101940510202
56.578980137202706,0,101940600201
58.90389689958798,0,101940640101
51.79257407990961,0,101940730201
60.78082272210347,1,101950250201
63.30999547909003,1,101950350201
42.22700610641195,0,101951000201
65.70913494938642,0,101951150201
57.75524954431153,1,101951200201
53.277729365511746,0,101951250201
50.840384195110275,1,101960280201
46.47951403974568,0,101960280202
50.80208258483334,0,101960300201
41.118991951210695,1,101970030301
40.059187151057955,0,101970030302
43.336051994668225,1,101970050201
54.66246262103256,0,101970140201
57.44029114729817,1,101970320201
60.771378762296294,0,101970580201
45.70006282524369,0,101970610201
44.04823351985382,0,101970670201
65.03011067595338,1,101970700201
52.389108115501635,0,101970700202
52.82375422063433,0,101980030201
54.58447257926567,0,101980030202
53.58063525595956,1,101980080201
49.536916326270116,1,101980280201
42.87400887260769,0,101980900201
44.21657656425496,0,101981000201
59.60044961737616,0,101981200201
44.566699266231694,1,101990200201
34.98829878850747,1,101990200202
54.08917102877572,1,101990260201
30.4306214254437,0,101990310201
57.61240949546777,1,101990430201
44.69127237791629,1,101990740301
59.415237714221526,0,101990780201
53.08956483482047,0,101990780202
28.564847452216632,1,101990820401
36.51099353721024,1,101990930201
54.0671901042281,0,101991080301
30.989506095306027,1,101991110201
52.18955131463943,0,102000410201
57.87092666058131,0,102000470301
58.38561978368306,0,102000530201
32.05403378490371,1,102000900201
44.437976606927,1,102001000202
66.73316468462903,1,102001100101
60.447180509802635,1,102001170201
60.36529786027544,0,102001170202
60.550093277971925,1,102001370201
55.344044870849956,1,102001420201
56.61658389296615,1,102010030201
59.06159045498428,1,102010120101
56.59349837524738,0,102010160101
57.53701497769523,1,102010250201
66.1325252847682,1,102010330201
66.41002843288196,1,102010550201
55.31063339200397,0,102010590101
65.02890373197337,1,102010630101
54.19878511108295,0,102010680101
58.02800058762165,1,102020030201
59.996308413971654,0,102020110101
45.28593254808021,0,102020220101
45.78228249171769,0,102020450201
54.9850190952232,1,102020480201
58.89441239809161,1,102030130401
53.995737052255684,0,102030460201
49.316790401134526,1,102030460202
61.36661620679622,0,102030540201
59.55492116800664,0,102030660201
56.54493552957996,1,102030740101
55.040634532063585,0,102030740102
54.239028728376425,0,102030830201
69.37857681994939,1,102030870101
49.70260959679242,0,102040560201
57.65579494965055,0,102040750201
47.58557567897318,0,102040880201
53.83942341088446,0,102040930201
37.1168812594894,1,102041020201
37.40650167151163,0,102041020202
58.446678559188555,1,102050440201
48.34897271488498,1,102050440202
45.40318122943859,1,102050500201
50.72029014984242,0,102050870201
48.95834582387449,0,102050980101
55.98517565455608,0,102060070201
58.78077517246113,1,102060250201
58.030648682997374,1,102060330201
57.38611352880073,1,102060450201
60.68925185940501,1,102060450202
61.69589501367726,1,102060480201
48.61981678639188,1,102060770101
56.92441346084153,0,102060890201
49.92852872360447,0,102060930201
47.97959532877581,0,102060930202
53.86118424365851,0,102070020201
63.633214419380224,0,102070050201
51.92864347315028,0,102070050202
38.15522850337298,0,102080480201
42.90761275183738,1,102080480202
52.7140372160046,1,102080600201
32.03680602163729,0,102080840201
31.383048420801803,0,102081310201
40.021219888261776,1,102081370201
54.49784654930367,1,102090320201
54.43260577181981,1,102090370101
45.112852846427046,0,102090370102
45.31636806424361,0,102090420201
53.32732340007635,1,102091010401
53.46085333484928,0,102100030201
61.136095243593736,1,102100180201
60.45627914490864,1,102100220201
45.90306745350927,1,102100250201
59.29796303728557,0,102100290201
69.42755027424133,1,102100330201
58.97651142076604,0,102100840201
41.33928318810944,0,102100920201
33.6097921225099,0,102110070201
42.32833119208675,1,102110420201
27.619295772235667,0,102110420202
59.69667539164858,0,102110470201
54.998792641121504,0,102110470202
53.37380296301416,1,102110720201
49.78454403552646,1,102110820201
46.36562198673582,0,102110820202
49.76518167298144,1,102110870201
56.84409540025256,0,102120040101
55.117807636186896,1,102120270201
38.51232274253548,0,102120540101
27.98510127239071,1,102120710201
47.0318725124333,0,102130100201
57.8781971600621,1,102130180201
40.50101585575434,0,102130260201
28.095853202648076,0,102130460201
48.54294477466784,0,102130650201
44.87712731310964,0,102130730201
25.4710680407235,0,102130770101
37.653737127365886,0,102130850201
54.480677541224246,0,102140110201
52.1947960314304,1,102140280201
34.18768873535159,0,102140310201
57.03397257057245,1,102140350201
35.244866683444684,1,102140520301
31.866908956947793,0,102140660201
24.80979566664925,1,102150040201
43.3148644019974,0,102150070201
51.267093679437465,1,102150100201
37.3776119311749,0,102150260201
7.745271395548674,0,102150380201
18.354919575360572,0,102150510201
22.73016628445676,1,102150510202
33.40534238280955,0,102150570201
19.271107582017862,0,102150570203
40.65919589129896,0,102150600201
49.06237065727663,1,102150670201
32.64295827952472,0,102150700201
42.3310656143156,1,102160170201
56.99435548684381,1,102160450201
45.32450949397308,1,102161060201
47.457590593473846,1,102161150201
57.921845222988296,1,102170270201
56.79229366931079,0,102170460201
51.79840648552184,0,102170780101
61.42172920855378,1,102171020101
57.75191577560717,1,102171060101
57.70944266868422,0,102171160201
68.72382681097683,1,102180410201
61.33648238938946,1,102180800201
48.02942947762439,1,102190370201
53.018387897888466,1,102190460401
54.85170444864104,0,102200050101
48.58745317809577,0,102200090201
66.04868410392045,1,102200180201
38.0662972477894,1,102200430201
58.92783867217628,0,102200580201
55.75787695924543,0,102200680101
55.89380773252247,0,102200710201
53.15812630636292,0,102200710202
57.295428612041455,1,102200740101
55.096735602363545,0,102210290201
51.2787564936443,0,102210330201
52.079995709507,0,102210330501
54.840804489955595,1,102210470201
60.3785953803504,0,102210560201
67.3732720891474,1,102210700201
60.47645409826902,0,102210840201
57.1220638455937,0,102210940201
60.30523462735936,1,102210980201
51.16920905194145,0,102211070201
54.49117136470811,0,102220060201
63.06262889538407,1,102220060202
58.23543122779523,1,102220100201
56.61329142434823,1,102220140201
64.04870041108936,1,102220140202
51.320122920877836,0,102220270201
58.342915118483496,0,102220310201
45.36992519426621,0,102220390301
56.9393731788263,0,102220480201
55.475238405979994,1,102230030201
65.94994248865476,1,102230680201
34.32995147354584,0,102240030201
37.3857532984243,0,102240060201
59.34220085896407,0,102240170101
44.099812425830464,0,102240210201
55.75864892447465,0,102240240201
61.56610343447025,1,102240310201
52.81321249303518,0,102240310202
63.172086070737926,1,102240350201
45.25582326619907,0,102240570201
30.03553786897062,0,102240640201
24.189254132388108,1,102240640202
54.135941202422146,1,102240670201
48.34178961041628,1,102240670202
46.26031506329435,1,102240710201
58.733836811666364,1,102240890101
56.03366574733386,1,102240890401
62.86787548262449,0,102250030101
61.6511042812496,1,102250160201
62.43516448288451,1,102250160202
53.77747593348932,0,102250370201
53.27483017722536,0,102250370202
43.026643649208054,0,102250580201
37.126652498904434,0,102250750201
55.74294906868374,0,102260010301
49.338088154797234,0,102260010401
44.24980114679335,1,102260320201
54.14262506539313,1,102260670201
63.55985151562081,1,102260700201
55.77024145348352,0,102260700202
24.751499847488255,1,102270090301
43.62374035959792,0,102270180201
39.03185478805795,0,102270180202
53.250643085785995,0,102270300201
52.04147366405249,1,102270330101
47.78395558227347,0,102270430201
41.611740993224885,0,102280060101
26.23315103902316,1,102280120201
29.207198672185513,1,102280230201
45.21615647420896,1,102280430301
28.829016564254033,0,102280490201
54.95483788990789,1,102280630201
51.02222086585644,1,102290300201
23.97735292387118,0,102290430201
55.948932952402785,1,102290600201
32.28247687765959,0,102291080201
44.01371808465154,0,102300110101
39.01089309410609,1,102300210201
27.58805259512626,0,102300210202
46.421700170780625,0,102300280201
52.08612974629868,0,102300280202
34.514276862599424,0,102300470101
35.61920734053387,1,102300500101
65.52619907291088,0,102300540201
46.82647750317989,1,102310210201
7.839934542150154,0,102310270201
13.882479196129788,0,102310270202
44.328292522061396,0,102310320201
41.851028858314486,1,102310680201
30.19466544391245,0,102310730101
33.37751230253204,1,102310780201
52.089873218587606,1,102311190201
45.41095438547694,1,102311240201
49.47025131161577,1,102320230201
53.532797331681955,0,102320540201
46.70306631972786,1,102330070201
46.817983375520676,1,102330070202
57.07478847473354,1,102330360201
58.73160067519878,1,102330390201
57.4240904746728,0,102330390202
53.430569217767534,0,102330460201
61.82381011111234,1,102330460203
55.466285964517816,0,102330500101
42.92915006738443,0,102330600201
43.986766406888734,0,102330780201
59.71818528315455,0,102330850201
45.502986500490884,1,102340090201
49.9959797897049,1,102340190201
51.29703654773622,0,102340790201
62.40664110340161,1,102340930201
15.612078250542366,1,102341030101
10.029084857460353,0,102341030102
9.857043022843593,0,102341030201
57.85379111831376,0,102341180201
57.99063259973775,0,102350180201
55.36823284204105,0,102350370201
49.93787711985945,0,102350400201
57.21706316506149,0,102350530201
51.96688938936356,0,102350530202
56.22591115250242,0,102350700201
53.075457832888446,0,102350740201
51.39205479407137,0,102350740202
64.88212550608067,1,102350780201
62.597608783245136,1,102350970401
55.54498878189648,1,102350970402
56.94148527086779,1,102360400201
59.19103693110116,1,102360430401
66.91945707038279,1,102360570201
56.329641157668696,1,102360570202
47.38608616248592,0,102360710101
54.071671610857024,0,102370050201
57.03552248557275,1,102370050202
52.28258896134509,0,102370070101
51.88467965754249,0,102370100201
59.4728655196164,1,102370100202
55.817958062143994,1,102370180201
56.056755651459156,1,102370180202
44.87855360642948,1,102370190201
45.03329395587828,0,102370230201
51.66579746499844,0,102370230202
53.690191665919386,1,102370230203
56.42961354005995,1,102370320101
46.668234485014516,1,102370340201
51.6131189729723,0,102370480201
53.21505275819325,0,102380020201
56.87537851235331,0,102380340201
58.36924837506857,1,102380470101
60.73645082212131,1,102380780201
57.3923250471629,1,102390540201
52.54345626045874,0,102390590201
51.80241234122468,1,102390740201
40.058274655376394,1,102390920101
43.809096327457766,1,102390930201
54.98295293773052,1,102390930202
52.94240544805477,0,102400070201
60.17459306847245,1,102400170201
57.149885164002505,0,102400220201
52.06379236330675,0,102400530201
59.51218814145022,1,102400630201
39.51043527785016,1,102400740101
61.36482427403017,0,102401040201
50.35905380846838,1,102410240201
31.794350594219424,1,102410670201
29.599956628981655,0,102410670202
60.42487941915418,1,102410930201
45.740622068369774,1,102420020201
42.32323296662061,0,102420280201
36.498412772475845,0,102420460201
35.056196529712224,1,102420830201
54.16848336311859,0,102420860201
41.65933756745285,0,102430160101
47.48245351139574,1,102430400201
37.75476922529907,0,102430400202
55.177366057139196,1,102430480101
62.59280219773862,1,102430480102
60.89275175163237,0,102430840201
59.211159243865495,0,102430840202
39.62387396002483,0,102430960101
58.61700262174897,1,102440040101
65.54197604783508,1,102440440201
57.64175135775698,1,102440490201
52.74191652024943,1,102440990201
60.866356505299734,1,102441090201
59.08576417603741,1,102441140201
60.19447862100811,1,102441190201
47.97468017598684,1,102450110201
45.85687378572624,1,102450110202
43.54489361267273,0,102450260201
63.38939892534432,1,102450330201
51.39241350639506,0,102450370201
33.77062032056534,0,102450490201
33.584786941154604,1,102450490202
43.820040753008634,0,102450560201
52.929741043775195,1,102450560202
61.01887155231157,1,102450640201
64.37916297100782,1,102450710201
59.55736671878023,0,102450830201
30.26700931872802,1,102450870201
35.81970485821467,1,102450870202
41.378343075120604,1,102460250201
56.248590607358175,0,102460420202
48.65309326414838,0,102460590101
66.10021972606957,1,102460660201
67.87823170727883,1,102460800201
58.300274444597484,0,102470160201
56.0077253723488,0,102470200201
67.10864201545675,1,102470200301
48.97558651334715,0,102470290201
43.27499748572625,0,102470330201
62.67576983122837,1,102470680201
58.91281608678471,0,102470940201
58.43724201184117,1,102470940202
46.50960989664627,1,102480040101
59.204811522174566,0,102480140201
52.08734357480148,0,102480200201
56.605490401595965,1,102480270201
62.574476981013646,0,102480300301
66.76299572024013,1,102480300302
17.17908559727617,0,102480340101
35.51518710209799,1,102480340102
45.75149723668327,1,102480500101
40.69410949266505,0,102480630101
44.123927431479274,0,102480630102
55.51418740053145,1,102480660201
53.22040792339857,1,102480700201
58.97814744020855,0,102480760701
45.530104535167055,0,102480800201
53.981626118068185,0,102490030201
51.57375121508162,1,102490140201
52.89482154154134,0,102490260201
58.620856700319756,0,102490350201
56.82845711384403,0,102490660201
27.93937642263385,1,102500240201
36.66050072817102,1,102500490201
42.74740766790818,1,102510030201
40.546083681081186,0,102510030301
38.052209463947314,0,102510060101
47.92277647563282,1,102510230201
41.94360941975895,0,102510330201
65.18184824670934,1,102520060201
62.20832099945427,1,102520270201
63.23192996637222,1,102520480201
44.117090482301556,0,102520530201
55.41475236454447,0,102520610201
58.310060716518464,1,102520740201
52.92369721470523,1,102520830201
32.79832624820691,0,102520950201
61.77614294320968,1,102530270501
59.655679969697246,0,102530510201
48.13435793776812,1,102530670201
62.72772952598334,1,102530710201
25.325873307772845,0,102540010101
59.6574046118105,0,102540270101
55.71007567039142,0,102540650101
36.76305833427334,1,102540770201
44.970342582255576,0,102540840201
34.885174877330606,0,102540880201
57.950518799418845,0,102550260201
53.96099046374042,1,102550260202
44.353271154463,0,102550470101
62.4608260795907,1,102550780201
35.8463360842138,0,102550880101
52.7953147226234,1,102551080201
62.09895302870634,1,102560090201
58.52522773241583,0,102560170201
62.42042311909578,1,102560210201
30.330834851904015,0,102560320201
36.121670839219234,1,102560320202
52.70366919410981,1,102560590201
66.09096818730625,1,102560630201
27.677517899680026,0,102560890101
31.253665817745215,1,102560930201
25.38529529689218,0,102560930202
31.1805507905776,1,102560930203
55.88324452858008,1,102570060201
47.88747014020547,1,102570230201
39.077703010151644,0,102570360101
44.71347741558054,1,102570360501
53.77275593182421,1,102570580201
64.71316909115038,0,102570670101
61.83890056346887,1,102580180201
48.69437426193393,0,102580350201
54.34525155784143,1,102580400201
44.152527779333866,1,102580610201
54.833076156319265,1,102580960201
53.39869809941645,0,102580960202
61.4459479735119,1,102590250201
56.88008271555644,0,102590300201
59.57871281991168,1,102590510201
53.359199821992455,1,102590730201
62.63501005780839,0,102590860201
52.43864134030678,0,102600070201
43.3352276963653,0,102600070202
46.95879415127677,1,102600290201
40.37507568034773,1,102600290202
58.59178864864613,0,102600380201
51.84157069312659,0,102600510201
50.40964076821981,0,102600510202
59.4427159200863,1,102600560201
54.93616545836004,0,102600740201
59.78418413140204,0,102600780201
51.84626524651063,1,102600830201
53.82628022893189,0,102600920201
53.84751411977544,1,102610090201
27.777058507914592,0,102610290101
55.60246253583799,1,102610440201
58.0505284479655,1,102610440202
46.83467445828277,1,102610490201
35.86384136860308,0,102610850201
54.851231209241945,0,102610900201
29.40844576592593,0,102611000201
46.93765079375938,1,102611000202
48.81201584587275,0,102611050201
46.68776349894313,1,102611250201
36.47017099189412,1,102611250202
36.08233253411077,0,102620330101
59.485560673652266,0,102620650201
48.46515142961202,1,102620740501
57.303422674732914,0,102630090101
54.31214636977126,0,102630120201
45.79217588862004,1,102630150101
59.62696706914278,0,102630220201
23.698040163947848,0,102630550301
36.69379889602043,0,102630580201
45.781130742228356,0,102630780101
41.916730986206595,0,102640070101
30.590696409489073,0,102640190101
62.391039182879055,1,102640470201
46.28694738870492,0,102640590201
44.49216691511272,1,102640630202
46.0563986278965,1,102640700201
64.02196405662967,1,102640810201
53.7782511508955,0,102640960201
49.542942212305825,0,102641140202
44.15107460678681,0,102641190201
47.755568959014255,0,102650040201
34.81483961138468,0,102650130101
47.220584891608226,1,102650250201
57.00174967915851,0,102650280201
54.8810064603558,0,102650400201
41.631265461095936,0,102650520201
42.187002180739995,0,102650550101
39.33352624111465,0,102660270101
58.20862505782401,1,102660620201
50.386343996257885,0,102660880201
47.704148115306516,0,102660930201
44.78328446878937,1,102661010101
43.466311847844416,0,102661010401
53.89942265142219,0,102670290201
50.38094778475099,0,102670380101
59.25884904726687,0,102670420101
53.02404409547297,1,102670640201
52.414116526342895,0,102671070201
64.61350597261595,1,102680260101
46.240810026063464,0,102680480201
51.15947455727273,0,102680960201
55.39925333556831,1,102681010201
50.640960666823844,0,102681340201
56.42551071931591,1,102681340202
19.664376800277473,1,102690170201
27.784096056881236,1,102690310201
50.79004397295169,1,102690550201
29.58047045523309,1,102690700201
47.94995196030155,0,102690840201
14.328091889062577,1,102690890201
21.923271730073843,1,102690890202
10.600510010022365,0,102690940201
5.459346602000439,0,102690940202
29.0894930794189,0,102691030301
21.466335364382175,0,102691130201
14.650974454442196,0,102691130301
12.92504093570086,0,102691130302
28.677926820881368,1,102691180201
22.081223724813697,0,102691180401
29.578847920130784,0,102691180402
29.442773563859745,0,102691180501
17.14360745644116,1,102700040201
11.387254141804826,1,102700080102
17.235387267898332,0,102700190201
26.72505422375919,1,102700190202
10.313747398469287,0,102700400201
1.931835556768485,0,102700400202
16.31385124960576,0,102700400203
16.360286168093737,1,102700620101
14.797846741133892,0,102700620102
11.945203299801054,1,102700690401
15.83783906507432,0,102700730101
7.64554073372731,1,102700730102
42.31372582119461,1,102700760201
22.96522713357551,1,102700800201
4.047976953607066,0,102700800203
9.736753739805174,0,102700830201
11.978001099054852,0,102710080201
14.711264465005709,0,102710080202
7.333886979261017,0,102710160201
22.47420322541951,1,102710211101
27.285744698537094,1,102710410201
17.209864597838298,0,102710430201
31.238420336265683,1,102710430202
18.6294514188412,1,102710430301
9.965807619438516,0,102710560201
4.29710574710133,0,102710560202
8.529805274016724,0,102710610201
11.787762667575983,1,102710610203
45.25919382709722,1,102720110201
17.89640096881945,1,102720240201
8.631701178193744,1,102720240202
19.88443120694791,1,102720430201
16.78374511447715,1,102720430202
5.004473884915072,0,102720470101
14.057788713267993,0,102720470102
55.05747346852134,0,102720500101
34.88752376706543,1,102720730101
51.75808906403823,1,102730110101
40.543448113632046,0,102730110102
31.775589937373447,1,102730180201
40.150500637040906,0,102730200201
14.32889641264368,0,102730390201
18.920216146297605,0,102740060201
19.65804156014408,1,102740060202
46.63163140689628,0,102740080201
14.237637778785178,0,102740110201
17.252790470277425,1,102740110202
15.758090442828362,1,102740110203
30.03082589120488,0,102740141201
25.865828724098463,0,102740141202
41.545356033158875,0,102740210201
32.48857421807181,0,102740210202
40.49323612226844,1,102740210203
34.790967958590734,1,102740210204
16.986921485303597,1,102740290201
50.9772345334095,0,102740320102
25.567368894468952,1,102740450201
22.77461497583605,1,102740450202
20.246387515172184,1,102740470201
41.06802168877696,0,102740500201
60.84980769944865,1,102740500202
27.454425344833467,0,102740550401
4.627501097839614,0,102740630201
9.702985058747007,0,102750080201
42.44316060282309,1,102750240201
42.06624507167646,0,102750280201
25.500019662631505,1,102750310101
9.183255383144875,0,102750370201
15.091753969966733,1,102750370202
29.9968164381512,1,102750470201
51.604299818202485,0,102750640701
19.72170322926801,1,102750700201
23.92084198165802,1,102750730201
19.991754637180293,0,102750800201
21.804550759065815,0,102760070101
36.614804123930355,0,102760200201
17.737092860661086,1,102760250101
16.647217952942835,0,102760250103
6.497325795837918,0,102760300101
5.251814827209779,0,102760300102
18.299312393065573,1,102760340101
36.05344211371078,0,102760390201
2.0897492441809984,0,102760480101
7.920816655153628,0,102760480102
17.724579955698115,0,102760530101
20.88535210612966,0,102760660101
32.33415002980826,1,102760710201
39.71704905417801,1,102760710401
48.234549355534035,1,102760940201
8.617342969441228,0,102760990101
5.145763237323598,0,102760990102
22.17956265166241,1,102770040201
9.82166954787852,0,102770040202
14.432166334497623,0,102770150201
23.721477249372505,1,102770150202
16.926913295019396,1,102770150203
6.56934279491203,0,102770200101
11.16639568471474,1,102770200102
29.17344583109204,1,102770200201
16.608480048336663,0,102770200202
11.256160157357055,0,102770250201
14.472298186917612,0,102770250203
9.784365273953977,1,102770350201
36.93802272696338,0,102770450101
46.93369808386846,1,102770510101
17.444053119498342,1,102770910201
16.229913880976383,0,102770910202
17.84476401733797,1,102771020101
9.430615431126942,0,102771020102
18.208785355685944,1,102771070101
8.70231630984567,0,102771070102
37.719407698322684,0,102771170201
17.10857636084681,1,102771220101
10.378046650665022,0,102771220102
16.984403033206483,1,102771270201
9.027585003106902,0,102780010201
16.327757435825724,0,102780150301
22.73050961568926,1,102780190701
18.952584217875696,0,102780190702
24.131180261785406,1,102780370201
18.157251446084487,1,102780400201
19.063054436887448,0,102780440201
11.455863331211097,0,102780550101
33.87382615285804,1,102780760101
25.25725553344,0,102780760102
16.753733282567637,0,102780800101
12.413352106053363,0,102780800301
9.44781300240015,0,102780840101
15.411165181871986,0,102780840102
34.19196800629474,0,102780870101
33.62858743908596,1,102790090101
20.94895032733239,1,102790170101
24.246157498318645,0,102790170102
1.9834304783892254,0,102790210201
58.60721857069186,1,102790240101
11.881758614187547,0,102790320201
37.98081573297915,0,102790500101
9.759613328861828,1,102790690201
3.026376664015472,0,102790730101
8.85672594075281,0,102790760201
18.988489397318688,0,102790760202
25.245770160759616,1,102790760203
25.737650018080632,1,102790870201
5.872475038176726,0,102800050201
14.245107333541537,0,102800050202
10.076045765997675,1,102800080201
13.916663479726996,1,102800080202
11.918883363049309,0,102800200201
14.969095798304721,1,102800250201
23.365429938861137,1,102800250202
11.492447159632446,0,102800280201
11.899950522108774,0,102800390101
13.481800745807412,1,102800390102
13.898913915865139,0,102800420501
10.505282124074235,0,102800450201
8.518107405777839,0,102800450202
22.002089818126464,1,102800450203
11.62786329982892,1,102800540201
10.922924973901429,0,102800540202
5.878311113603248,0,102800560201
12.848049267983972,1,102800590101
12.850077088521822,0,102800590102
4.920945508985877,0,102800620201
16.556982747911924,1,102800620202
10.562325707035926,0,102800650201
11.081972073745643,0,102800650202
20.12748311296945,0,102800680101
15.037098170897426,0,102800710101
13.010547390994434,1,102810010301
15.640540741124742,0,102810040201
19.59743350467621,0,102810120101
36.04105119997121,1,102810120102
18.73498656350988,1,102810150201
24.818351615671546,1,102810170201
12.70602840373088,0,102810250201
13.564586050067092,0,102810250202
7.821649071370645,0,102810250203
10.9299627167497,1,102810280301
15.26110959663504,1,102810280302
5.01117868773692,0,102810300201
15.077997278482098,1,102810300202
15.932491892196733,0,102810360101
11.36219420219512,0,102810380101
12.59252867432133,1,102810460201
13.019719053837099,0,102810460202
8.082421706108615,1,102810490101
19.87730158332191,1,102810490102
17.04177219001754,1,102810490103
13.923974352265502,0,102810540101
7.651806485006643,0,102810540102
10.791502803864423,0,102810570201
10.740215125375293,1,102810570202
3.896822535942311,0,102810590201
15.801882676166924,1,102810590202
4.454944253580971,0,102810620201
14.700716342676284,0,102810620202
5.923897778804432,0,102810650201
13.18819065740427,0,102810650202
10.136199241351138,0,102810650203
16.101639763048176,0,102820030201
10.402718349481924,0,102820090201
25.708088060708256,1,102820150101
14.09098421303582,0,102820240201
15.10259551196595,1,102820260201
14.439571885891148,1,102820260202
24.81304702049453,1,102820370201
12.868248274701081,1,102820490101
24.205311549374223,1,102820490102
20.96378542263772,1,102830020201
17.136503452886878,0,102830150201
8.212697672187952,0,102830190201
14.127856040474006,0,102830190202
42.200087856277484,1,102830450201
35.90407897038303,0,102830450301
37.376810758302575,1,102830451001
0.0,0,102830500101
10.6239976922865,0,102830500102
11.746785306293253,0,102830670102
18.99992504904374,0,102830840201
10.834015937401734,1,102830970202
14.752917257367855,0,102831060201
21.631519244205464,1,102840180201
30.446511796569375,1,102840200201
55.906187519761936,0,102840250201
38.42602367648261,0,102840330202
60.669483558506,1,102840370201
59.54313803984842,1,102840370202
45.49082900265096,0,102840390201
40.108843648670685,0,102840410201
55.13198556479628,0,102840480301
42.77730917978577,0,102850120201
51.135081214458395,0,102850180101
51.898690787049134,1,102850250201
51.3767875154664,0,102850250202
48.67442094511968,0,102850400201
30.039651507722844,0,102850430401
52.58134258366273,1,102850650201
44.2476824877808,0,102850650202
46.3764701151181,1,102860570201
55.88309335116769,1,102860620201
62.28439923851824,0,102860680201
47.05820612111506,0,102860850201
39.51486191965596,0,102861070101
63.770585069805634,0,102870150101
53.362641832854095,1,102870510201
58.79188897845438,1,102870750101
57.427491285021,0,102870790101
50.96048714950099,0,102870790102
61.448682115679,0,102880010201
36.26208842178105,1,102880300201
32.255884646991476,0,102880590301
42.380053074400514,0,102880630201
24.176943845263512,1,102880760101
24.74598729100909,1,102880760102
51.69221380231211,0,102890110101
60.22507782475236,1,102890450101
62.126801831057875,0,102890450102
45.78248905880211,0,102890750201
52.604244309706424,0,102900270201
61.92013299104462,0,102910430201
45.9705648390454,1,102910580201
53.01641584327462,0,102920070201
29.947689778961134,0,102920110201
16.108856278588746,0,102920140101
13.00993834140636,0,102920140102
20.660241599640624,1,102920140103
23.482448028890772,0,102920300101
51.174402059743564,1,102920370201
42.496076209873465,1,102920460201
48.231972599373584,0,102920500201
34.209521429035064,1,102920690401
51.873777797877125,0,102920720201
25.74515010571221,1,102930060202
20.374461484253356,0,102930060203
9.124709327309366,0,102930140301
7.51483904454172,0,102930220201
15.860813025614618,1,102930220202
19.529887471605115,0,102930260201
25.638894855943118,1,102930260203
16.92122104273308,0,102930370101
11.21674395797608,0,102930370102
10.338150275018219,0,102930490201
4.243436229219266,0,102930530201
12.578252774725721,0,102930570201
21.909033527825095,1,102930600101
14.922616047330035,1,102930600102
10.694580135604019,0,102930640201
3.977012356752593,0,102930640202
12.27829986097728,0,102930680201
4.887305778045517,0,102930760201
9.602263091990975,0,102930760202
15.253262839645007,0,102930800201
15.266751520974843,1,102930800202
14.412127428354768,0,102930840201
9.133730952620505,1,102930880201
30.061371465181594,0,102940010101
14.279009146946976,0,102940040501
23.79698588136837,0,102940270201
18.408940089040883,0,102940330201
19.00103033050558,0,102940620201
27.656907504331947,1,102940710201
32.16381042796806,1,102940710202
21.967200012518624,0,102940710203
31.742516028850286,0,102940750201
27.057737202926212,1,102950050201
14.819464337223934,0,102950050202
36.53445555222768,0,102950080201
9.084654065552332,0,102950120201
27.226750278975985,0,102950160201
28.748789846767547,1,102950710101
23.45251905800653,0,102950950201
19.05312222499916,0,102950950202
11.759423088569445,0,102960010801
23.475501868325047,1,102960050101
22.31437454434368,1,102960050102
10.700725671326456,0,102960090201
4.936883942198594,0,102960200101
4.954637624072637,0,102960200102
12.764902721471863,0,102960320201
3.484668771246217,0,102960360101
9.855001072967374,0,102960390101
7.158859018684221,1,102960390102
13.773171089194461,1,102960430101
8.39614311468955,1,102960470201
6.332143196737436,0,102960470202
16.529050815967793,1,102960550201
19.39672601995047,1,102960550202
28.67709228647728,1,102960580201
14.639933654015955,1,102960620201
19.983171997429352,1,102960700201
10.869409644334064,1,102960850201
15.359403570099312,1,102960850202
17.343716599625036,1,102960930101
13.862823061376751,0,102970020101
12.423809068054068,0,102970050201
21.563838083325802,1,102970050202
9.268241661942533,0,102970090201
10.1902167117505,0,102970090202
16.19471606020897,1,102970090203
8.646601425435673,0,102970130101
19.64416077400592,0,102970160401
6.579380775862102,0,102970200201
9.293001953884774,0,102970380601
12.701239610160151,0,102970450301
7.470967911652785,0,102970490201
9.58590128258204,0,102970490202
18.071937715706245,1,102970520201
20.774860563998452,1,102970520202
12.576585983855763,0,102970590202
10.318187435616872,0,102970630201
7.105583007625301,0,102970630202
11.634494185236248,1,102970770201
21.709226720070788,1,102980560201
13.296183857623808,1,102980940101
11.443093488105308,0,102980940102
16.176670808275198,1,102990160201
10.792003956801722,1,102990200201
15.331347768278906,1,102990200202
63.357599201146876,1,102990320101
53.75338581209411,0,102990320102
52.10684069933557,0,102990390501
16.121865084844806,1,102990430201
10.672664415777604,0,102990430202
51.78774733670229,0,102990550201
51.736818944859685,1,102990590201
12.64611435817573,0,102990630201
14.624929531740321,1,102990630202
4.217329271603848,0,102990630203
3.936846604590685,0,102990670101
5.002791560454535,0,102990750202
19.669898440313787,0,102990790101
23.998335597198896,1,102990990201
18.885323421472286,1,102990990202
20.286018704872326,1,103000170201
14.110038672240353,0,103000200201
1.678621988974685,0,103000200202
12.908531001459336,1,103000230301
10.396598400483914,1,103000340201
7.495844857031356,0,103000340202
27.157651347639455,1,103000370201
19.641770471881635,1,103000370202
12.588625608935608,1,103000400201
23.038766847702814,1,103000480201
9.547201367859284,0,103000540201
17.320789741693446,1,103000570201
11.312696187483507,0,103000570202
11.410155809837548,0,103000600201
10.749740388930292,1,103000660201
12.734346030878346,1,103000660202
15.871850459660783,1,103000690201
7.492064136066123,0,103000690202
7.97531547355504,0,103010060201
3.749082123685647,0,103010060202
9.831126864671933,0,103010250202
18.99374933077709,1,103010300201
20.166089720660505,1,103010300701
10.567261629695523,0,103010300702
17.10331118336308,1,103010690201
9.568276164490843,0,103010690202
40.29533424218412,1,103010740201
37.487374174222744,1,103010740202
36.672063289021075,0,103010740203
17.54574205802684,1,103010930201
20.773283103156963,1,103011130201
17.089132203923565,1,103011130202
10.329148034450528,0,103020120201
10.722398824364197,0,103020220201
10.193953598184764,0,103020220202
25.346808511891545,1,103020270101
22.09790710661138,1,103020270102
13.056849073269174,1,103020410101
29.132453781687445,1,103020690201
12.97783459246611,0,103020690202
11.878692535936564,0,103020890201
15.235455375895288,1,103020890202
13.363007934750092,0,103021030201
20.295684816848706,1,103021030202
34.400147923830204,1,103030100501
29.445123887417218,1,103030100502
44.28944447603138,1,103030250401
48.91169881312,0,103030560101
51.22875960698449,1,103040040201
34.17318610783949,0,103040080101
13.132252482108967,1,103040110201
46.974416906283544,1,103040150201
50.26383484074367,0,103040150202
37.719393309519326,1,103040540101
57.781876640310635,0,103050010101
52.112756306273944,1,103050070201
30.56678523537771,0,103050190201
58.834818975054446,1,103050310201
29.617031922861102,0,103050600201
58.13439575930673,1,103060020201
57.3291528881921,1,103060060101
49.47854914891105,1,103060360201
47.30257178234317,1,103060360202
64.7820389397758,0,103060600101
51.09423433238584,0,103060670201
58.65217553200774,1,103060770101
49.38473017563993,1,103070290201
62.208951963989946,1,103070520201
66.57686888024463,1,103071030201
58.11870026586481,1,103071130201
7.7725017086052794,0,103080110301
18.188895195995563,1,103080260201
20.247605714373357,1,103080300201
11.850896126214323,0,103080330101
17.705252988479977,1,103080330102
9.157374721334563,1,103080480401
26.442710701377486,0,103080551001
20.474215705475714,1,103080590101
40.81850288779724,1,103080661001
19.183762514480605,1,103080740201
16.839617833865624,0,103080740202
17.830060744434974,0,103080740203
8.332107972738967,0,103080770201
12.14755618290107,0,103080770301
19.149911541709532,1,103080770302
32.44230788653354,1,103080810401
26.77665327303126,0,103080890201
32.420371595736356,1,103080890202
16.776886495979358,0,103080920301
33.98044777952231,1,103090270101
39.530645146166805,1,103090440201
36.7000281919191,1,103090690201
11.392602823544266,0,103100040101
13.262385717749169,0,103100100401
13.724843998524292,1,103100130301
22.131560588005183,1,103100130302
16.555888347718245,1,103100130303
17.393108089496458,0,103100160201
25.384994383225454,0,103100230201
30.4795373568275,1,103100230202
31.34023389233973,1,103100320101
15.47703219780154,0,103100420201
21.322843746870973,1,103100420202
15.744206998791334,1,103100450101
16.8191068219135,1,103100520101
6.428170185607448,0,103100520102
19.00272688115729,1,103100680201
4.219368066896114,0,103100680202
17.154903062218672,1,103100710201
6.712255068163432,0,103110060701
16.797179845243605,1,103110120101
22.24549305637732,1,103110160101
13.04680037817542,0,103110300201
26.071457996764877,1,103110330201
10.962177486852129,0,103110330202
3.4839160007189793,0,103110330203
17.29902962666376,1,103110390201
12.721937943703608,0,103110390202
11.021306324996507,0,103110560201
20.469155786333125,1,103110560202
13.758906246676894,0,103110620201
24.77655495102912,1,103110660401
21.415184312972123,0,103110720201
13.997734396112005,1,103110760201
23.7942019743114,1,103110760202
13.088314476063045,1,103120040301
12.899195538542267,0,103120090101
19.02114767352317,1,103120090102
10.558210325699047,1,103120180101
16.420453064565528,1,103120180102
15.868773574037169,1,103120230201
10.46199487903394,0,103120230202
11.186556498486828,0,103120320101
16.577436380395103,0,103120320102
10.257678765248254,1,103120370101
12.360215906821338,1,103120370102
12.527789001926841,1,103120370103
20.468565781542864,0,103120470201
10.118375316904554,0,103120470203
12.628468838877696,0,103120610101
19.74869794584133,0,103120610102
11.560939128938102,0,103120610103
32.267039451904935,1,103120840201
35.99874049931263,1,103120840202
15.215861201250323,1,103120890201
18.459487781593907,1,103120890202
11.90938646311977,0,103120890203
12.478143257308199,0,103120940201
15.028810542758517,0,103120990101
9.413664728044775,0,103120990102
17.35438379736915,1,103121030201
12.591210692646877,0,103121170201
12.02139258549095,1,103121170202
25.441548997153205,1,103130040201
22.603000311981788,1,103130040202
9.54300296295301,0,103130120101
16.096224059484186,1,103130120102
10.110703100741032,0,103130150201
1.3188610546736435,0,103130150202
20.564502386654212,0,103130190201
10.53206298839152,0,103130230101
21.68099210215791,1,103130270201
10.856275073778782,0,103130270202
23.035938873668684,1,103130300201
17.75769932533879,1,103130300202
2.889274451483799,0,103130420201
19.732352152214844,1,103130420202
20.057720316383943,0,103130460202
16.161821485174574,0,103130530201
15.7596584341712,0,103130530202
9.948044336340272,0,103130570201
15.701677976074102,1,103130570202
11.871325686211705,1,103130640201
11.08354126397542,1,103130640202
14.521367133982835,0,103130720201
27.113370958999358,1,103130720202
21.228273954883257,1,103130760101
12.547006341170178,1,103130790301
21.673551705678417,1,103130790303
12.500978642923862,1,103130830201
30.83510871527614,1,103130870201
14.149655840746615,0,103140110201
11.074480854610632,1,103140110202
13.871415043860376,1,103140170101
9.22088492421391,1,103140170102
7.850843978672914,1,103140210201
30.265656606735394,0,103140230701
21.58154538816478,0,103140310101
9.509796038167039,0,103140420101
10.268670111015874,0,103140440101
14.61754866905126,1,103140440102
54.74261091930091,1,103150020201
55.942806909843924,1,103150170201
59.402537303878425,1,103150250201
53.379037158545046,1,103150250202
63.00534101562904,1,103150250203
40.23798413636426,1,103150410101
30.49606582290857,0,103150410102
46.188950626841056,1,103150440201
45.81372513592176,0,103150520201
53.870439336836874,1,103150910201
20.16285294575435,1,103150950201
10.813894265344338,0,103160030601
21.721902688993712,1,103160060201
13.694180635118078,1,103160060202
24.11672407674572,1,103160100201
13.645350318943375,1,103160100202
6.436663155553765,0,103160140201
22.951673932056593,0,103160210201
25.66411045968636,1,103160250201
30.079590823745235,0,103160250202
12.644469032072134,0,103160280201
20.76724207990181,0,103160390201
13.07656566454435,1,103160430101
50.20049316339135,1,103160570401
45.10669503422536,0,103160570601
42.56391352135817,0,103160760401
18.98325764711291,1,103160900201
54.047211911871116,0,103170020201
18.689049311121487,0,103170240101
26.63446341886729,1,103170320401
15.763459349922957,0,103170320402
25.999231627956284,1,103170320403
16.989391306273994,0,103170370501
10.32727250934868,0,103170370601
17.33398346157262,1,103170410101
10.593895994652838,0,103170490201
31.064915217261582,1,103170540501
13.535100740447476,1,103170670101
8.91919438807394,1,103170840101
24.54554928591913,1,103170840201
13.1470486269024,0,103180080201
34.85206173575664,0,103180120201
46.303436235106346,1,103180210201
26.532593034696873,1,103180240101
44.52550415105245,0,103180310101
19.295566964443235,0,103180340101
16.127487337902068,0,103180340102
13.415341341556324,0,103180410701
30.890360290942724,1,103180540101
26.265299360090683,1,103180540102
30.962842557596097,1,103180600201
9.928073927360956,0,103180630201
15.287959056824066,0,103180760101
24.593173345686658,1,103180760102
16.317720895351684,1,103180760103
65.03002795367388,1,103190080101
49.988503641182675,0,103190080102
45.80079693686476,1,103190120201
60.78306165611172,1,103190240401
48.84805916054109,1,103190280201
67.78480450954157,1,103190960101
56.409962869928314,0,103200160201
54.427228506246585,0,103200160202
64.45164942530455,1,103200870201
37.81122643753261,0,103210080201
17.30582656295878,0,103210140201
27.588019259034233,1,103210200101
28.01183000076856,1,103210200102
44.676465225430064,1,103210260201
49.725475719833874,0,103210260401
43.883907231470914,1,103210290301
13.782964616220731,0,103210500101
23.410163330847183,1,103210500102
9.991144711083791,0,103210500401
5.652919166105054,0,103210500501
15.6166187084708,1,103210530201
8.436403903033671,0,103210560601
7.78623199236164,0,103210590101
8.9703162683279,0,103210590102
13.441606194143978,0,103220040401
11.097121598332016,0,103220080701
13.911274838353838,1,103220081001
10.083736186648048,0,103220081003
24.02443260775489,1,103220081601
12.754151139534942,0,103220130201
28.400809277208644,1,103220220201
10.26214180605392,0,103220350201
11.404259691506144,0,103220350202
12.193862788490712,0,103220670101
2.6144485194950056,0,103220670401
10.245804755639542,0,103220720101
6.889454617382493,0,103220720102
10.37649700829895,1,103220720103
4.738090329914718,0,103220760101
17.7981331459212,1,103220810201
13.040562295542006,1,103220810401
13.653204387171641,0,103220810402
19.454465035440208,1,103220860101
20.31463402903045,1,103220900401
24.068007541865768,1,103220990101
14.311822172533137,1,103220990102
17.67953694487119,0,103221040601
46.014668882184836,1,103230050101
43.6210362249939,0,103230050102
45.581922955570725,1,103230110101
54.94282501492966,1,103230160201
55.78130944740605,0,103230240201
57.28217433646747,1,103230290201
55.633839661701636,1,103230420201
40.78931955887903,0,103230420202
63.91996034120316,1,103230610201
46.93223413372753,1,103240050201
39.18937925120926,0,103240050202
41.93268160996873,0,103240170201
45.221209153360185,0,103240170202
43.821138236813354,1,103240220201
58.3796520023207,1,103240300201
53.90574394748881,1,103240470101
62.57891126776267,1,103240470102
35.18571161524117,1,103240850201
23.10402083016701,0,103250030201
52.62714350027284,1,103250070201
21.959237864671344,0,103250340201
50.27845358317585,1,103250380201
51.530694258230945,1,103250520101
50.47317549554248,0,103250520102
54.5246567518364,1,103250560201
52.00839298036153,0,103250740301
50.26452223352708,1,103251000101
34.94525546796899,1,103260220201
49.83766159116231,0,103260280201
50.50646672838928,0,103260280202
38.392594760396776,1,103260450201
51.807122765187025,0,103260510201
56.110363524698315,1,103260790201
58.56555382858565,0,103270210501
44.8967366806516,0,103270230201
53.51082246247385,0,103270250501
50.98715939484975,0,103270270601
56.0523122584219,1,103270300201
64.07475317552831,1,103270300202
60.662040899759404,1,103270340101
59.31489921130109,1,103270340102
47.948994796342426,1,103270430101
55.94771648476666,1,103270550201
58.177343633518035,0,103270550202
47.73242522004829,0,103280040201
12.064887574691564,0,103280070101
21.196164113697083,0,103280070102
13.888060457691346,0,103280070201
21.641641952118295,1,103280070301
16.18586074455996,0,103280130601
6.209847919859797,0,103280130602
9.817038049766902,1,103280210201
8.396671276655674,0,103280320201
17.3557937001856,0,103280320202
21.714246780879094,1,103280370201
6.344472564205825,0,103280420701
17.657819802446348,0,103280420702
7.210516146094454,0,103280560201
17.613836737364196,1,103280590201
21.486267522988477,1,103280620301
17.280881365711476,1,103280640201
5.733812995531958,0,103280640202
15.000863712049597,0,103280641201
10.593428598188412,0,103280641202
42.161218416757166,1,103290040101
38.884639057396086,1,103290080201
35.23568304297849,1,103290080202
40.316816053222965,1,103290150201
17.166379598847364,0,103290220201
23.07460208850581,0,103290290101
21.071677306179723,0,103290340201
25.728169502884743,1,103290340202
27.526998122411282,1,103290360201
52.904199068739324,0,103290430201
48.73623304180304,0,103290450201
33.27695589887662,0,103290480201
50.393024656349795,0,103290480202
40.35745610969263,0,103290520201
48.797478021273875,1,103290550201
59.73221397773899,1,103290570201
18.341964325332775,1,103300070401
15.429171803962884,1,103300220401
11.206277655172274,0,103300220402
6.359979959726927,0,103300221301
12.630778432788139,0,103300221302
24.144677043010454,0,103300221401
18.386509450476957,1,103300320201
16.38292645303359,1,103300320501
16.967746058696882,1,103300320502
7.361226295347293,0,103300421001
3.7818132578703967,0,103300421002
13.732899889829755,1,103300520201
48.64129744290369,0,103300570201
23.864930896790117,1,103300670301
22.75978989651755,0,103300720201
41.542833412022,1,103300820101
27.34835904461476,1,103300870501
1.668686676480604,0,103300870801
10.9771681049575,0,103300920201
7.790777102779934,0,103300920401
13.587851807023629,1,103301120201
22.089111377263805,0,103301170201
18.329471540196582,1,103301170202
11.745842873855832,0,103310080101
16.762432690677308,1,103310080301
25.49159977732524,1,103310081401
8.473320130045545,0,103310140201
20.872526388958992,1,103310200201
29.459444912098974,1,103310200202
6.85320147144215,0,103310260101
17.67196696291893,1,103310260102
7.044275072598024,0,103310260103
22.94023654494957,1,103310320201
17.490933752101185,1,103310380101
20.921292780570653,1,103310380103
14.518299344458097,0,103310430201
18.247351042655588,1,103310430202
8.184580230930383,0,103310490201
22.511098839225333,1,103310490202
12.01607746078566,0,103310490701
11.00501031755225,1,103310490702
5.485978042364592,0,103310490703
4.561020494711122,0,103310670201
26.409837906953356,1,103310730801
25.19330769184085,1,103310730802
16.145470718792893,0,103310790101
15.418679667419793,0,103310791101
17.3163413431181,0,103310791102
25.725966392879446,1,103311080101
14.805688194064984,0,103311080102
10.247242313539434,0,103311140201
9.894615203217755,0,103311140401
4.469880547038774,0,103311140901
24.516600789616973,1,103311140902
8.273853505432765,0,103311200201
7.82658778970319,0,103311200202
35.42245223924174,0,103311380201
36.8442080915993,0,103311380401
20.51598141420898,0,103311430201
13.734810596961303,1,103320020201
20.552175251580984,1,103320020202
17.559527568795296,0,103320020501
17.931926578081224,1,103320021401
16.678652293715913,1,103320021501
12.307824080499762,0,103320050301
5.997175412740418,0,103320240201
11.068968993968676,0,103320240301
10.542183037187481,1,103320240302
40.95920323476146,1,103320270301
43.086550877881564,1,103320270302
50.92161835124701,0,103320371001
51.56916900752828,1,103320371002
9.494917770383035,0,103320430201
8.474371026998291,0,103320460201
7.333899957403257,1,103320460202
14.537306094676472,1,103320460901
5.341402573849097,0,103320460902
23.223466043531534,1,103320490101
16.474107861102894,1,103320520201
21.231841589738618,1,103320520202
50.817511477770324,1,103320550401
13.859669867667154,0,103320680201
13.98188297315635,0,103320710201
16.82885113091387,0,103320710202
38.09675357143118,1,103320740201
34.29554718514115,1,103320741101
26.026126957289524,1,103330020601
18.908537705613615,1,103330050101
13.438472340629533,0,103330150501
15.081054804415537,1,103330150701
6.153453664230238,0,103330180201
7.515130799999707,0,103330180202
19.641746453668738,1,103330340501
23.576634472563256,1,103330340502
15.4296617859654,1,103330410201
11.294694524402129,0,103330411001
15.839184683863643,1,103330470102
6.189410855127898,0,103330530301
18.728261713849655,1,103330660201
10.575126049439376,0,103330690201
14.632162457877929,1,103330690202
6.435154730114903,0,103330690203
22.681214464422453,1,103330790201
21.630022427255902,1,103330790202
14.970382262977337,1,103340010401
14.537501818090277,1,103340030101
15.240400972535063,0,103340030102
18.17019328641355,1,103340050101
19.118509208041555,1,103340050102
16.23428224424427,1,103340070201
15.388635639740786,0,103340140201
19.817435012112167,0,103340140202
18.129704173118583,1,103340160101
20.58889105357094,0,103340160102
23.43184022555473,1,103340180101
9.327766119042892,0,103340180102
19.900124276217923,1,103340200201
17.544384465927358,0,103340220501
13.387548027150036,1,103340240101
9.585655831414808,0,103340240102
21.20205182036564,0,103340260101
27.239049805729284,1,103340260102
28.86455585550548,1,103340260103
15.138011557977112,1,103340300201
16.948124424146705,1,103340300202
8.115899084838915,0,103340320901
14.345820792048638,1,103340320902
10.408835221163976,1,103340340201
19.401153500056502,1,103340360201
8.041455140571275,0,103340450401
21.074575581890223,1,103340490101
24.562563419801368,1,103340490102
18.872002241332588,1,103340510201
14.490659571058764,1,103340510202
17.801494530215393,1,103350110201
20.620305562330532,1,103350190201
16.7995604308431,1,103350190202
10.470366119843652,0,103350230201
2.8515081777187046,0,103350230202
50.224288475188644,1,103350790101
44.70688257508898,0,103350790102
40.51315249517685,0,103350830101
18.646150039745788,1,103350980101
19.45062975674158,1,103350980102
7.924590145771117,0,103360020201
8.618162584101936,0,103360050201
18.355457662585273,1,103360050202
12.165359390141319,0,103360080201
11.888000814851797,1,103360100201
15.429649951871166,0,103360100202
11.123410989586027,1,103360130201
16.861098915354773,1,103360130202
21.255185828175435,1,103360260201
19.73943913745171,1,103360260202
24.79828235136143,1,103360390201
20.947418025589926,1,103360440201
11.459794500839463,0,103360440202
10.62172507337891,0,103360490201
5.011536910493992,0,103360540201
13.254614781484124,0,103360540202
13.904523783051275,1,103360570201
24.480973820686533,1,103360570202
17.698029947114957,1,103360600201
7.01052366422047,0,103360600202
22.076937466665697,1,103360650101
13.451635580586785,0,103380010201
14.910220195970947,1,103380300101
24.567172380705415,1,103380330302
46.81480667695703,1,103380350201
18.370130677594076,0,103380380201
15.756219643069745,0,103380410201
13.188497730915088,0,103380500201
18.337347674772978,0,103380610101
21.584707661219447,1,103380640101
24.400405771042333,0,103380670201
27.67114393356918,1,103380670202
10.49733285469351,0,103390050201
10.966977739403765,0,103390050202
8.981169269243114,1,103390100201
0.04562840990508299,0,103390100202
23.727374632319723,1,103390150201
9.664433377718218,0,103390170201
15.45224069096443,1,103390170202
13.478644642887835,0,103390180201
14.145070478078313,1,103390220201
17.22430034486814,1,103390250201
19.266443578418105,1,103390260201
10.46096553543258,0,103400010201
7.673504523639476,1,103400010202
13.85243926017654,1,103400080201
6.132376919958659,0,103400100201
21.52581414274337,1,103400130101
24.061208208519435,1,103400150101
11.419878976617053,1,103400150102
19.161372993846797,1,103400190201
18.70371305601984,1,103400240201
12.201508670977638,1,103400240202
20.53231703208146,1,103400260101
27.291875580452416,1,103400260102
9.506639292472098,0,103400280201
11.935826205326556,1,103400300201
8.218778858142768,0,103400390201
25.231792441193814,1,103400390202
7.923388426128157,0,103400440201
8.767845229708948,0,103400440202
8.557729316110837,0,103400440203
4.236330530469998,0,103400460201
25.807187640174007,1,103400510201
8.844492414408407,0,103400510202
15.334442519290722,1,103400530201
22.74111522460806,1,103400530202
3.714025532137798,0,103410050201
10.14328600607655,0,103410050202
20.68525891854497,1,103410090201
18.071873140170702,1,103410250201
19.670338066523758,1,103410250202
13.886073446644954,1,103410320201
15.105099373640066,1,103410350201
15.219036533475716,1,103410350202
10.476301557990805,0,103410420201
22.645775291430834,1,103410520201
18.14828232213231,0,103410520202
8.190893715907958,0,103410580201
21.653525684471326,1,103410620301
9.781062908636605,0,103410620302
11.930559549077651,0,103410720201
22.354510494289002,1,103410750101
30.925021286023753,0,103410820201
54.64905865028128,0,103420010201
55.43414777005157,1,103420010202
25.328354207403336,1,103420040801
19.32263220006939,1,103420180101
17.485149850308517,1,103420250301
18.58391315369658,0,103420280201
19.27310788993982,0,103420280202
29.299664081572917,1,103420350201
41.39968045825112,1,103420450201
41.065732998827286,0,103420450202
55.161158488510935,0,103420650201
19.46360056644128,0,103420690201
60.33317490556073,1,103420720201
61.70463802107599,0,103420720202
11.61529065370728,0,103420790101
12.343958972827338,1,103420790102
63.76050553412126,1,103420820101
19.897190087372238,1,103430020201
9.389980053316622,0,103430050201
11.32668938878785,0,103430080201
23.22729438028083,0,103430120201
12.918690084620712,0,103430120202
36.03979503187959,1,103430150201
11.916298144708248,0,103430280201
6.188129454866393,0,103430340201
32.29865184648766,1,103430370301
11.50890720927953,0,103430400301
9.811399053954151,0,103430440301
27.200945000499207,1,103430470201
29.597862073745684,1,103430470202
14.371259275736566,0,103430560101
14.462120023901765,1,103430560102
10.183605874846942,0,103430630201
14.618107310138457,1,103430630202
21.3430773639949,1,103430760201
29.539183570636272,1,103430790201
30.742693510610618,0,103440050101
17.785064172452742,0,103440230201
14.767688680402994,1,103440230202
6.092777562120247,0,103440320501
32.11431580144419,1,103440370201
23.299979411891677,1,103440370202
12.233337876083938,0,103440420201
10.227697564776644,0,103440420202
9.559646173073507,0,103440460401
9.37374148147385,0,103440460402
15.176667795555861,1,103440560201
26.800300238352193,1,103440560202
20.83761050382641,0,103440600301
27.82382549744455,1,103440600302
15.298638845392261,0,103440690201
9.061051969555555,0,103440690202
38.556109542994236,1,103440740301
43.0315942327751,1,103440740302
36.06862452428584,1,103440740501
41.98199249321613,1,103440740601
13.788132030100368,1,103440790201
6.320936061148796,0,103440790202
5.817204745482965,0,103440790203
8.167315603627156,0,103440830201
13.180269944838848,0,103440830202
12.003493214933174,0,103440930201
15.702243007757673,0,103440930202
19.416072445472928,1,103441020201
22.990465455868012,1,103441070201
21.458249481706478,1,103441110201
20.86123596606635,0,103441110701
14.040688812226596,1,103441160201
24.224606354237316,1,103450030301
14.191283814991237,1,103450170202
37.89603017404036,1,103450200201
26.45306459389574,0,103450200202
8.608474791943523,0,103450470201
8.751777062216261,0,103450600201
14.854194051328896,1,103450790101
21.024706010897866,1,103450790102
17.57596510736925,1,103450920201
27.48712487257858,1,103451070201
16.2404510031025,1,103460030201
14.083669019445098,1,103460190101
24.341483134657746,1,103460230201
9.863232082585037,0,103460230202
6.989163667716143,0,103460310201
15.188289939670128,0,103460310202
13.302416125720825,1,103460380201
10.69584417159883,0,103460380202
9.025262687086007,0,103460420201
13.451984969982997,0,103460460201
24.16109116525307,1,103460540201
20.285621815362067,0,103460540202
4.153055715700465,0,103460580202
7.936981645499312,1,103460620201
7.445112607916233,0,103460620202
19.395805066583048,0,103460660201
10.484572291952194,0,103460730201
13.030487903628856,0,103460730203
8.604546697333898,0,103460810201
19.015947881036883,1,103460850201
16.3401835041822,1,103460890201
6.638398547377172,0,103460890203
22.53238840213443,1,103460930201
23.91078238897609,1,103470030201
13.047833802943618,0,103470030202
24.04938609016552,1,103470070501
15.498991701550157,0,103470070502
7.842229605461327,0,103470110101
21.08285859140109,1,103470190201
16.91560306377545,1,103470190202
21.610991404322487,0,103470270201
32.739065348600285,1,103470420201
10.249637015469277,0,103470420202
24.826531893489644,1,103470580201
7.14653105058464,0,103470580202
24.519209741669087,1,103470580203
6.814095172940708,0,103470690201
27.88951103807861,1,103470690202
21.023913102105087,1,103470730201
17.02890058681274,1,103470810201
19.895558860892358,1,103470810202
5.1387625263851655,0,103470850201
13.999474051913648,0,103470890202
23.779533666309927,0,103480220201
35.43839633274639,0,103480320201
53.77096458817704,0,103480360101
48.289015590545304,0,103480360102
49.0329881223551,0,103480430201
34.993919308998734,0,103480490201
39.82818958334228,1,103480600601
51.23231768066095,1,103480770201
18.723046499794147,1,103490170101
14.061640019262562,1,103490170102
15.778793838247115,1,103490290201
46.25496101917077,1,103490320201
35.697520382837645,0,103490320202
52.66809270263652,0,103490350202
52.19450845907678,1,103490430201
43.374860472252884,0,103490430202
55.8507663316296,1,103490520101
42.45979320495221,0,103490520102
55.570286823088395,0,103490660201
55.52505623533572,0,103500020201
44.6554110123662,0,103500040201
38.771620346643424,1,103500120201
40.90138261496786,1,103500120202
15.866593183042818,0,103500150201
50.94879467106133,1,103500170101
31.11704046795061,1,103500400201
21.931735672457613,1,103500400202
38.61293608974225,0,103500430201
23.52941774380091,1,103500480201
28.979112062844713,1,103500480202
50.07573270963601,1,103500580201
25.72123515352134,1,103510170201
14.345139659515663,0,103510220201
29.864577289025537,0,103510360201
8.016381156202105,0,103510450201
54.39942683757487,1,103511150201
11.421199698628545,0,103520010201
11.623644025883706,1,103520010202
18.23643673979798,1,103520500201
5.084025072719271,0,103520500202
13.540128614658158,0,103520500301
28.714344425044374,1,103520580101
34.40207723976946,1,103520630201
32.170039905177255,1,103520630501
19.868108231009046,0,103520720201
39.960879872726366,1,103521030101
16.184867838545458,0,103530120101
16.611485014872635,1,103530220201
18.338328401507074,0,103530220202
20.537276756964083,1,103530300201
17.20227762967012,1,103530510202
12.360557229610933,0,103530540201
21.881661005932514,1,103530540202
24.26882233343583,1,103530580201
9.406852233793382,1,103530580202
14.283010447192883,0,103530580203
20.22292184950524,1,103530620201
13.07130317442202,1,103530620202
17.55408360592348,1,103530690101
21.319068792030258,1,103530720101
25.59624904576703,1,103530760201
9.178260220940835,0,103530760202
9.20081925536017,0,103530790201
9.351716841374744,1,103530790202
8.803055287862897,0,103530860101
9.027672183883777,0,103540020401
8.861839019168713,0,103540080201
14.418547160591299,0,103540080202
8.919662264452647,0,103540130201
8.455520120745232,0,103540160101
12.646798110153732,0,103540190201
9.579963910754946,0,103540190202
16.733058905314977,1,103540250201
10.901868499218155,1,103540250202
21.90369737931549,1,103540270201
9.67292367502801,0,103540300201
18.02509464660113,1,103540300202
9.33615302469403,0,103540330201
17.991947383702232,1,103540360201
8.66442170546219,0,103540360202
12.523518539266451,1,103540390201
12.096624182596946,1,103540390202
12.795459042215844,0,103540420201
6.366190600459763,1,103540530201
7.965156115218996,0,103540560201
12.441904751740285,0,103540560202
13.489103544107302,0,103540560203
11.251357447573017,0,103540590201
10.104199785695291,0,103540620201
13.018692941342607,0,103540640201
13.278307976407925,1,103540670201
6.186981968582213,0,103540670202
35.279305229732614,1,103540700101
3.6650144671894234,0,103550040201
7.788022667195733,0,103550090401
12.992000754712965,1,103550190201
9.161617539906201,0,103550240201
22.675800808332223,1,103550240202
0.46749085031426496,0,103550240901
20.35643753464082,1,103550240902
9.962215315880767,0,103550280201
30.759533039073762,0,103550380201
28.98411400155948,0,103550380202
5.31810224285415,0,103550430201
16.231407903999298,1,103550570101
14.255660645824655,1,103550620201
29.227803991443416,1,103550720102
17.006593018404367,1,103550810202
27.35120249478419,0,103550910201
23.48025490600451,1,103550960601
15.29426665194982,0,103551000102
8.825405312100639,0,103551050201
27.29912264831788,1,103560020201
18.805687378241604,0,103560140201
8.441251219497051,0,103560140202
6.6493610416926305,0,103560200101
31.06172107544106,1,103560260201
11.020298392603205,0,103560260202
17.78835871256929,1,103560310201
13.118570010949954,1,103560370201
7.244462471219606,0,103560430101
9.613325347600663,0,103560490201
14.598861856918479,1,103560490202
4.665903963014963,0,103560730201
14.661793174682005,0,103560900101
13.625361493986542,0,103560960201
17.883102404366433,1,103561020201
19.419748044178192,1,103561250201
20.500880240350643,1,103561250202
20.64828517887634,1,103561310201
12.884687261083663,1,103570030201
23.851166596398983,1,103570050201
20.872751946295686,0,103570090201
13.001009686668269,1,103570090501
20.38131964335865,1,103570140201
18.26094019903196,1,103570230101
10.311720829171861,0,103570270201
24.55902247965043,1,103570290201
16.252999057196288,0,103570290202
9.451052166682965,0,103570320101
14.071526820862303,1,103570340202
16.26329301593712,1,103570380201
19.666627619369716,1,103570380202
18.865082393932006,1,103570500201
12.811756602432528,1,103580020201
27.255338426243434,1,103580020202
9.925693391114883,1,103580050201
23.25472344156342,1,103580050202
7.926862073887735,1,103580110201
0.0,0,103580160201
15.099898882854951,0,103580160202
20.621794735984,1,103580220201
16.16322501644653,1,103580330201
13.695303381163924,1,103580380201
9.900436720335984,0,103580380202
7.468223612621171,0,103580440201
17.054803620538927,1,103580460101
15.158956503116944,1,103580490201
7.261470297945204,0,103580490202
13.4459660823537,0,103580490203
12.660095263896288,0,103580510201
9.299812749235421,1,103580510202
25.17245781809614,1,103580510203
35.764188650687785,1,103590010201
27.07038422114015,0,103590010202
12.02724425882101,0,103590090201
10.192956668040285,1,103590150201
15.347821961975534,0,103590250201
16.715583048735247,1,103590270201
7.915763151189657,0,103590290201
16.96468753308866,1,103590290202
4.252384509238322,0,103590330201
14.592159418415482,0,103590390201
19.55900758950987,0,103590450201
19.06386590380324,0,103590450202
30.56524415460238,1,103590450203
17.147970941027996,0,103590470201
56.61871780099763,1,103590490201
36.332129325505726,0,103600150201
38.58452682966276,1,103600150202
24.4372354576386,0,103600170201
22.886554693552068,0,103600170202
22.89845085747745,0,103600200201
24.072590220865166,1,103600200202
16.71268740515786,0,103600250201
17.70937921489786,1,103600250202
14.168569617361879,0,103600280202
15.025198116566573,1,103600300101
12.754193625558749,0,103600330201
20.344199252516848,1,103600330202
15.793768590749728,0,103600400201
16.727967901282945,0,103600450201
21.21002436856746,1,103600480201
14.781294621770614,1,103600480202
8.805830401129683,0,103600500201
13.252923619668836,0,103600530101
21.976266181066997,1,103600530102
20.70660113055048,0,103600530601
18.048302010179913,0,103600530602
26.47136197951024,1,103600580501
16.13306931448188,0,103600580901
13.344644364805514,0,103600600201
18.666835902256082,1,103600600202
11.948707812828115,0,103610010201
12.557628860739662,1,103610030201
26.407067512153496,1,103610070201
18.112394772571363,1,103610070202
21.16989861369178,1,103610120201
23.928499851848734,0,103610170201
29.610878771777216,1,103610170202
8.34870328105311,0,103610230202
22.42418964109726,1,103610300201
24.69903282531505,1,103610300202
6.634558227251311,0,103610320201
15.6810478921691,0,103610320202
18.383322179390447,1,103610350201
18.754084637482244,1,103610350202
19.63992279511071,1,103610440201
14.47065104817313,0,103610440202
12.745305709338083,1,103620010101
15.205362341345625,0,103620020201
11.89676005316041,1,103620020202
15.294726930819786,1,103620020203
10.782954286167614,0,103620030201
11.59565103332337,0,103620030901
20.352704546019254,1,103620030902
16.8818224569021,1,103620060201
8.374940213937984,0,103620060202
12.033612900638106,1,103620060203
8.84347824660247,0,103620070201
15.89448288550605,1,103620080201
7.049014275143098,0,103620090201
15.652862649851937,1,103620090202
14.545154356534153,1,103620100201
14.816383912193704,1,103620120201
6.528911537192646,0,103620120202
26.586716926011896,1,103620130201
4.945663548514765,0,103620140201
21.531368877127285,1,103620140202
15.530832136908131,1,103620160101
12.830358859947548,0,103620160102
4.517449571294364,0,103620170201
17.204330927591336,0,103620170202
10.238011590857644,0,103620180201
13.208467351434052,1,103620180202
17.466962900777823,1,103620190201
17.476217694294704,1,103620200101
15.318070966513336,1,103630040201
13.262372693322853,1,103630070201
11.076325919159963,1,103630070202
13.178445039632972,1,103630100201
21.12240182400007,1,103630100202
15.033172643970858,1,103630170201
15.428346056689238,1,103630290101
9.326857656237625,0,103630290102
17.243906120527193,1,103630330201
22.677647913695658,1,103630330202
12.476486930130385,1,103630450201
18.85785684430472,1,103630450202
7.402254141087246,0,103630520201
5.387491206797551,0,103630520202
18.899093728100336,0,103630580201
17.134918965110234,0,103630610201
20.296571607909566,1,103630710101
21.259938311324277,0,103640010201
26.82701418575222,1,103640010202
6.993034302042716,0,103640050201
4.999823023819762,0,103640070201
15.493463681645705,1,103640070202
19.94624848581649,1,103640090201
15.745423113936855,1,103640110201
7.70493295176996,0,103640110202
16.717147507947814,0,103640160201
26.403528189335024,1,103640160202
11.046605356285891,1,103640240201
16.933745106214104,1,103640300301
9.052414017678782,0,103640300302
26.73089987785343,1,103640300303
9.938068906665244,0,103640320201
8.51481105392256,0,103640320202
19.16510161894591,1,103640321201
6.529495969796168,0,103640360201
17.409430972728394,1,103640380201
13.415317011239509,1,103640380202
7.204313216321989,0,103640400201
9.021177310851439,0,103640400202
14.668407885996498,0,103640420201
11.866737860140049,1,103640440201
16.976295675766274,1,103640440202
19.316728701343777,1,103640440203
20.048273565307177,1,103640460201
3.3161411372951903,0,103640460202
6.317315666411254,1,103640480201
14.064216385846763,0,103640480202
12.120773773066903,0,103650060201
16.409064676701277,1,103650060202
15.703711829532782,0,103650080102
8.233406917445063,0,103650230201
12.56344027625081,0,103650280201
7.19994635303199,0,103650280202
11.789607829319639,1,103650360202
11.781413062548953,0,103650360203
18.766325439784005,1,103650390101
18.319094671302068,1,103650390102
8.92832828134991,1,103650410201
1.1031879924491275,0,103650410202
16.763482388257984,1,103650520201
48.073102999834774,0,103660010201
51.44897586963738,1,103660020101
16.946344912666884,1,103660140201
7.4987290629549115,0,103660140202
19.230914576369994,1,103660180201
13.478754019500641,0,103660180202
23.910537644986782,1,103660190203
5.707832669360659,1,103660230201
22.839116448702278,1,103660250201
60.278656849579,0,103660260801
61.93373357625702,1,103660260802
23.812015576698407,0,103670220201
13.044319944001021,0,103670270201
26.158542944950447,1,103670270202
17.54055134440525,1,103670270301
21.776345798766123,1,103670270302
47.60154518749796,1,103670570201
30.077551417272158,1,103670670201
39.73034631827521,0,103670720201
47.38030922165846,0,103670840101
50.25875143229265,0,103670840102
11.267275003915032,0,103670890101
61.53546193110344,0,103670980202
11.666747437225485,1,103671190201
10.344949874103985,0,103671190202
55.51490076609583,1,103671220101
52.52747935906884,0,103680140201
50.93924613674921,1,103680140202
45.836101228746315,0,103680210201
58.41985331579082,1,103680640101
42.97376523908018,1,103680730201
49.88773100959306,1,103690140201
44.126372286129126,0,103690170201
58.107313435681505,1,103690280401
46.167710002984215,1,103690320801
45.22984669297863,0,103690320802
48.03722446173955,0,103690790301
55.50415562906643,1,103690790302
51.21039416341943,1,103690790303
55.689466697660194,0,103690800201
57.100925404146196,1,103690800202
48.45952951901323,0,103700140201
46.09587684247287,0,103700350101
55.07305580863353,1,103700490201
46.79031048689106,0,103700490202
57.45748231637433,1,103700590101
49.41995998939066,0,103700590102
60.47547267162619,0,103700660201
42.95890585870333,1,103700730201
60.09854837028566,0,103710070201
4.820419499803626,0,103710310201
57.85775733345048,1,103710430201
5.816580846240705,0,103710580101
29.17811309520507,0,103710610301
31.530597408836403,1,103710610302
43.484198149505424,0,103710820201
47.82699418728738,0,103711130201
20.804872759136938,0,103711170201
23.321296760393302,0,103711170202
21.116789526712914,1,103711170203
33.03895383628442,1,103711230201
30.105816402141958,0,103711230202
53.15429573633962,1,103720110201
30.768424356641926,1,103720520201
35.1779703630175,1,103720520202
22.026410553993827,1,103720550201
53.88759569281926,1,103720680201
52.069671407549386,1,103720810201
45.641938834019115,1,103720910101
52.77548490118021,0,103720950202
55.57950842141462,0,103730010201
33.072751835850816,0,103730220201
33.38768481504991,1,103730220202
16.60124216460479,1,103730470201
13.727549495720446,0,103730470202
18.59621899733734,1,103730610201
32.86039909944709,1,103730670201
14.640712909541566,0,103730970201
44.60685407000675,0,103740190201
47.11871313380384,0,103740190202
32.846201810700144,0,103740380201
23.658520437604544,0,103740650201
16.057346118341798,1,103740950101
4.738538526318961,0,103740950102
56.24511557816916,0,103750080201
50.90793934336734,0,103750120201
58.59338007422045,1,103750330201
59.6894016501345,0,103750430201
49.888419391561406,1,103750520801
52.512853120523765,0,103750580101
58.59831659224853,1,103750600101
54.50757377012562,0,103750660101
61.55503039280789,1,103750660102
56.087050635172844,0,103750660103
47.99449812646237,0,103750710201
53.8657098826794,0,103750710202
58.65198597778009,1,103760020201
43.81497714281573,0,103760100201
61.51391212583615,1,103760630201
56.34014845508831,0,103760830201
63.35033284954272,0,103760830202
63.092631733967025,1,103760830203
47.86726049879218,0,103770040201
47.87957702666403,0,103770040202
56.12813803225543,1,103770230201
55.19566432308895,1,103770360201
48.28750864429701,1,103770680101
59.99985381751104,1,103780330202
49.43511270880282,0,103780690201
58.90902364263334,0,103780760201
56.471528996288384,0,103781090201
9.253718046911862,0,103790020201
37.6050279148422,1,103800110201
32.50234699702155,0,103800420201
42.946662413164375,0,103810320301
39.30303154654482,1,103810470201
21.04916600102075,1,103810680201
8.879470853794494,0,103810680202
12.030661591305478,0,103810730101
11.739611819334101,0,103810730102
8.90618588405165,0,103810730103
6.911411422199757,0,103810930401
12.766910543581151,1,103810930402
34.045649749526305,1,103820270201
26.095937584119078,1,103820510301
20.066708877640053,0,103820510302
25.52362191452421,1,103821370201
46.349341893170404,0,103830340201
50.09254298594893,1,103830480201
56.84943206414708,0,103830530201
23.711072978569504,1,103830570101
55.49130289820921,0,103830610201
47.808060395413676,1,103830660201
49.37635531890685,1,103830880201
49.99573911799828,0,103830880202
47.212479987007875,0,103830920101
53.99990204919839,0,103831000201
30.94978105404012,1,103831140201
42.23506955039404,1,103840030101
46.672924091829486,1,103840210101
62.3951197529954,0,103840510201
37.05995395383754,1,103840720102
23.995775889918296,0,103840720103
54.27805860861686,0,103840750101
53.96780867818559,1,103840750102
55.12920188109408,0,103850160201
33.31848033379122,1,103850540101
46.03538361028191,1,103850960201
53.97167389909917,1,103850960202
47.682368580937634,1,103851010201
14.498691679760874,0,103860060201
18.60380376783001,1,103860060202
15.783602369435531,0,103860180101
15.384284142094131,1,103860180102
27.508600268511334,1,103860270201
29.568871105439975,0,103860390201
13.817998255232357,1,103860800201
25.05275198188923,1,103860820201
16.128634130908473,0,103860820202
28.83629747877727,0,103870040201
39.30978781909628,0,103870240101
18.991896877449413,1,103870710201
30.621198865633723,0,103870770201
34.37108243960355,0,103871150201
31.620932907796934,1,103871590201
17.901247843407354,0,103871820201
20.097624535306785,1,103880070101
16.057020431655108,1,103880070102
25.414934055310646,1,103880120201
25.794145903377203,1,103880120202
42.01435887176989,1,103880200201
24.967514137489307,0,103880200202
25.305793531852082,1,103880500401
26.071330490032626,0,103880710101
27.719394638335892,1,103880710102
17.06861417903611,1,103890330201
18.2319296078639,1,103890330202
31.753370667082436,1,103890360201
19.402757894192703,0,103890360202
13.883174788475161,1,103890460201
10.818401160684884,0,103890510201
41.63318589164903,1,103890590201
6.412237375442748,0,103890930201
8.779509131945618,0,103890930202
12.898044331755301,0,103890930203
42.39910756778172,1,103900170201
44.11738937038527,0,103900270201
24.78566303854085,0,103900350201
29.64587705129337,0,103900410201
14.615755932574583,0,103900540101
39.97364728608953,0,103901060201
45.904208691864135,0,103910200201
26.488609854504883,1,103910260201
44.02632594069912,1,103910310201
41.00738216574257,1,103910400201
48.18195869262587,1,103910430201
24.72194845140392,0,103910510401
34.70426150452002,1,103910540201
36.78188550258506,1,103910680201
18.692716958836577,1,103910710101
5.833224967239113,0,103910730201
11.425421705569189,1,103910730202
14.630803696152993,1,103910730203
18.927075347755235,1,103920200201
52.00486054586244,1,103920370201
47.24329013186199,0,103920380201
59.37696913460227,1,103920400201
58.76309419545774,1,103920410201
55.798919235814814,0,103920420301
50.43523635319933,0,103920420302
59.19506009921583,1,103920500101
13.373830517854982,1,103930110401
0.673633879961578,0,103930150201
14.558373233428028,1,103930150202
16.211809023423612,1,103930150203
8.023833235105617,0,103930290201
13.621822958020607,1,103930290202
23.42316055804994,1,103930470101
21.19487200979904,1,103930470102
10.85540397143673,0,103930510201
7.3663752241896505,0,103930560201
13.607945466979764,1,103930560202
13.547455869848559,1,103930660201
7.456514383891209,1,103930660202
23.868372522692336,0,103930860201
23.30654261011927,1,103930910201
22.26869095622923,1,103930910202
16.188664281441845,1,103930950101
3.3087958607592993,0,103931030201
14.972287393242183,0,103931030202
27.742021422690506,1,103940040101
13.904968064854137,1,103940040102
3.602264679979897,0,103940060201
14.929021321556323,0,103940060202
14.501525486252948,1,103940090101
9.18832781373747,1,103940090102
8.251329092132526,0,103940180101
9.68867164550272,0,103940180102
15.631451016437417,1,103940310101
23.13972045645159,1,103940330201
21.027189452372106,1,103940330202
6.208950432161998,0,103940330203
3.7941541172825133,0,103940360201
8.136927713117027,0,103940380101
10.083293799590964,0,103940380102
20.987343141618695,1,103940460201
13.115066764847743,0,103940480301
11.309705009038886,1,103940510201
7.164556717857911,0,103940610201
3.8180411344113336,0,103940610202
20.039257665856905,0,103950010201
19.145737116611052,1,103950070201
10.117906971502064,0,103950070202
15.313312586675412,1,103950220201
18.034303117383942,1,103950220202
22.86052337249069,1,103950220203
17.739125149089823,0,103950270201
18.46720441447483,0,103950390201
26.997037711278494,1,103950390202
18.97123169428238,1,103950670201
13.551440454842169,0,103950670202
12.316116879233757,0,103950780201
8.297457343737332,0,103950780202
11.288209421426352,0,103951070201
10.609044510945548,0,103951200101
13.97634936629406,0,103960040601
16.867363506116423,0,103960040602
11.929188088823867,0,103960070201
18.99576507097443,1,103960190201
14.077693758921315,1,103960320201
12.543134375435683,1,103960350201
17.296682077777092,1,103960550201
23.484840708565923,1,103960550203
21.650573761109577,1,103960690201
23.20014096555405,0,103960720201
10.59893951161002,0,103960720202
20.637807497538308,1,103960750201
21.38382572351794,0,103960750202
18.313677520913565,1,103970440801
14.447722895803127,1,103970440802
14.66619688273559,1,103970480201
15.854373077346196,1,103970480203
20.108563645417654,0,103970520101
13.68982363009799,0,103970540101
9.996091131487448,1,103970540102
26.52452085969241,1,103970610201
8.12953631809118,0,103970610202
21.10956884913002,1,103970610203
11.864793054030303,0,103970710101
16.253877653408004,0,103970760101
21.51557648190613,1,103970760102
8.915669042622111,0,103970840102
4.891451631232864,0,103970980101
14.003411273639122,0,103970980102
9.600390063468636,0,103970980103
19.14715981408441,1,103971020101
31.97647900672257,1,103980040201
15.145596921527272,1,103980040202
9.55037330522736,0,103980100201
9.235800588218092,1,103980100202
21.949882758606314,1,103980200201
9.133988802173388,1,103980200202
14.602255926511393,1,103980280201
12.266603056757008,0,103980280202
14.840460513309809,1,103980470101
11.28402987172464,0,103980540201
11.44160852707573,0,103980540202
25.88841429928263,0,103990130202
35.12610598320519,1,103990240201
35.936799569004044,0,103990330101
25.528852057641352,1,103990480201
38.5026155210305,1,103990690101
45.53862362602422,0,103990730201
34.25579321356062,0,103990770501
23.84688791656222,1,103990990201
42.80132553109144,1,103991030201
60.041476030167296,0,104000370101
50.59472202713572,1,104000580101
55.644887987913755,0,104000820201
41.32252933812192,1,104000920201
37.809677145458714,1,104010180201
38.42456542360711,0,104010260101
19.107739879750945,1,104010320201
32.363867227125084,1,104010400201
50.70007381132565,1,104020140201
47.204434168852856,1,104020140202
43.880037519189734,1,104020520201
17.04119276134683,1,104020790101
11.144782278338829,0,104020790102
63.17969907654722,1,104030650201
48.79480269959454,1,104030890201
58.047181786971485,0,104030910201
46.683454228844006,1,104030980201
36.28351803771017,0,104031160101
58.71944922251962,0,104031230201
44.88536518109941,0,104040340201
39.905767317948666,1,104040340202
46.84691189694762,0,104040410201
66.96124918798057,1,104040410202
47.55641603816889,1,104040740201
34.5165627398008,1,104040970101
30.230506558757043,0,104041500101
51.192710204792135,1,104051320201
60.90880314495423,1,104060030201
48.09224580424045,0,104060100101
50.173164201900356,0,104060170201
49.78364907852948,0,104060270201
62.33334920176509,1,104060270202
56.24624040825894,1,104060450201
58.83500564257221,0,104060710201
64.18497207861714,1,104060740201
59.720952642006594,1,104060890201
59.12755618641243,1,104060890202
57.09128745997168,0,104060910101
63.44955394916528,0,104070110201
60.60564488320351,0,104070190201
56.39628478353749,0,104070240201
57.6780788164272,1,104070240202
61.67168662027916,1,104070370201
50.85164766402548,1,104070650201
68.6667783282521,1,104070930201
62.65403962114289,0,104071020201
36.22240197059108,0,104071170201
41.8555069791699,0,104071170202
55.41028124292205,1,104071340201
56.63879191957942,0,104071340202
55.72089192751796,1,104071360101
58.46385123775094,1,104080030201
61.17353580178714,1,104080030202
39.1950644502484,0,104080160101
38.369645470425255,1,104080370201
60.120947281206334,0,104080500101
56.03217795412585,0,104080500102
52.01651418156754,0,104080500201
56.37046737149298,0,104080500202
46.9719141990179,1,104080590201
36.001871716948344,0,104080810101
44.49081073680409,1,104090060201
41.217994167338944,1,104090060202
29.25463862108778,0,104090250201
22.494679027330022,0,104090250202
19.937125702051176,0,104090460201
20.459988141706052,1,104090860201
18.70095810661965,1,104090860202
12.243938278420316,1,104090980201
14.807220035952502,1,104090980202
34.50685769995846,1,104091020701
38.558092919168054,1,104091020702
22.29500406159037,1,104100010201
9.228456860826128,0,104100460201
35.34055329375767,0,104100500201
27.022249164370912,0,104100610201
24.24152712762553,1,104100900101
14.973778365895601,0,104100900102
24.63021677156461,1,104110030201
22.02927161654885,0,104110160701
16.443969182553758,0,104110290201
14.739052394162417,1,104110290202
20.676190105131855,1,104110290203
32.95579230591235,1,104110310301
26.74707964176674,1,104110440201
27.516078939478785,0,104110490201
29.116499236198916,0,104110490202
51.09367025033276,1,104110540201
18.262148446617225,1,104110560201
8.581287365327837,0,104110560202
18.562938531284175,0,104110650201
11.859027205272701,0,104110650202
18.728655315924545,1,104110650203
35.81384253151439,1,104120060201
31.273244574569084,1,104120100201
57.90640285339312,0,104120230201
25.20645503166839,0,104120270201
33.65794210915875,1,104120310201
44.1421988782587,1,104120310202
57.16059456569983,1,104120400201
43.95564711214887,1,104120480201
63.34802648306089,0,104120700201
38.54481532721708,1,104120980501
24.084313836211052,0,104120980502
46.77977492754229,1,104121150201
51.56038101707982,1,104130030201
23.09760771236434,0,104130130101
48.5742262083884,1,104130190201
45.313563948055275,0,104130190202
42.04630058416932,0,104130190203
23.838477101439494,1,104130270201
9.348072301823018,0,104130270401
45.675056786906694,1,104130330201
33.21758217117976,0,104130480201
39.941767984969744,1,104130500201
32.665211019759155,0,104140310201
35.588244254438685,0,104140310202
49.61424629745642,0,104140370101
30.882779012725948,0,104140610201
21.061091276573755,1,104140610202
40.114079517937014,1,104140650201
25.857621182089304,0,104150140201
32.46985945299448,1,104150140202
62.328607349783496,1,104150240201
62.58878901022497,1,104150330101
39.48501986072726,0,104150350101
15.299471048029245,1,104150390502
18.73030915159672,0,104150390503
53.688506576030406,0,104150440201
35.96342378482287,1,104150620201
35.4272953105148,1,104150620202
42.282185085177126,1,104160060201
33.8246573103978,0,104160060202
33.8026074115025,0,104160060203
19.107914017061077,0,104160170201
26.86770312707094,0,104160310201
31.04603084002034,0,104160310202
27.09082429920519,0,104160410101
32.815055101869476,1,104160430101
20.71150969657691,0,104160500201
14.399521321614227,1,104160560201
18.265680114648752,1,104160560202
31.937201383040048,0,104170440101
59.808406806042846,1,104170490401
26.51512480589561,1,104170870101
41.37969210999946,0,104180030201
30.636701901683917,1,104180160101
26.586267225741366,0,104180160102
29.889740418671987,0,104180200201
34.61079853057832,0,104180250201
28.663502639389172,0,104180410101
33.35140768561296,1,104180520201
24.343275429420146,0,104180520202
35.23402301271518,0,104190160201
41.2196490900096,0,104190200201
41.43072495073899,0,104190300201
35.7963063118693,1,104190360201
27.929551039590976,0,104190480201
28.475107026705622,1,104190510201
55.7308931581609,1,104190550501
24.48390149387403,1,104190580201
60.72041298107642,0,104190760101
42.70725348487435,1,104190820201
24.698315151342022,1,104200130101
27.679065288675453,1,104200240201
15.475778208392022,0,104200280201
39.83059330891776,1,104200320201
14.383000954559293,0,104200350301
23.091920460993766,1,104200350302
29.779327904630627,0,104200380101
24.269771709871158,0,104200380102
25.21025099586455,0,104200560201
39.84992289971227,1,104200590201
38.93917228077148,0,104200720201
50.970863380006676,1,104210050201
51.389709112548665,1,104210850201
29.378014402940106,1,104211140101
28.050190520381236,1,104211140102
38.61527250571394,0,104220650201
43.05252321351047,1,104220750101
45.92822572197515,0,104220790201
47.036923331661264,0,104220790202
39.018563790938806,0,104240010101
24.755438180578825,1,104240270201
18.369378373849194,0,104240330201
30.258056935959218,1,104240500201
30.46245931899146,1,104240540201
27.14461340004429,1,104240560201
26.092680577649194,1,104240560202
30.390079804245154,1,104250350201
38.57868677193228,1,104250350202
25.267581287852675,1,104250600201
20.924391609504905,0,104250600202
17.38383601414241,1,104250760201
16.36806618111313,1,104250760202
13.316728531603612,0,104250760401
24.875385796498612,0,104250960201
50.0580156431656,0,104260230201
60.181481305008305,0,104260280101
45.26076988874907,1,104260580201
46.420297709832525,0,104260620201
46.667673644308586,1,104270040201
28.68476162108486,1,104270090101
39.31630124464088,0,104270170101
39.49931523913875,0,104270260101
29.47296945058233,1,104270300201
19.446040316864597,0,104270300202
28.804977575049723,0,104270340201
25.316486367179586,0,104270430201
44.43867766343895,0,104270740201
41.43877482164678,1,104270780201
23.521790284453864,0,104271050201
65.29650365756744,1,104271100101
24.817452726557462,1,104280120301
18.420653796619586,0,104280260201
50.8470097471136,1,104280310501
39.34441467972772,1,104280310801
32.071320900285,1,104280410201
4.016732812036077,0,104280650201
63.3253868006483,1,104281090201
29.128373701342635,0,104281230201
41.398329467213955,1,104281290201
54.42517515472869,0,104290220201
53.44343422057324,0,104290290101
59.333820384748684,0,104291120201
55.904652679074445,1,104291190201
50.045542664159065,0,104291220101
51.90827486169291,0,104291250201
48.098225219798145,1,104291380201
53.049760016102276,1,104291380202
30.170174620700227,1,104300150201
11.73338885817089,0,104300170201
30.10045087755709,1,104300200101
24.640941420227726,0,104300200102
32.5514108805631,1,104300230201
20.043563700856996,1,104300390101
50.444959313547145,0,104300450101
51.48447718484007,1,104300450102
12.318689290362252,1,104300480101
20.927217539013988,1,104300500201
17.91972950093634,0,104300500202
12.412191566074963,0,104300540201
13.665420793473254,0,104300560201
9.597333730207467,0,104300560202
22.889008231879895,0,104300590201
17.403121986693403,0,104300590202
30.976335156342763,0,104300590203
34.18253288925875,0,104300640201
36.91179695688386,0,104300640202
55.06497035413623,1,104310090801
52.03336548676031,1,104310090802
32.065034819633475,1,104310180101
50.61019832372229,1,104310500201
53.977268514621905,1,104310500202
38.7038566296063,0,104310730201
38.34663285540524,0,104310730202
44.811201575546164,0,104310920201
42.257800551550325,0,104310920202
46.806635638858275,1,104311050201
29.05625065614147,0,104320030201
48.26361809592257,0,104320070101
30.453661858019874,0,104320090201
20.721826008414943,0,104320100201
23.553508209057707,0,104320100202
39.54923336359593,1,104320110201
35.74640348443866,1,104320170201
43.10406194943057,0,104320180201
56.987741895791245,1,104320190201
56.74449658327951,0,104320200401
40.01681733809774,1,104320240201
51.62129857344597,1,104320250201
51.71912538928605,0,104330030101
54.54812260711889,0,104330090201
43.36450163061062,1,104330100201
39.25245938560044,0,104330100202
58.425799796602476,1,104330120201
56.46969298983852,0,104330140101
56.88884138464172,0,104330140102
50.71308430576981,0,104330180201
49.24281636394932,0,104330200201
60.00391553592443,1,104330300201
51.52161098067233,0,104340040201
57.844057409276054,1,104340040202
58.86557215219481,1,104340060201
47.84084215261779,0,104340130201
40.34869004012473,0,104340290201
52.76701787331977,1,104340310201
47.75169520115166,0,104340310202
36.57175245339332,0,104340350101
29.153247888976026,1,104340380201
29.625736541276368,1,104340380202
54.353131093991614,0,104340560201
57.466483459640415,0,104340560202
6.140465469088499,0,104350030201
5.423936366648002,0,104350030202
45.367681348732255,0,104350060201
26.450709196273916,0,104350080201
18.242363091330564,1,104350100101
10.63091659520314,0,104350100102
33.087038605574925,1,104350150201
20.03998002012572,1,104350200201
24.151134357645237,1,104350290101
20.352274460855142,1,104350290102
13.504647911940019,0,104350300201
21.765091350418032,1,104360020201
21.22994571929771,1,104360020202
21.63365834639489,1,104360080601
26.08140989474181,1,104360120201
2.4562852031616718,0,104360120202
19.10124411491547,0,104360180201
28.82535296481482,1,104360180202
14.426673178965927,1,104360200201
22.050399867500825,0,104360330201
13.416594421477836,1,104360350101
32.66103096799517,1,104360370201
15.218374842836045,0,104360430201
8.457780872645495,0,104360450201
19.790618776624182,0,104360470301
23.969145005355976,1,104360470302
22.920762693254215,1,104360510201
13.19788756499341,1,104360510202
11.094458568323741,1,104370150201
27.50430169023354,1,104370150202
11.454187412593678,0,104370180201
9.77881435757337,0,104370210201
3.9036745262983015,0,104370300201
14.610052486670288,1,104370300203
29.31682750553533,0,104370330201
10.107057702660121,1,104370390101
9.896526437034883,1,104370390102
27.792789926138735,1,104370430201
22.95189240256382,1,104370460201
12.413210103854082,0,104370520301
17.374778682069056,1,104370610101
10.194438111148871,0,104370610102
10.258029330378587,0,104370680201
6.514726010893593,0,104370680301
25.98385715787463,1,104370680302
24.152297909827222,0,104370740201
21.53113653366619,0,104370740202
11.182165169385586,0,104380060101
9.44924990736474,0,104380230101
5.68983061877426,0,104380270101
10.38482581179403,0,104380270102
17.33554147860528,1,104380370101
11.005831845048029,0,104380410201
13.60394155459522,0,104380440201
10.172819164753069,1,104380440202
5.718329281874148,0,104380480201
20.47267419374218,0,104380580201
16.734324046880843,1,104380610201
19.424967602580235,0,104380650201
11.550938657710436,1,104380680201
21.52507492756134,1,104380720101
6.342733478907637,1,104390030201
22.335464215684443,1,104390030202
8.717432101842972,0,104390140101
24.465269272618237,1,104390140102
6.752037067342279,0,104390180201
20.971003316655008,1,104390180202
8.130374952306813,0,104390260201
21.117960862292584,1,104390260202
20.436911086928994,1,104390380201
8.170661587397845,1,104390380202
7.144134667890398,0,104390650201
15.853244579145302,1,104390730201
17.4688155036392,1,104390810201
6.417136571583288,0,104390890201
11.804161587328538,0,104390890202
16.893019862304303,1,104390930101
21.684114781645594,1,104400020201
13.667285710801185,1,104400040201
17.93921585338156,0,104400170201
9.152285213533148,0,104400340201
20.543540912025776,1,104400370101
19.68028358935416,0,104400370102
15.123268237633729,1,104400390101
5.249407229951911,0,104400440101
17.54021826811961,1,104400490101
14.151207804010262,1,104400540101
8.505374181665639,0,104410170101
8.766269086923046,1,104410360201
11.918406845816378,0,104410560201
19.130740716299897,1,104410660101
21.984529461074644,1,104410700101
24.475487538102385,1,104420120101
9.746265327279174,0,104420120102
15.287987472177743,0,104420240101
16.203344247840562,0,104420550201
10.463011876401596,0,104420640201
19.421704986829013,1,104420640202
25.06074086423517,1,104420730101
5.898551436752739,0,104420730102
16.806857985368122,1,104420730103
19.574492082527808,1,104420760101
17.55291358702159,1,104430030201
13.355357639364072,0,104430030202
14.907635309264855,0,104430140201
21.30432073637535,1,104430140203
12.071203726595167,0,104430190201
18.78682272791704,1,104430250101
11.072125241264205,0,104430300101
16.949283673816137,1,104430520101
8.470728378602322,0,104430680201
23.344629012540288,1,104431000201
21.441160696405035,1,104431050201
18.768007284862243,0,104431160201
8.982617450440184,0,104431210201
18.90766431796973,1,104431270101
6.598340948402178,0,104440060101
21.349113691693,1,104440070201
6.017497789475362,0,104440130201
9.842454627718343,0,104440150201
5.117727927720079,0,104440150202
12.534302874218447,1,104440180202
17.8836975890104,1,104450010201
20.38303933591971,1,104450010202
11.03943979797273,0,104450040201
9.666018938004703,0,104450040202
13.600580465726079,0,104450060201
13.89632147797176,0,104450170201
7.336599420539873,0,104450170202
14.912206045991919,0,104450190201
16.657401886231025,1,104450190202
11.219836885243014,0,104450220201
15.591744865340779,1,104450250101
14.675749216046729,1,104450300101
9.182992496102708,0,104450300102
7.662259992544706,0,104450350101
14.700162808512705,0,104450480201
3.2127856816371585,0,104450480202
21.65243907879127,1,104450510101
7.9033545913145264,0,104450560201
17.255175388744664,1,104450620101
7.823935788905031,1,104450640201
17.37848783937496,0,104450640202
6.818339208762874,0,104460030101
6.022434486911935,1,104460030102
4.307002170065571,0,104460150101
15.890542771861295,1,104460220101
20.2234783122482,1,104460260101
23.063278818830785,1,104460330201
15.007489547558462,1,104460330202
16.898386261483886,1,104460400101
18.918896244916173,1,104460430101
12.03182901898365,0,104460470201
20.566298050172563,1,104460470202
16.61536569729315,1,104460500201
11.35240621070935,1,104460500202
6.176505140951543,0,104460520201
16.72117957977446,1,104460520202
11.316614136483658,1,104460570101
8.184222813196088,0,104470030201
20.587894759281376,1,104470030202
11.103524383734797,0,104470040201
11.930380290638722,0,104470040202
7.0070953194775445,0,104470080101
8.027000319450064,0,104470100101
17.35645897859264,1,104470100102
9.258993090361464,1,104470120201
22.73221264862351,1,104470140101
23.88628339545021,1,104470140102
14.82462393395187,1,104470170101
10.090812123554196,1,104470210101
13.389304219710112,0,104470210102
7.05607777227164,0,104470230201
14.59207996085606,1,104470260101
14.983045204487835,0,104470260102
3.3228064919406046,0,104470280101
21.424023398564376,1,104470300201
20.08157022575964,1,104470300202
10.65831084795767,0,104470320101
21.712983887393825,1,104470320102
2.9658743284701012,0,104470340101
9.92243876739407,1,104470360101
5.191158630930133,1,104470370201
6.74695044959789,0,104470390101
14.419505094382451,0,104470450201
34.157641420581115,1,104470450202
12.437270919331983,1,104480010201
45.65006281727003,1,104480060101
15.771974193144645,1,104480110201
11.201427097061515,0,104480110202
25.599506113693195,0,104480160201
37.4628514554018,1,104480160202
28.50691327401846,0,104480180201
38.18145940235234,1,104480180202
39.81954480026492,1,104480200201
23.5056572912122,0,104480320101
14.031012837513037,0,104480390201
6.473404242092607,1,104490220101
20.0110055386825,1,104490310201
5.925728533888984,0,104490490101
11.990045094640227,0,104490580201
14.037238193638608,1,104490670201
17.58219374186077,1,104490710101
21.39629969659007,1,104490710102
7.315545200257095,0,104490710103
16.42128570280334,1,104490760101
13.4703340272204,0,104490930201
6.274418371157562,0,104490980201
22.203134325801464,1,104490980202
21.367371171769612,1,104500140201
14.113780944924873,1,104500180201
14.956334471141925,0,104500180202
15.460919401583837,1,104500220201
7.47984864190337,0,104500300101
24.29164720553975,1,104500540101
4.614796379383342,0,104500580201
20.980597874405085,1,104500620201
16.533606323743655,0,104500660201
17.487260426592428,1,104500660202
6.0290503493133745,0,104500700101
18.6407342973631,1,104500700102
16.09075207782807,1,104500740201
13.076459894875256,0,104500740202
11.716173756600256,1,104500780101
19.15223991715467,1,104500780102
18.712353838409207,1,104500860201
7.474587354690964,0,104510030101
11.10800887760158,0,104510090201
11.68012402104702,1,104510120201
9.906986034353643,0,104510150101
4.131440983086883,0,104510190201
12.148739150340228,0,104510190202
17.78674945231617,1,104510190203
14.401559145650461,0,104510220101
12.872253589889436,0,104510220102
6.4232274480027804,1,104510280201
8.63194572959525,0,104510280202
8.144495251838098,0,104510310101
21.410311056261637,1,104510310102
9.99700093425734,0,104510370201
16.36031009972821,1,104510400201
4.054035501023752,0,104510440101
11.894932999832697,0,104510440102
17.795631045557975,1,104510470201
17.188259695714166,1,104510530201
11.167053897349172,0,104510620101
18.61175493919091,1,104510620102
8.864043162280675,0,104510650201
49.868855066185965,0,104510720201
9.34887644038302,0,104510750101
27.084489916568742,1,104510780101
19.812202263904737,1,104520110101
3.526170742734198,0,104520190301
17.251691323875683,1,104520320101
10.077270067941525,0,104520320103
5.221700328533388,0,104520420201
15.441568791772976,0,104520440201
12.869764240670314,0,104520440202
18.317567199935887,0,104520540201
5.5855097305292425,0,104530040201
4.006743714874269,0,104530040202
16.050807920165553,1,104530050201
22.621590116073964,1,104530160201
6.6744676077569025,0,104530200501
16.32978248006681,0,104530280201
5.491385115079953,0,104530310201
53.65694749179368,1,104540040201
48.557900498218416,0,104540070201
52.71575352285168,1,104540070202
48.38573062589303,1,104540070203
56.299325433736854,1,104540150101
56.54759964357021,0,104540150102
50.71386947013974,1,104540210201
53.608829974679466,1,104540210202
44.66148697878579,0,104540261301
46.62690830382426,0,104540490101
46.05470118285176,1,104540570201
51.68723159662816,1,104540570202
41.2296389556675,1,104540600201
46.51814636666195,1,104550030101
39.36342664269996,0,104550030102
49.15737018943187,1,104550080201
52.84139833663148,1,104550090201
44.602849510971986,1,104550090202
42.35809555135928,1,104550090203
46.337017709569935,1,104550120201
27.75688254265882,1,104550160201
60.5718175327295,1,104560170101
58.94442158474349,1,104560200201
53.396265539829926,1,104560220201
47.07913070795786,0,104560480101
46.08154966929107,1,104570080201
51.448955361925776,1,104570180101
62.299533842316364,1,104570180102
43.376767273729214,1,104570390201
43.977573335916276,1,104570390202
45.4059913386769,1,104570440101
41.32361706174084,0,104570540201
34.46085995572939,0,104570540202
47.06782745469793,0,104571000101
39.084754782428426,0,104571050401
25.80547571573647,0,104580140201
31.17829098138216,0,104580140202
32.19226995946505,0,104580180101
12.587774629186443,1,104580230101
25.891081264785065,1,104580370201
19.099899341050826,0,104580370203
16.139304314737075,1,104580420201
6.339099090580303,0,104580420202
27.52626015050312,1,104580490101
21.460494148388314,1,104580490102
55.82275487284399,1,104580540101
49.72117220882957,1,104580560201
15.340210693553828,1,104580590101
21.42414936999868,1,104580590102
20.258542722763025,1,104590010201
6.290556609463351,0,104590040101
13.80265457997848,0,104590040102
15.933388891448548,0,104590040201
23.865832618157334,1,104590040202
12.402359503398353,0,104590050201
8.50198805089539,0,104590050202
17.582518570251295,1,104590150201
9.837031417927458,0,104590170201
15.741304115497,1,104590170202
18.611563334569233,0,104590180201
14.555653426733812,0,104590180202
18.5268414579166,1,104590200101
17.843925444062215,0,104590210201
14.892568102743285,1,104600040201
20.460990307252008,1,104600040202
15.82282365089523,0,104600060201
5.312212418195643,0,104600060202
10.14960358723738,1,104600060203
21.552004446005867,1,104600090201
11.815853479208082,0,104600090202
18.336627152613264,1,104600110201
23.867566988168385,1,104600210201
20.364875830574867,0,104600210202
10.825898518475348,1,104600250101
2.782894076150283,0,104600250102
18.687907134322685,1,104600300201
22.52978992970175,0,104610480101
29.678308861428295,1,104610870201
27.197550352780127,0,104610930201
22.67309013690153,1,104620150201
21.161645757469266,0,104620150202
7.961481227440429,1,104620170201
18.20709845730035,1,104620170202
12.990319261890203,1,104620220201
10.570044016264465,0,104620220202
9.23245908820066,0,104620240201
18.053373161997456,1,104620290201
12.932249830289466,1,104620290202
7.284523454089603,0,104620310201
11.06399394913811,0,104620310202
18.6343784137019,1,104620330201
9.302543696894297,0,104620360101
10.79305916411236,0,104620380201
9.685870661869243,0,104620380202
12.239344516757754,0,104620400201
8.362596310016169,0,104620450201
14.621795504741977,0,104620450202
20.098285566524183,1,104620500202
4.445577059800572,0,104620520201
20.297708307020983,1,104620520202
7.6920315456743005,0,104620540201
21.11138992500429,1,104620540202
14.380307789991686,0,104620540203
23.559779760130738,1,104620570201
4.597903434362572,0,104620570202
50.518895648514565,1,104630120201
43.68954271150403,0,104630120202
51.56418387150666,0,104630150201
31.019294378866547,0,104630390601
38.979369962609866,0,104630390602
32.388289631731254,1,104630420201
34.804114893116676,1,104630420202
30.034171207189175,0,104630520101
40.95494601862339,1,104630610101
32.70451303323666,0,104630670101
43.24731929891648,1,104630760201
51.78405645123808,1,104630760203
55.65996243361702,0,104630830101
28.992517857002827,1,104630900201
31.131654853690534,0,104630900202
58.8634718157243,0,104640070101
61.25664957674145,1,104640070102
45.60664436098449,1,104640100101
42.05020532222594,1,104640120201
42.44059635703885,1,104640120202
62.48900048678506,0,104640170201
46.78163607968125,1,104640230101
55.829287439910686,1,104640280201
51.903288414155874,1,104640280302
56.89618278705608,1,104640430101
65.6033601734814,1,104640430102
55.0125734489954,0,104640430103
54.09601148712228,1,104640730101
55.5281408873559,0,104640730601
45.928592631572066,0,104640760201
51.88285949667757,1,104650090201
36.22129432804273,1,104650110101
44.9593943134674,1,104650110102
33.865707387561,0,104650170101
38.90476093087036,0,104650210101
45.77123104518131,0,104650210201
27.226489579983078,0,104650230201
31.669463710032502,1,104650230202
48.326626820200694,1,104650260101
44.45757053143884,1,104650260102
32.14390709617771,1,104650290201
34.55317109795213,1,104650450101
28.32485841396614,0,104650620101
26.615939858527014,1,104650620102
55.2794763612956,1,104650730201
58.5232568670993,0,104650760101
62.865062425791365,1,104660060101
63.11920400374257,1,104660260201
55.445270970387156,0,104660290101
44.52573386935232,0,104660390101
64.52548897201973,1,104660420201
56.718517418613494,0,104660480201
64.20282786222873,1,104660540101
53.81769542454974,0,104660600201
50.64255053387761,1,104660760101
56.39702758017,1,104670170301
61.78633487235901,0,104670210201
44.20007720138127,1,104670280101
42.66281816673881,0,104670310101
47.41351029426651,1,104670440201
29.94641197232463,0,104670440202
45.75064516124398,0,104680320101
56.491787303170746,1,104680390201
52.94903655888265,0,104681020101
42.33621773749878,1,104681280101
43.09926252500488,1,104690200101
43.09986019824268,1,104690280101
35.23179129573874,0,104690390101
12.79938535458745,1,104690580201
17.189905638415322,1,104690620101
29.41729170524269,1,104690660201
27.368758289200805,1,104690660202
56.83141545034828,1,104690730201
31.783731121890277,1,104690780201
18.63640780830236,0,104690810201
49.941111574923895,1,104690920201
48.351945135836914,1,104690950101
45.61919655654535,1,104690950102
58.76362977282812,0,104690990101
12.998597782793166,0,104700180201
8.435456082288107,0,104700180202
24.265541462632775,1,104700310201
12.105691494768232,0,104700310202
11.965765287355147,0,104700360201
19.473669321900807,1,104700360202
27.2883120248837,1,104700400101
23.16297509873889,1,104700690201
53.71516582842388,1,104700730201
52.472358350011966,1,104700730202
22.853862318081077,0,104700770201
61.747691085361005,1,104700850201
5.437550027823073,0,104700890101
19.811738673041248,1,104700890102
56.7696036034952,1,104700970101
68.99832199545055,0,104701040101
58.31804957259986,0,104701040102
39.52068224920276,1,104710060201
14.505181503334299,0,104710110201
21.057241567144267,0,104710130201
34.02304120640588,1,104710130202
10.055350152525097,0,104710160101
25.04981336435478,0,104710240401
22.640848724052514,0,104710320101
16.667360542867783,1,104710420201
28.393386956549946,1,104710500201
22.85497224830431,0,104710500202
25.965943770788627,1,104710560101
12.900646218065507,0,104710560102
3.766742055523909,0,104710690201
17.12330067612151,1,104710690202
20.64857024884015,1,104710760201
27.310642531550954,1,104710760202
15.151994894552313,1,104720190201
13.51674594742195,0,104720190202
18.588435157318813,1,104720230101
19.7452090215381,1,104720360201
25.038601324592598,1,104720360202
14.760667051520311,1,104720450201
23.63082909519116,1,104720490101
17.76331254605917,1,104720530201
0.0,0,104720530202
16.93093913565024,1,104720710201
16.112056430407833,1,104720760201
29.39754047198044,1,104720920101
21.237775701957133,0,104720920102
22.48841980422973,1,104721020201
24.17931406247386,0,104721060101
20.08705482522193,0,104721060102
10.899769447706625,0,104730100201
14.16298333714464,0,104730170101
17.795771469601092,1,104730250201
6.955600929539536,0,104730250202
15.634596971570668,1,104730310101
29.705483335955176,1,104730470301
23.322332084908986,0,104730610201
14.644605682845365,0,104730610202
20.116527334192202,1,104730720101
16.574914367048326,0,104730780101
7.879529893686696,0,104730880101
17.81672012394567,0,104730880102
32.707114024768174,0,104740050201
41.22453236174273,0,104740350201
33.46859718019351,0,104740540101
16.10729703588793,0,104740830301
24.184252974634546,0,104740830302
33.61263282045737,1,104740890201
57.31862983719322,0,104741320101
22.368142806893168,1,104741530101
32.72428482120411,0,104741610201
30.358483567063917,0,104750010201
39.71524712859248,0,104750010202
46.14809399781123,0,104750040101
61.588273993816024,0,104750110201
55.98298948770631,0,104750140501
59.61440237827479,1,104750180101
51.6579494838736,0,104750180102
53.08714098461376,1,104750240101
34.7229904374739,0,104750320101
56.359995073965585,1,104750380201
52.21568796768963,1,104750510201
38.02068043533127,0,104750700101
49.65408013985036,0,104750800101
49.159565135489714,1,104750830201
50.67902562706604,0,104760120201
56.452466168156754,1,104760170201
47.12868069097349,0,104760170202
54.474896968076884,0,104760200201
50.46736563039354,1,104760200202
35.50913063414666,0,104760220201
53.429618462459175,1,104760300101
50.30884010915776,0,104760300102
52.57929158055878,0,104760540201
50.57395931210802,0,104760580201
59.44010558094923,1,104760580202
50.76021623715739,0,104760580203
57.90511149460119,1,104760660201
51.858631919962114,0,104760790101
57.75708491226597,1,104760790102
50.531822830641474,1,104760820202
17.984734677484976,1,104770020201
15.445913975733157,1,104770020202
15.397879125946933,1,104770100101
11.160725060700392,0,104770120101
7.735434965426844,0,104770120102
15.819414267664781,1,104770120103
14.176864093536068,1,104770160201
17.2188257703898,1,104770160202
16.497182299567378,1,104770240201
7.63024426533112,0,104770240202
16.807440141919834,1,104770270101
28.17846997575466,1,104770270102
8.308949851867466,0,104770290101
16.243153254803445,1,104770290102
19.80263694776907,1,104770290103
15.452892937210649,1,104770350201
21.938968249913444,1,104770400101
12.23640053843511,0,104770450202
8.773037945982843,0,104770480101
14.58953406266184,1,104770480102
12.508998746155758,1,104770510101
10.641242008643324,0,104770580101
9.319420038546909,0,104770580102
6.348493495569125,0,104770610201
22.587905960577146,1,104770610202
14.321700605288132,1,104770640101
14.471344300261958,0,104770660201
18.636968886745542,1,104770660202
20.78848992785518,1,104770690101
30.151238900213748,0,104780030101
30.689508608821388,1,104780030102
21.36843334443253,1,104780140201
18.994611493957226,0,104780220201
3.942992259986445,0,104780260201
31.353991349839347,1,104780300201
6.6544198737983375,0,104780320101
18.022856942916334,1,104780380101
12.981401292667528,1,104780380102
16.87577782260825,1,104780380103
24.290022145311326,1,104780430401
17.611951683428494,0,104780500201
23.767464752771986,1,104790030101
19.581935591726143,1,104790030102
12.263617825917567,0,104790060101
9.282172945640852,0,104790090101
9.573605907709455,0,104790090102
15.433563652374946,1,104790110201
16.98241396449141,1,104790110202
15.633869222380941,1,104790140201
16.357490698899653,1,104790180101
7.756279155983186,0,104790180102
15.075218050601572,1,104790210201
18.417655801724035,0,104790210202
13.485691270487806,1,104790240101
14.061797367971558,0,104790240102
15.420811446017492,1,104790250201
12.202295511318809,0,104790280201
12.257517389874739,0,104790290201
20.661835954335913,1,104790290202
11.080582154166876,0,104790310201
14.737994776809487,0,104790350101
8.605193609559343,1,104790370101
10.39696485560051,0,104790370102
17.50416486517496,1,104790390201
19.362001013743296,1,104800020201
9.99380337767451,0,104800080201
16.95506636662961,1,104800140101
16.864858183986865,1,104800140102
21.48878223524161,1,104800140103
6.224193725402923,0,104800160101
8.175629265308993,0,104800210101
8.188553387778363,0,104800210102
19.839267629577563,1,104800240201
12.462357451416953,1,104800240202
20.429838353799298,1,104800300201
8.231511017258736,0,104800350101
21.119638804555507,1,104800390201
28.05324771044921,0,104810010201
18.99325628277542,1,104810060201
15.824395810947491,1,104810060202
17.03974899358479,1,104810100201
23.013145298652276,1,104810100202
19.55515425643536,1,104810130301
7.302254386230064,0,104810150201
20.10518364214692,1,104810150202
10.28992490135189,0,104810200201
8.512850151292364,0,104810200202
23.609171509987025,1,104810220201
14.110279513937503,1,104810280201
4.24229413091925,0,104810280202
10.786707811703513,1,104810440201
8.806434823608125,1,104810440202
20.227941074071914,1,104810510101
25.51768118733664,1,104810510102
21.42382331406259,0,104820010201
26.399615019353647,0,104820010202
8.854359535075353,0,104820060201
11.937219109362957,0,104820090101
19.062522940271055,1,104820090102
13.968869325808395,1,104820110201
20.938895312006494,1,104820110202
14.689903095333094,0,104820140201
7.243677924128017,0,104820230201
9.535776679170016,1,104820310201
10.830384719026707,1,104820420201
11.892465974741503,0,104820420202
48.707615945600104,0,104820470201
50.19354536501358,0,104820470202
23.469118400182595,1,104820520101
18.907667591291737,1,104820580101
20.989141642402068,1,104820620101
33.28259929326596,1,104830050201
10.826523122033793,0,104830080201
8.842639236350108,0,104830080202
16.682568994912593,1,104830190301
9.258689518374554,0,104830370201
20.342109626108844,1,104830410201
22.122210524675026,1,104830410202
12.83972669434332,1,104830590201
14.093226105047929,1,104830690201
16.891913664307726,1,104830730101
10.775310753116514,1,104830730102
9.250419400175858,0,104830770301
22.73552714429864,1,104830800101
9.981837464416126,0,104830800102
21.027290631738037,1,104830800103
23.91437243824157,0,104830870201
16.93334346846852,1,104840020201
7.6932110531557765,0,104840020202
6.9236480766810455,0,104840050201
18.756271637921834,1,104840050202
14.786702186384524,0,104840110201
15.201131284760208,1,104840170201
17.247667034145863,1,104840170202
22.102939996198938,1,104840230201
18.51376517643064,1,104840290201
16.041126405901032,0,104840320102
19.91988594904177,0,104840380201
20.805999253048,0,104840380202
17.16817903049092,1,104840470101
9.3886628699714,0,104840470102
7.3633802697087845,0,104840610201
13.751187416274384,0,104840670201
9.518204292313044,0,104850050201
8.214855654181997,0,104850070101
23.42689337039278,1,104850070102
15.482933553782905,1,104850090201
7.575369787658625,0,104850090202
17.17874701179312,1,104850130201
17.4262247319884,1,104850130202
2.5522836619809377,0,104850150201
12.490417056108978,0,104850150202
19.55313156084693,1,104850180201
12.96078796470436,0,104850180202
15.675624016780517,1,104850260101
20.875913130477805,1,104850330101
9.02362297332802,0,104850330102
10.93518884571225,0,104850350201
4.290404762801637,0,104850400201
8.19881942795153,0,104850420201
10.302741116871587,0,104850420202
15.826195460690649,1,104850440201
51.251171976950076,1,104860040201
47.530660951068306,1,104860040202
15.053666991449044,1,104860100101
23.253516917046156,1,104860140201
17.832748329699893,0,104860140202
19.958876169125915,1,104860170201
13.218966278395175,0,104860210101
21.36052863485331,1,104860300101
32.06189535528555,1,104860460201
10.584280357217004,0,104860490202
8.940178986173972,1,104860570201
18.61421158563167,1,104860600201
12.483645080167818,0,104860600202
22.201653211254403,0,104860640201
17.374437984169735,1,104870030101
11.769712350547028,1,104870100201
18.288304362824142,1,104870140201
11.469164360472359,0,104870170101
14.454257681937136,1,104870310201
2.6621236565168456,0,104870310202
12.527683893736999,0,104870310203
15.09834039855524,0,104870350201
13.0905620892383,1,104870350202
18.750912951669644,1,104870350203
11.626927027660507,1,104870440201
18.688406172944962,1,104870440202
16.80307032563234,0,104870470201
4.593213956525128,0,104870510201
19.609284160299687,1,104870510202
13.620327295228138,1,104870510203
10.605054691789238,0,104870560201
16.58377875480336,1,104870560203
16.95506469798092,0,104890040201
17.401924166972357,0,104890040202
19.90295101285062,0,104890090201
25.60083777578874,0,104890140201
29.45415027775625,0,104890140202
26.237479544774196,1,104890260201
45.558955104205936,0,104890330101
21.627001265487703,0,104890650201
25.76581666048759,0,104890650202
31.209437314118553,1,104890720201
22.20716235227279,0,104890830101
9.859265090845085,1,104890950101
12.477454663819659,0,104890950102
16.46147346173618,0,104891070201
15.27043857967162,0,104891120201
20.874107619875875,0,104891120202
26.399210893450736,1,104891120203
35.915481872637656,1,104900390201
31.01992217344802,0,104900390202
39.97015487645795,1,104900460201
36.92965400493558,1,104900460202
8.210907189011277,0,104900510201
32.76300878443222,1,104900690201
56.6074872213926,1,104900760201
9.03137965865728,0,104900890101
58.27371126453889,1,104901040101
42.29363015754901,1,104901240201
17.52007592061455,0,104901300102
13.871784382380802,0,104910070201
20.457350692355107,1,104910151001
16.93294669305138,0,104910190201
21.03770849701054,1,104910220201
27.117387613847797,1,104910270201
25.97877842708531,0,104910270202
24.16326371797142,0,104910460201
19.200913468160365,0,104910500101
22.268037719168866,0,104910530201
24.176014763165924,1,104910530202
16.19245468577866,1,104910560101
27.410528482028504,1,104910560102
27.857947559221,1,104910700101
17.906621068862687,0,104910700102
15.949938853714478,1,104910740101
18.304259794080878,1,104910810201
8.04633461210044,1,104910830201
23.211466295963334,0,104920010201
29.201723202199446,0,104920010202
17.809444015763077,0,104920070201
18.470944186657327,1,104920100101
10.471711075804162,0,104920100102
11.090717951437098,0,104920210101
32.94213037932894,1,104920340201
22.591693253787113,1,104920340202
12.423930813866832,0,104920360201
22.12643636948364,1,104920360202
15.44615829546959,1,104920520201
16.81713976350474,1,104920520202
10.055686158417824,0,104920550101
14.85463244430187,0,104920620601
20.530842459155824,1,104920670201
10.797144195720223,0,104920710201
21.52709552278973,1,104930090201
4.318330865342522,0,104930090202
20.238947645456797,1,104930170101
18.667601604412255,1,104930230101
21.10495032163407,1,104930250201
7.2536569511727205,0,104930280101
27.931567726715734,1,104930370201
25.721873024874625,1,104930400201
13.639664569563502,0,104930420201
16.778299785952974,1,104930420202
15.799567334485014,1,104930420203
19.176109891674542,1,104930530201
27.483839109527835,0,104930560201
25.395890608219037,1,104930730201
13.871214976974725,1,104930730202
7.693952426359244,0,104940070201
9.855223166262641,0,104940070202
19.436860707998793,1,104940110101
6.116540501731293,0,104940150201
20.875581774564445,1,104940180202
5.382546229792024,1,104940220201
22.96625944518393,0,104940320201
4.958827098105821,0,104940360201
5.821078933882813,0,104940490201
10.89598121299636,0,104940500101
52.45213355012834,1,104950150101
57.473942488913224,0,104950480201
46.161871461046765,0,104950710201
40.754063707418695,0,104950820201
42.19696420019997,0,104950880101
39.26170982052104,0,104951160201
39.119108227491175,0,104951160202
47.530948434346186,0,104951340301
40.73254574137438,0,104951340302
49.92289815984873,0,104960480201
44.65324875948549,1,104970140201
47.18140273679074,0,104970540301
45.60243708822454,1,104970750201
39.263131823246475,1,104970950201
26.037557318619047,1,104980050201
35.5934246802011,1,104980090201
32.09882056417584,1,104980170201
22.241990478648955,0,104980510201
48.09392685354403,0,104980550201
48.88950720731149,1,104980550202
25.595474901639268,0,104980960201
29.015364874717505,0,104981000201
39.191013647028036,0,104990020101
23.93913951953823,0,104990100201
33.691100699946254,0,104990390101
16.521636249979185,0,104990480201
32.2364832241913,1,104990480301
57.63240745871837,0,104990570201
36.29817929729764,0,104990680201
42.81927229623508,1,104990680202
45.79922365867807,0,104990710101
28.722397280347675,0,105000140201
56.49750542426128,1,105000220201
26.531016800771,0,105000290101
50.03806673961519,1,105000370101
42.948596526433754,0,105000370102
24.00110151708664,1,105000560201
14.027508562474448,1,105000640201
44.030790874250016,1,105010130201
44.927062660144934,0,105010290201
27.878137739723485,0,105010500101
14.095056229785378,0,105010830201
30.485969982990174,0,105010960201
33.82660895460888,1,105011040401
51.372308070164,1,105020100201
33.49937096536398,0,105020140201
68.61081084980798,1,105020370201
57.25065468816616,1,105020440201
52.464093345227695,1,105020440202
54.818000033785474,1,105020640201
52.35517071720022,1,105020790201
45.426113241956855,1,105020870101
65.86530008372779,1,105020940201
39.00641585214953,0,105030180101
52.10965246099292,0,105030200201
27.893623042586228,1,105030220101
23.73350619578126,0,105030240201
36.61161307670682,1,105030240202
30.340505866412972,0,105030350201
49.181603168756816,0,105030440201
44.09650285745582,0,105040050201
32.8910134116827,1,105040090201
44.79148827845834,1,105040140201
38.404228533754186,0,105040270201
42.754714333700015,1,105040320201
42.39373746424489,1,105040430201
27.87506603186778,0,105040430202
42.309343478713586,0,105040470201
38.73731267695207,1,105050270201
56.14759056977793,0,105050380201
56.729965709761665,0,105050580201
35.573037085117456,0,105050660201
43.000303355522966,0,105050770201
45.78681555714561,0,105050890201
56.708431327495624,0,105060030101
56.19320414356461,0,105060030201
51.10379132301388,1,105060080201
57.91193325699831,0,105060580101
45.29609280935313,1,105070130201
66.15570586653881,1,105070170201
48.0967506561387,0,105070240301
57.889786471882786,1,105070280201
30.945464948964485,0,105070510101
44.037844274508544,1,105070780201
45.21346390121887,0,105070780202
54.92193073336289,1,105080040201
32.79495438101664,1,105080400201
22.550671355922283,0,105080400202
17.962378572638805,0,105080400801
48.53446767376685,0,105081070201
50.48676102903323,0,105081070202
60.36300390242925,1,105081110201
51.2210975620455,1,105090240201
61.70523954044892,1,105090300201
65.55639353761735,1,105090450201
41.345582438731704,1,105090610201
60.1294601353662,1,105100150201
63.30643017550995,1,105100170201
57.7471898314114,1,105100220201
59.99189548253918,1,105100270201
59.983457979129675,0,105100340101
60.04684366287901,1,105100470201
57.335107450865536,1,105100540201
62.11304133971595,1,105100570201
48.268339474963646,0,105110130201
63.25901142534602,1,105110170201
66.44512015059601,1,105110400201
48.165866113289376,0,105110510201
54.720773816463115,0,105110940201
53.929246870509765,1,105120010201
44.93976472303567,0,105120080201
49.179681342022704,0,105120230201
50.75214770943771,0,105120300201
33.70172453130136,0,105120620301
48.9796104003079,0,105120650201
15.185986268355585,0,105130040201
31.775911675927876,1,105130250201
51.02854097528964,0,105130360201
38.252507276405204,1,105130400201
34.376487931719616,0,105130870401
40.7529991489844,1,105140270201
21.785275967244424,1,105140560201
26.21326991023631,0,105140630101
32.27037801640606,0,105140630102
25.684294819367498,0,105140670201
40.25044486600464,1,105140700201
38.24489133814724,1,105140700202
20.441340753666097,0,105150060201
25.769377066291742,0,105150140101
22.846962040604403,1,105150160201
6.900249207167327,1,105150160203
5.926593918585059,0,105150190201
25.738678748415758,1,105150240202
38.848511681771285,1,105150470201
45.81413457727853,1,105150490201
47.79923378209752,1,105160130201
7.993478694403224,0,105160180201
19.030153297933953,1,105160180202
14.75697663502223,1,105160240201
3.9482598637997253,0,105160240202
20.410963383841032,0,105160270201
22.67043978015648,1,105160320201
13.359114504227783,0,105160350201
40.166464429313265,0,105160400201
23.201394688876682,1,105160450201
25.702926209681042,1,105160480201
31.132403300735845,1,105160480202
40.85175552639069,0,105160510301
41.13536986317409,0,105160510302
35.06237558369302,1,105160510401
3.7492272770583597,0,105160560101
26.002797006444577,1,105170070201
40.045087334430484,1,105170100201
30.780648645061284,0,105170140201
38.56059301820476,0,105170170201
24.667675952107494,0,105170280201
27.308108057913987,0,105170420201
32.54348510769381,1,105170490201
17.901458123804726,0,105170560201
27.553383283673213,0,105170560301
49.22610287279956,1,105170590201
28.400206931742254,1,105170730201
20.325150387926076,0,105170810201
23.63911816300412,1,105180010201
15.474528132797353,0,105180050201
18.26592590773275,0,105180050202
19.250682865523373,0,105180200201
18.126587365842788,1,105180540201
27.854115379094125,1,105180580201
12.149602886812282,1,105180660201
24.45244493915354,1,105180770201
44.0867077259914,1,105180810201
14.075619898700381,1,105180920201
28.826116546562556,1,105190130201
47.07923941350681,1,105190170201
17.61573637378253,0,105190210201
22.671550596960742,1,105190210202
19.059758494979878,0,105190430201
17.673300653396304,1,105190520201
29.538818663539107,1,105190560201
29.663682594207323,1,105190600201
38.56658680161581,1,105190650201
40.127312145690965,1,105190820301
29.479965067673138,0,105190820401
20.751495446052886,1,105191000201
50.87327788577149,1,105191080201
44.364047999692936,0,105200040201
50.294172762520446,0,105200200201
51.44667456804164,0,105200330201
57.33157595169883,1,105200330202
27.337815961509886,0,105200400201
59.43741242075324,0,105200490201
60.47480736524481,1,105200620201
56.41082103420383,0,105200750201
11.750254638771093,1,105210120201
35.07873744312911,1,105210350201
16.576881536372746,0,105210460201
12.755289196407368,0,105210740201
27.14546800137512,1,105210860201
26.9219956262762,1,105211030201
14.965291622826111,1,105211140201
33.333394841754384,1,105211200201
37.94170451567717,1,105211250201
25.362878808481838,0,105211370201
26.161423599253663,0,105220040201
33.073734934127785,0,105220100201
15.120126797618095,0,105220160201
47.57087018541354,1,105220220201
48.30746089501496,1,105220440201
25.200726238844904,0,105230030201
30.904148421381056,0,105230080201
18.631174973858613,1,105230250301
37.15182128567257,1,105230330201
40.50700204130208,1,105230330202
18.306096429091923,1,105230460201
13.968632531756917,1,105230760501
35.480407032662455,1,105230850201
52.914870041301256,1,105230980201
29.648201667703646,1,105231060201
22.49190634736472,1,105240080101
17.09939819449767,0,105240080102
52.55378055548849,1,105240190201
25.068020245929894,0,105240300201
25.26089314843817,0,105240410101
22.923513373372078,1,105240850201
27.799585979942684,0,105240910301
13.611926884802685,0,105241070101
29.25440077061583,1,105241290201
24.064153483104203,0,105241350201
32.962595961693125,1,105241350202
22.94076762377798,1,105250130101
30.389176182484608,1,105250200201
20.494919594827056,0,105250560201
20.47204843109614,0,105250560202
31.547978861755155,1,105250590201
34.712789602255455,0,105250790201
21.696381720354147,1,105250820101
54.95637732785177,1,105260010201
65.68603375375788,1,105260170201
29.237947260836492,1,105260210201
26.101906749625204,1,105260210202
24.38533271267109,0,105260290201
13.050368886725508,1,105260330101
39.31246977126107,0,105260380201
28.080701044630658,1,105260460201
54.709572234712226,1,105260540301
25.684897634832716,1,105260580201
36.03415864236138,0,105260820201
12.324859432289466,0,105260860201
51.617653701266235,1,105260910201
52.925408186069184,1,105270080201
28.530678727796808,1,105270670201
23.65922285320619,0,105270720301
37.96268095141302,0,105270970201
35.4303960514671,1,105280040201
52.34065430851742,1,105280070201
58.33259509337432,0,105280230101
37.52426689702264,1,105280290201
53.23386763544899,1,105280350101
31.21262533983438,1,105280410201
20.398733449733395,0,105280410202
32.99773259622869,1,105280410301
34.63036784124496,1,105290220201
22.387982768590735,0,105290260201
51.09936972612898,1,105290340201
52.14668574210218,0,105290380201
29.254872134084874,1,105300010101
36.88910567021097,1,105300200201
19.212631367264493,0,105300200202
35.85452054933526,1,105300200203
15.78251006477358,0,105300360201
23.56825090674025,1,105300360202
19.282270830144956,0,105300400201
40.033513287299684,1,105300440101
20.17808979192226,0,105300440102
40.74950200769849,0,105310100201
62.311965511464365,0,105310140101
58.28381663854054,1,105310140102
45.66195071871855,0,105310210201
45.359457436678724,0,105310210202
43.89841651245679,0,105310370201
60.81096341897257,1,105310480201
30.97409701811392,1,105310560501
50.58347132994294,0,105310670201
55.616244593329064,1,105310710201
58.905876082835285,1,105320090201
38.11539981484867,1,105320130301
56.57019701301682,1,105320450201
61.740066359549054,0,105321030201
38.69235701013574,0,105330090101
51.95240724357879,1,105330210101
35.333941278445735,1,105330320101
45.06401687746624,1,105330410201
57.988894979373036,1,105330590201
63.88067830017365,1,105340300201
55.60680438908701,1,105340410301
16.169732678095627,0,105350020201
14.917684216328926,0,105350080101
21.50643250277165,0,105350140201
47.16116173277242,0,105350170201
29.817341798576308,1,105350610101
40.95593434768603,1,105360030201
47.730072407067915,1,105360640201
55.66710795977489,1,105360820101
53.39737010228252,0,105360820102
37.381856663447316,1,105370030201
24.531034630628373,1,105370270201
24.142239318131246,0,105370380201
24.015601922963523,0,105370510501
27.58930169059093,1,105370600201
9.693673265273098,0,105371080201
35.393052474162545,0,105380080201
33.13979357993998,0,105380130401
31.184582842568666,1,105380130402
42.48954925787772,0,105380230201
45.12994446023619,1,105380230202
32.631153747035555,0,105380390101
31.34176355834677,1,105380810201
30.92303841281603,0,105380980201
28.321667017478113,0,105381100101
27.056648096438284,1,105381330201
23.475397788567196,0,105381330202
15.564376862061009,1,105390020201
49.92105820932981,1,105390130201
42.829760544353164,1,105390130202
8.656720938031,0,105390260201
21.4458102949553,0,105390380201
28.012253962408508,0,105390380202
26.24509086652435,1,105390430201
25.063433134264834,1,105390600201
46.94865147273415,1,105390720101
50.04935636917732,0,105390940201
17.473303579537127,1,105391170201
12.563682414400791,0,105391240101
19.128356511371738,0,105400320101
35.73748697303206,1,105400380101
24.069657694294875,0,105400440201
57.943256245610606,1,105400490201
53.95681928715762,1,105400900201
24.34498709547943,0,105400950101
44.3093343673925,1,105401410201
12.890293591005108,1,105410110101
27.939005490289308,0,105410140101
44.339651445417765,0,105410230101
44.195328560421736,0,105410280101
50.92557474961898,0,105410530201
31.92837117033359,0,105410610201
44.75607560556382,0,105410770201
43.61792610348142,0,105420330101
53.26620321682485,1,105420490101
30.402653002744916,1,105420580201
60.8259617514937,1,105420620201
41.536792216861485,1,105420700201
12.938919679036918,1,105430330201
17.180864375866378,0,105430390201
45.85224283424282,0,105430420201
29.289312603882035,1,105430590201
16.24086758066605,0,105430670101
19.963001396036468,0,105430750201
54.82677525977854,0,105440100101
17.307956154958607,0,105440210201
19.455373870646426,1,105440230201
31.851078394118815,1,105440310201
39.16671382903713,0,105440340101
47.117751584395286,0,105440420101
13.989465789235693,1,105440450201
45.30854858095031,1,105440560201
22.24206232844569,0,105440610201
40.303808841043676,0,105450090201
38.3163558335421,1,105450130201
26.091524749518367,0,105450130202
25.448040854434442,0,105450180201
54.59575992792132,1,105450220201
41.85339344812461,0,105450500201
51.400441892693735,0,105450970201
10.708592074967521,0,105460050101
19.812547083583286,0,105460150101
27.953625539006598,1,105460680201
30.612468239246645,0,105460680202
12.239324869741129,0,105460800201
17.477032679963195,1,105460800202
13.812640157038516,0,105460900301
40.15673361854268,1,105460950401
18.548057447896657,0,105461010101
59.84089556706706,1,105470010301
61.41834963460675,1,105470010501
45.67813286749232,1,105470070301
49.15761647139522,0,105470070302
38.99839353073272,1,105470150201
50.69839595464034,1,105470190201
27.034550074720357,0,105470500101
34.68803100335024,0,105470630201
35.88240334868368,1,105471060201
19.78793465545422,0,105471060202
71.57431360485565,1,105480170101
40.72226103468116,0,105480530201
36.920835709128866,1,105480530202
16.619703639378955,1,105480720201
39.346018723715574,1,105480780101
37.99995063728509,0,105490030201
36.656701814804244,1,105490140201
47.518638611169756,0,105490360201
21.12650140479893,0,105490500201
55.47518765936228,1,105500430201
59.97798635933918,1,105500530201
42.90327945508203,0,105500530202
56.45189765002054,1,105510150201
54.8901674251128,1,105510370201
41.896073496205204,0,105510620201
60.39986406806116,0,105520210201
25.11288238035752,1,105520260401
39.828178889484505,1,105520510201
48.09558578040662,1,105520660201
54.24388595118857,1,105520660202
47.95244329742357,0,105530140101
39.469676465258544,1,105530230201
37.24194500798327,0,105530550301
36.73028991324826,0,105530810101
24.59821993873936,0,105531120101
38.34718017984112,0,105540070201
58.69287090605389,1,105550090101
24.630534092115752,0,105550170101
26.604071011724137,1,105550240101
21.171120797137934,0,105550240102
28.992822359440744,0,105550350101
29.867526453384233,0,105550980201
28.84814994054452,0,105551060201
31.462221912172147,1,105560150201
18.481473010249935,0,105560180201
50.221350673897966,0,105560250201
32.53191917056748,0,105560300201
36.1638678907145,1,105560370201
36.454133013847596,1,105560400201
36.20600429408039,1,105560630101
25.651341249784924,1,105570060201
8.60277103516726,0,105570120101
19.45087313266356,0,105570150101
16.963235050743947,1,105570300201
29.25405630449859,1,105570330201
33.60142322311488,1,105570330202
46.75326674969285,0,105570400201
14.638333230671426,1,105570430201
21.19936207594561,1,105570460101
20.826518168503892,0,105570460102
23.41893983952516,0,105570490201
7.357112912398598,0,105570580201
10.386579899689096,0,105570580202
14.324123752976565,0,105570620201
19.442781207041776,1,105570670201
17.104077882454888,1,105570670202
9.628691703443856,1,105580090201
19.242945935358893,1,105580120201
7.211949219550762,0,105580190201
24.76497448986575,1,105580220201
20.32064796433601,1,105580380101
12.716698058042647,0,105580380102
28.71238280246023,1,105580440201
39.79401698334814,1,105580480201
23.81018300904357,0,105580640101
11.31981720443242,0,105580740201
34.051874584514636,1,105590040201
24.679733370860713,0,105590120201
21.30382070799265,1,105590120202
20.69282079110875,0,105590190301
25.637717354471008,1,105590190302
23.444401108145193,0,105590230201
30.783876407304636,0,105590260101
28.846969545586884,1,105590300201
27.425260570114034,0,105590340201
28.06855634125847,1,105590480101
22.253548557801253,1,105590560201
23.8498770033075,0,105590560202
36.05847787569162,1,105590590201
33.335614611936876,0,105590890201
25.631975805944137,1,105600160201
13.807287046207868,0,105600200101
12.227876379604638,0,105600200102
35.2766340953263,1,105600240201
28.827155878052466,0,105600390201
22.785911680160783,1,105600420101
13.606079134093608,0,105600440201
29.719202308162476,0,105600460201
30.586176591298077,1,105600480101
22.424679339809995,0,105610090201
29.101998137209804,1,105610160201
27.779485087826192,0,105610160202
24.46512311652453,0,105610190201
18.448124960688475,1,105610230201
44.06613928221668,0,105610270201
23.247026390994236,0,105610380201
5.291939829301803,0,105610490201
24.853246069140226,1,105610560101
15.671450978136473,0,105610560102
36.76110887220398,1,105610630201
6.128281455373136,0,105610670201
21.858515227775754,1,105610700101
5.191193145061928,0,105610740201
9.81863691718845,1,105610890101
31.780214807102105,0,105620060101
25.07942152686026,1,105620260201
8.357201693985678,0,105620290101
51.30192178541562,1,105620330201
18.0185793385808,0,105620370201
16.152405797674366,0,105620400201
6.486764646761905,0,105620430201
8.073494819985347,0,105620430202
6.691572620217956,0,105620530101
15.758181112118375,1,105620620101
7.85876632023638,0,105620620102
7.718127095010294,0,105620660201
26.21559107268782,1,105620690101
18.233409176944495,0,105620810201
18.849045746971658,0,105630060101
9.454328939370532,1,105630100201
38.11518853838171,1,105630200201
24.022873163121204,1,105630300201
17.878583614792593,1,105630360201
49.239355756970475,0,105630660201
20.43079702179834,0,105630720201
46.70522403649693,0,105630870201
23.944877405935568,0,105631200201
33.193099007197496,0,105640950201
28.166910423340262,0,105640950202
60.08426654460712,1,105641060201
30.945079941597513,1,105650080201
31.016453638427286,1,105650100101
16.332577369001918,1,105650100102
42.021860250698225,1,105650290201
34.48618896179582,0,105650290202
59.524323755533835,0,105650350501
48.01784538645708,0,105650370101
44.81913249246595,1,105650450101
60.45308781166823,1,105660020201
61.51821838451827,0,105660170201
59.435494420542895,0,105660230101
55.687582618933845,0,105660270101
56.27320773860296,0,105660320201
64.31640312240252,1,105660360201
62.527010150350634,1,105660680201
71.63457983675104,1,105660730101
50.24271199678914,0,105661050201
60.005924238724745,1,105670430201
55.53539566931665,1,105670670201
58.24266379295174,0,105670730201
60.61463033282571,1,105671110101
68.06963043584602,1,105671240301
60.73236023937017,0,105671450201
43.33467490988582,0,105680030201
52.21622476161758,0,105680060201
60.60389380360133,1,105680200101
47.96940903985059,1,105680230101
44.99053544791366,1,105680300201
51.85843552095959,0,105680350101
58.185101087279875,1,105680430201
60.35941796734491,1,105680510201
55.46919850626973,1,105680530201
43.36506593426026,0,105680700201
45.65160819186355,0,105690490201
26.849987024938816,0,105690910101
29.359607030108645,1,105691090201
51.41004779115623,0,105700250201
55.325422446536784,1,105700250202
58.31841405675595,0,105700460201
62.16983027035279,1,105700480201
59.29704253535182,0,105710150201
40.22388148354516,1,105710310301
50.61102272350469,1,105710390201
47.18034669367825,0,105710540201
60.32404031981869,0,105710620401
49.55898610803707,1,105710650101
21.125228502171694,0,105720050201
25.433833019096227,0,105720050202
31.183093772121648,0,105720190201
49.41562897673232,0,105720730201
46.34129896864968,0,105720760201
43.787833728145436,1,105720830201
27.921252854260405,0,105720830202
39.83058369721743,0,105730070301
59.932040716643144,0,105730070401
53.34336596006993,1,105730070402
32.91293007051709,1,105730120201
27.370972945452866,1,105730120202
28.952489473232987,1,105730410201
48.92534893181029,1,105730510301
52.46746050255217,1,105730560201
53.68672330262873,1,105730560202
43.63115739680728,0,105740070201
37.37938074249789,1,105740070202
50.04935357689341,1,105740640201
53.52711826737706,1,105740640202
49.84355208978774,0,105740770201
37.37827781223254,1,105750480401
40.972234445233504,0,105750540101
44.995316218550286,1,105760070201
49.93432782847181,1,105760100201
39.483632818558334,0,105760410201
20.061200187382372,0,105760530201
41.70312757999273,0,105760750201
14.003607795956484,0,105760810101
39.66906440710037,1,105770020201
33.26185965860196,1,105770150201
46.82599047771627,1,105770210101
41.417450766224434,0,105770290201
31.873512463164474,0,105770420201
29.40562610164785,1,105770450201
42.168078532015684,1,105770450202
9.010759197986577,0,105780020101
53.94759905496477,1,105780070201
53.51928911604153,0,105780070202
55.41784080492599,1,105780070301
29.005971907305877,0,105780120201
38.86473743331022,0,105780310201
31.050671074403542,1,105780520101
44.7292759516698,1,105780600201
49.33445991394511,0,105780730101
38.61781845271597,1,105780850301
9.421014032560686,0,105790120201
45.14861073766265,1,105790160201
37.131187506739536,0,105790280201
51.372545959472205,0,105790530101
30.070971231660668,1,105790740201
38.74626900533349,0,105790780201
8.55008173252666,1,105790820201
20.623950256075013,0,105791000201
33.76433960425943,0,105800010301
44.80314362914541,1,105800100201
29.416100594394184,1,105800150201
25.090055974754996,0,105800320401
33.862676117001115,1,105800460201
43.82361323916281,1,105800550201
20.328767196707535,1,105800670101
26.125119714081734,1,105800670102
45.17374475639332,1,105800810201
59.68191093639686,1,105810150101
61.20728453998115,1,105810210201
53.32275775117467,0,105810330201
58.57747764394629,0,105810450201
67.81439089583813,1,105810550201
58.53097482281988,0,105810610101
17.454501514163162,0,105811270201
27.066959133087817,0,105820040201
45.47155558405608,0,105820080601
15.329521090681144,0,105820110101
53.63652087117969,0,105820220201
18.457010503439214,0,105820260101
37.273614927008865,0,105820330301
30.283282925058515,0,105820440201
23.466561284919983,0,105820580401
34.21989452512378,1,105820620101
42.85772130047992,0,105820650201
10.944361975468743,1,105820690201
61.410948516761714,1,105830130201
53.69567177936447,1,105830150201
36.353081924023726,0,105830270201
43.874366839966406,1,105830410301
40.64118738431132,1,105840190201
35.04737124226694,0,105840510101
44.36477961038981,1,105840570201
42.57903101015819,0,105850080201
39.583916366519645,1,105850180201
30.318472498553888,0,105850380201
40.649697785449575,1,105850860201
37.369712716357725,0,105850860202
46.45330052030212,0,105851020201
32.744742026752036,0,105851280201
54.52776353449295,0,105860380201
38.877991393708896,1,105860660201
57.141130972784076,0,105860900201
33.51555654606784,0,105861030201
36.36713099973865,0,105861030202
41.237779365306075,1,105861210101
51.57590616407797,1,105861270101
64.33529194345222,1,105861270102
34.79434455338543,0,105870070201
30.85698729233566,0,105870390101
46.47833194624341,1,105870420301
22.02917309840312,0,105870470201
22.675669560339085,0,105870610101
18.291967768276503,1,105870660201
38.33517420858717,1,105880110201
21.424916384367684,1,105880160201
28.592764485728342,1,105880160202
43.95307728216634,1,105880390201
52.3857572663661,0,105880440201
45.692622927144285,1,105880600201
38.825322688437524,1,105880690201
31.82048851361911,0,105880690202
50.907221604040714,1,105880740201
7.239100707228882,0,105880900201
7.057980596935027,0,105880900202
56.7566030283844,0,105881000201
21.597708405439853,0,105881280201
22.634704723427426,0,105881330201
24.710697275763593,1,105881330202
24.589492083046512,1,105881330601
36.71890189846331,0,105890020201
45.949684530743895,1,105890020202
32.434495655774754,1,105890120201
32.90078178672823,1,105890120202
37.94656833681526,0,105890180201
34.24997544711025,1,105890220201
17.597122122115177,0,105890250201
30.087553190357003,1,105890350201
29.969677910044364,0,105890350202
30.71791127312697,1,105890380201
29.01035153457714,0,105890530101
36.77476132670235,0,105890590401
39.13716825441595,1,105890650101
20.50899124742374,0,105890830201
25.977179466340722,1,105890930201
29.308881459623407,1,105900050301
60.281690280627586,1,105900200101
48.49959295189156,0,105900240201
31.11056637286014,1,105900750201
32.02250567184519,0,105900750202
32.11114968711635,1,105900790201
26.128183629755494,1,105900920101
49.31336228364805,0,105900950101
23.641686392860016,1,105910160201
18.32028478794207,1,105910440301
17.345677373402236,0,105910720101
32.18850955954379,1,105910840101
29.516606070841263,1,105910890401
18.89541534962226,0,105910950201
34.52690887893446,0,105911360201
26.512557643778386,0,105920010201
6.841608824247247,0,105920150201
17.75026969549526,1,105920150202
40.91053045916351,0,105920280201
21.627169947800866,1,105920470201
48.95563165725021,0,105920510201
47.78918347785416,1,105920510202
21.980314468144563,1,105930010201
11.491107644587695,0,105930040201
20.363343545437573,0,105930190201
18.421304778492694,0,105930460201
20.61471845343857,1,105930460202
24.98533530434066,0,105930490201
35.92692574899014,1,105930490202
31.560325738145774,0,105930540201
42.84114242657077,0,105930570201
36.609331110195626,1,105930600201
34.93196721135092,1,105930690201
36.34804464240555,1,105940170101
34.72158197888052,1,105940260101
21.56347283516194,1,105940340101
9.654090771858073,0,105940340102
8.859109730623391,0,105940440201
29.20558371431469,0,105940520201
16.33802240232643,1,105940580201
11.81660866281876,0,105940580301
2.979925283047649,0,105940580302
11.963928897086483,1,105940670201
31.247275277854808,1,105940910101
22.34295708575194,0,105940910102
52.87426263009416,0,105940950201
31.618767737121747,1,105941110201
19.857292075693685,1,105950190201
21.44904924981805,0,105950270201
24.87621712247045,1,105950270202
1.6377316133707716,0,105950510201
25.672492214057865,0,105950840201
36.87205036651684,0,105951000101
32.78217424370277,0,105951000701
30.074429811381837,1,105960100201
27.00902486657279,1,105960120201
43.61393878593478,0,105960270201
12.71560085567991,0,105960300201
27.505447287042273,0,105960410101
14.808894686745905,1,105960480101
30.0140366099464,1,105970070201
21.489302367241834,1,105970160101
19.223122907267914,0,105970200201
5.405817532636191,0,105970230101
21.55486994923556,1,105970230201
22.620985137497566,0,105970260201
33.47533944931724,1,105970300101
21.939266875390505,0,105970300102
39.865218424328354,0,105970460101
36.31008541206745,0,105970460102
12.376303934971514,0,105970500201
23.68053918626567,0,105970600201
44.93098687819697,0,105980200201
30.05247780151026,0,105980300301
19.273250205588717,0,105980300302
41.71065684111577,0,105980540201
35.61981942902432,1,105980640101
23.384033601185173,0,105980740101
19.970956193235082,0,105980790101
33.28008799632812,1,105980840101
39.14960840016875,1,105980890201
42.20563847547937,0,105981030401
61.980592962679125,1,105990010101
54.028340953291796,0,105990050601
51.1871543123746,0,105990280201
44.80481871065055,0,105990790201
59.58760456054515,1,105991000301
49.993511193299156,0,105991000501
65.09934480285206,1,105991000502
22.843723139088766,1,106000310301
38.401651959356926,1,106000370201
33.79730995223859,0,106000490201
40.53930339780311,0,106001060301
30.7890302545201,1,106001170201
25.071486727122757,0,106001170202
32.547161046455,1,106010190201
40.39844366329477,1,106010210101
35.5307517340504,0,106010230501
36.473506221279244,0,106010230502
47.28475350085353,1,106010280101
22.391642292864184,0,106010300401
29.311018582128163,1,106010320101
9.286133676746717,0,106010370201
38.38390841154418,1,106010390201
29.192543622728675,1,106010440101
46.106032100633655,0,106010460101
23.3213579532067,0,106010560101
42.23956280362546,0,106020020401
36.37805272163327,0,106020170101
23.736987347222243,0,106020190201
30.578758879835334,1,106020190202
57.099389541025076,0,106020310201
33.337619273082126,1,106020580401
26.98210918098642,0,106020620201
12.681104217493084,0,106020690201
10.449725297057373,0,106020690202
28.31557542397316,0,106030200101
25.320546045297657,0,106030240101
18.088711674572988,0,106030460501
16.731140747650443,1,106030460502
31.41849599395561,1,106030530101
25.05156125520096,1,106030530102
22.90849560789774,1,106030750101
26.449661652228674,0,106030780201
31.220450903181444,0,106030780202
32.646781840551284,1,106030890101
35.92113260743653,1,106040380101
44.76863235815274,1,106040440201
50.99797668128274,1,106040520201
59.708502281943325,0,106040740201
53.94589829155057,0,106040850201
53.400543277442246,0,106040850202
40.687399165988296,1,106050060101
37.91224728796505,0,106050120201
47.93617179820018,0,106050140201
23.83583291546781,1,106050350201
34.70506165406496,0,106050450201
30.955637415532568,0,106050500101
24.599764734746515,1,106050520201
8.185488046646222,0,106050640201
26.829902314774735,1,106060020201
28.13111199927829,1,106060020202
24.69143572359424,1,106060030201
13.850484941280513,1,106060030202
9.190482668537525,0,106060050101
26.27784435272416,0,106060100101
26.139078106196365,1,106060120201
12.923217382825278,0,106060150201
17.362854213106665,0,106060150202
23.529522765959776,1,106060170201
18.158181378043587,1,106060310201
15.34049419894313,0,106060310202
21.190210701014387,0,106060340201
20.430674198541162,0,106060340202
23.89300688918378,1,106060340203
27.324652716343255,1,106060360201
22.065525702725076,1,106060390201
13.079300160823463,0,106060390202
18.40657438716533,1,106060390203
24.68716445238672,1,106060410101
12.54329782239737,0,106060430201
30.026781094860205,0,106060540201
20.86545102125934,1,106060540202
42.65055189644571,1,106070040201
26.349479317626045,1,106070040202
29.37894596232699,0,106070070101
33.18407025066931,1,106070160201
38.10667451957748,1,106070160202
3.08163237820085,0,106070190101
4.593972126843745,0,106070190102
17.81552439226466,1,106070310101
22.320206484857188,1,106070310102
21.290140008721753,1,106070310103
35.29679797073015,1,106070320101
12.229658737391572,0,106070340301
33.65977296774441,1,106070370101
33.9568838662884,0,106070390601
36.731913276656485,0,106070390602
36.43925886053474,1,106080050201
27.751640110546806,1,106080090101
12.83556292512404,1,106080170201
9.522530834541321,0,106080170202
33.28736092281251,1,106080210301
39.871766085633816,0,106080260101
9.34287824402318,1,106080280101
12.697216546853344,0,106080310101
39.45242640923167,1,106080490101
36.62034836461142,0,106080490102
28.45527756037174,0,106090100101
29.624999167394275,1,106090100102
22.886991797995197,0,106090170201
27.788140175196805,1,106090170202
40.07636028539541,1,106090300101
19.202932175822177,0,106090350101
20.00500233804935,0,106090350102
35.68478306269972,1,106090480301
14.802099681813491,1,106090630201
29.838608659761434,1,106100020201
20.64863641115155,0,106100020202
31.135550795051618,1,106100040201
23.630760352758543,1,106100100101
9.519670807720539,0,106100150201
17.41699356302782,1,106100260201
10.32667679605839,0,106100260202
10.603931915120082,1,106100260203
38.800980943168874,1,106100510101
25.108362464490284,0,106100510102
20.776691859901323,1,106100550201
38.56359218134884,1,106101030201
17.723610554830003,0,106110050302
18.748818214849795,1,106110330101
14.84756341583009,0,106110330102
37.60140041315713,0,106110570201
27.2389928221234,1,106110800201
13.923458445341648,0,106120050101
7.43860292245499,0,106120260201
32.6288837166817,1,106120330201
12.171553780449342,0,106120370201
12.957322521045752,1,106120370202
13.040181233954527,1,106120400301
24.607357139792125,0,106120550201
25.569547185158868,0,106120700201
28.61966325754164,0,106120840201
52.29804723458512,1,106130790201
34.69333976582526,0,106140160101
20.31574960456651,0,106140180801
23.91101340180989,0,106140240101
21.646759253767975,1,106140240102
15.95283772436646,1,106140250101
21.961635588140187,1,106140270201
17.723776121575266,0,106140270202
15.013944021055536,0,106140280101
28.293329403036616,0,106140280102
11.991897914175102,0,106140300201
2.8055815628437433,0,106140330101
47.11709614825168,1,106140350201
32.75320316691794,1,106140400301
20.06603115585049,1,106140410401
44.66165008028418,0,106140500401
22.564258483890523,1,106140530201
17.211244036826464,0,106150050201
19.703819476090963,1,106150150301
11.768588001353983,0,106150150302
8.226855644992638,0,106150150303
23.95282333308825,1,106150150901
24.167965668193382,1,106150260101
20.216902213777544,1,106150300101
16.97097255743013,0,106150300102
21.647936099294384,1,106150340201
17.063460453313716,1,106150420201
21.953923823547647,1,106150420202
27.001361261047514,1,106150450201
15.661107691073962,0,106150450202
12.582251744165564,0,106150560201
9.326992631643918,0,106150560202
25.271343772533758,1,106150780201
21.54955443164795,0,106150780202
8.991242841807132,1,106160020101
14.532191024538786,1,106160020102
16.94994807813704,1,106160040101
7.004974051217545,1,106160040102
22.114300081988755,1,106160040103
20.090640198336004,1,106160060201
8.577526211013975,0,106160080101
10.664026987026816,1,106160080102
13.578723210333914,1,106160120101
4.6435623131018975,0,106160120102
16.033329438654263,1,106160140201
10.541450550786289,0,106160140202
12.091788616924504,0,106160140203
16.47103667896224,1,106160160401
20.639807178151774,1,106160180201
12.758351217881959,0,106160180202
11.117660598942068,0,106160200401
16.84828518424919,1,106160200402
35.66701401571287,1,106160220201
26.79476083110248,0,106160220202
22.81234904129505,1,106160300101
15.978595218071447,0,106160300102
34.37974651138049,1,106160320201
11.48379635915953,1,106160350201
12.972888162886385,1,106160350202
20.89912006699673,1,106160390701
18.394850118470032,1,106160500201
35.42774594064019,1,106160520101
14.712949337574482,0,106160540101
4.613122472802239,1,106170260201
5.9665016767862795,0,106170260202
6.398312437052408,0,106170320201
18.7015639814157,1,106170320202
20.62274233810954,1,106170420101
20.494575905429784,0,106170470101
17.59656472363085,1,106170520201
9.894190338439795,0,106170520202
16.247339927065177,1,106170520203
10.193335903862817,0,106170580201
14.683058574680143,1,106170580202
15.117752293627984,0,106170630101
14.433588573574145,0,106170630102
22.207990398614204,1,106170680201
21.09676679810765,1,106170680202
12.14842578102883,1,106170790101
20.349980886764488,0,106171120201
23.993155202892098,1,106171120202
24.264625541653484,0,106171121101
24.576052832460626,0,106171121102
23.801499884890323,1,106171170201
23.409539726496448,1,106171230101
15.589619997136097,0,106171350101
27.570515115330195,1,106180130201
28.223421824890618,0,106180130202
43.04049429684315,0,106180130203
45.63711765882831,1,106180210201
37.09642411012152,1,106180310101
62.205905903998065,1,106180550201
55.09669308189493,0,106180720201
50.49687731584306,0,106180780201
39.72627397567918,1,106180830101
50.63970629915833,0,106190080101
55.62768117102968,1,106190350101
58.4690110667142,1,106191150101
14.249842600197532,0,106200200101
19.78434581718496,0,106200430601
26.648515591181138,0,106200530101
25.24877829530778,1,106200690601
22.86689751051913,0,106200730201
18.163185527851084,0,106200730202
24.37616317333176,1,106200730301
20.751810390110165,0,106200950201
29.530304259897648,1,106201040501
35.061946283217665,1,106210070101
21.703512833506966,0,106210070102
27.321031619809933,0,106210100101
42.37588283629214,0,106210180101
17.95653321112031,1,106210230201
17.813072716266586,0,106210330101
27.133040001784316,1,106210440101
16.641558146815374,0,106210440201
13.957214231606278,0,106210520101
12.245838651258078,0,106210540201
14.064302903215175,1,106210540202
17.920904351679113,1,106220010201
17.757973544275195,1,106220010202
47.71545427922136,0,106220100401
23.55332957096938,1,106220250201
30.76218392729077,1,106220250202
36.07905898545841,1,106220480201
53.375794598335496,1,106220520201
40.06496147232051,0,106220860201
15.725180112817847,1,106220890201
17.96901955186805,1,106220890202
28.703380646233676,0,106230040201
46.2911016916083,1,106230070101
38.67719741987822,0,106230130401
64.24127718335004,1,106230280301
24.358754319950496,0,106230310101
30.145273275600776,1,106230380201
39.171237268245136,1,106230690401
23.487328224600976,0,106230770201
28.21014867055189,1,106230770202
35.48380579035546,1,106240070101
39.01172352345159,1,106240120201
6.187497115542654,0,106240210101
13.485783818039357,1,106240210102
14.497974044730444,0,106240390201
21.63784384896225,0,106240390202
24.68579497315826,0,106240390203
43.60742515342043,1,106240460201
39.380579179914285,0,106240580201
15.12480979473025,0,106240630101
7.855528506646456,0,106240630102
32.512543559362214,1,106250140101
20.628857805548844,0,106250250101
12.637734923547285,0,106250310101
22.966381664073715,1,106250370401
13.33981925099759,0,106250420101
24.200062230892982,0,106250530301
24.63131280580433,1,106250590201
37.69375358639804,1,106250870101
27.93837667454818,1,106251090101
30.406283773035113,0,106251090102
5.074608275129033,0,106251150101
14.59483174357829,1,106251150102
33.11197311908333,0,106260010101
9.204882275118603,0,106260160101
35.70114564131089,1,106260210101
30.146064986706264,1,106260280101
25.446341577613445,0,106260360201
6.795746019535589,0,106260410301
15.89971652548229,1,106260430201
20.957604416239086,0,106260430202
9.005681534394261,0,106260480101
7.224032742055549,0,106260480102
14.483166449573856,0,106260480201
20.810596000050765,1,106260530201
5.447921625484542,0,106260530202
16.000778839705887,0,106270010201
19.653609708702135,1,106270010202
8.235893520090592,0,106270030201
18.530458023767068,0,106270030202
25.122879583132814,1,106270080201
11.26315950198912,0,106270100201
19.295358207584552,1,106270100202
8.037089695166427,0,106270100203
18.481529434049254,1,106270120201
13.09056328221414,1,106270120202
30.137550789171673,1,106270140201
28.348423293217426,1,106270140202
19.88290992182845,0,106270160101
17.902104262089114,0,106270160102
13.954979356439345,1,106270190201
11.650614818708235,1,106270190202
17.165415513962998,1,106270230201
16.20931193530176,1,106270250201
14.561612528884364,0,106270250202
10.170737664186765,0,106270250203
7.628474827507171,0,106270330101
4.002813138044516,0,106270350201
7.021766869276084,0,106270350202
9.912339638124989,0,106270470201
18.427679175522535,0,106270500201
27.194430944368058,1,106270570201
32.73170035174534,1,106270570202
12.745193127649436,0,106280080201
19.752502371593764,1,106280140201
1.233726107939324,0,106280140202
9.581262275192085,0,106280270101
18.85746095050019,1,106280390101
18.06958497474775,1,106280420201
22.769697151446827,1,106280450801
31.179339519026637,1,106280510201
32.71337386916029,0,106280510202
13.15778463549361,1,106280540101
24.640075419390683,0,106280710201
12.328368432663602,1,106280810201
27.493815106741607,1,106280810202
18.99217024950503,0,106290060201
22.686399895135892,0,106290060202
16.86194425275554,0,106290100201
10.992146302578197,0,106290220101
15.563168034927124,1,106290250201
15.474016746042611,0,106290480201
23.598299542843186,0,106290640301
35.52421242312734,1,106290710101
38.264372023995115,1,106290830401
32.03895905649091,1,106290870101
47.39409540972937,1,106300170201
54.0811088169045,1,106300170202
38.25599346385037,0,106300200201
62.4167755150027,1,106310010201
44.40513481733925,0,106310090201
44.7742308529951,0,106310290201
59.541326775624476,1,106310340201
36.66947104434228,1,106310380101
45.87171766077366,0,106310540201
39.85204054280987,0,106310750201
48.98575643981873,1,106310750202
59.04933789768417,1,106310750203
62.99926704582476,0,106310830101
55.64741258464726,1,106310870201
57.60664394526173,0,106320010301
46.39596866830564,0,106320050101
50.83056707894236,1,106320320201
56.03437920573739,0,106320360201
55.493356198201575,0,106320540201
66.50308597808626,1,106320860201
53.5938771365292,0,106320860202
59.96012928387985,1,106330010201
62.64503516316242,1,106330010202
56.31713366273347,1,106330380201
54.87886142031663,0,106330720201
47.88524554594201,0,106330720202
40.353123973958056,0,106331190101
58.368500924989796,0,106340040201
54.051829489013684,1,106340150201
65.59152597423153,1,106340240101
60.653102562452396,1,106340330101
49.01910460073014,0,106340410201
53.011159346896285,0,106340450201
60.223083527160426,1,106340500201
65.95420289320948,1,106340590201
62.87741069571487,1,106340590202
53.84338250961788,0,106340640201
66.80353499041294,1,106340640202
52.34807301301253,1,106340680201
46.629203660256096,1,106340730101
48.13242953261904,0,106340860201
43.17158197639311,1,106350100401
24.62175673296691,0,106350230201
51.63402399467451,1,106350460201
43.2844342322565,0,106350460401
30.652012342371936,1,106350550201
49.55302201951177,0,106350650201
49.617847612365814,0,106350750201
43.55017790064506,0,106360040201
39.3214695678715,0,106360040202
36.238694254895606,1,106360080101
28.531961900013435,0,106360210201
42.44527837537116,1,106360210202
52.83179917832053,0,106360500201
46.29387317236823,0,106360760201
38.656008951713304,0,106360800201
54.50299645900944,0,106360800202
56.73349116981004,1,106360840601
56.60646680690681,0,106360840801
43.810403983494965,0,106360880301
10.782531432997278,1,106370010201
35.765410789739775,1,106370070201
31.62660779861777,0,106370070202
52.753978076318255,0,106370270201
57.48269606119536,1,106370380201
66.41829945537958,1,106370400201
55.5433302175673,1,106370440201
25.624953921814885,0,106370480202
33.48034031818288,1,106380030101
32.818797955355876,0,106380180101
33.82094372386617,0,106380240201
29.8491758390406,0,106380340301
18.502873269183745,0,106380340401
39.78306544355753,1,106380390401
30.795925235722144,0,106380490101
42.46682319908507,1,106380690201
48.42932097021046,0,106380740201
45.558485433794615,0,106380790301
44.59824086884263,0,106380900301
38.14429865413121,0,106380950201
34.9628531516878,0,106380950202
45.76308188768708,0,106381000101
47.70733212127558,0,106381250201
34.99883754945397,1,106390050201
57.14446429320237,1,106390100201
42.9070852280512,0,106390300301
48.14260561381253,1,106390450101
55.59832371309116,0,106390510201
47.253758088881824,0,106390710201
57.9322757002332,1,106390760101
54.231010669341764,0,106390760102
53.48674507110099,0,106390860201
53.029521063293494,1,106400110201
27.200022468711516,0,106400140101
30.553339976420407,1,106400190201
37.64289574437936,1,106400210201
66.34315520947955,1,106410290201
64.78334848971355,1,106410290202
38.243580897021914,0,106410540201
57.58985334364391,1,106410580101
23.532518649033417,1,106420040701
37.01331723089685,0,106420200501
31.64254196458375,1,106420300301
31.36717506389734,1,106420510201
28.80755836081102,0,106420510202
39.11595394902927,0,106420560101
24.51414225522787,0,106420620101
31.118894267723242,1,106420620102
29.189915497010563,1,106420720101
18.26587956117556,0,106420720102
26.896136634153354,0,106420980201
23.698138390430877,1,106420980202
33.907616941102276,1,106421250101
29.315297357428776,0,106430050201
49.55613815946451,0,106430090301
48.34033873831882,1,106430260201
38.85701422315711,0,106430260202
17.00355565725511,0,106430300201
22.393672987847683,0,106430300202
40.11745660052633,1,106430580201
38.09689818264422,0,106430580202
37.89468809849323,1,106430620201
40.61891981666143,1,106430620301
33.85176040007689,1,106430620302
29.070556109750473,1,106430720201
33.41183049555039,0,106440030201
33.25587453147469,1,106440030202
13.829078264207299,0,106440120201
33.25845344705985,0,106440140201
34.16697729769369,0,106440310101
31.967603561976293,1,106440370101
43.4690304137811,0,106440420101
47.42870266042179,1,106440520101
28.25372453386738,0,106450020301
32.192075306349615,0,106450020302
38.96573294833988,0,106450060601
24.223198750264398,0,106450090201
37.592082949912346,1,106450170201
31.93105595884089,1,106450200201
33.50553656383261,0,106450240101
55.77332049302547,1,106450270301
31.68231143463503,0,106450380201
29.053668124142867,1,106450380202
40.04516749275841,0,106450490201
19.649842090806267,0,106450590201
38.25852564063261,0,106450770201
47.266447543736184,0,106460020401
19.099606172789333,1,106460080101
18.686088840313435,1,106460190201
50.72998158523074,0,106460340101
42.504127067226676,1,106460400201
38.3239793214563,1,106460400301
22.73013655856648,0,106460480101
23.98681530987381,0,106460480102
30.767083302955058,1,106460480103
30.923074067698735,1,106460690101
17.949105049832866,0,106460690102
37.70414645119193,0,106460720201
39.583801871006145,1,106460720202
29.561609949149688,1,106470050101
50.34890735863794,1,106470310201
30.699562737876022,0,106470350101
30.835395342424835,0,106470460202
39.72497274586762,1,106470570101
34.194169891827094,0,106470610101
35.85567944859863,1,106470750201
28.321790250881676,0,106470750901
36.89711956718784,0,106470790101
61.81208635624096,0,106470900401
50.51588041728149,0,106480160101
18.863762072943295,0,106480510201
39.548760685781396,1,106480660401
32.001469641881656,0,106480660402
37.00820398601233,0,106480810501
24.328845200323546,1,106480860301
26.88691428158201,0,106480960201
27.810820879303677,1,106481060201
40.36874188791172,0,106490020201
43.36739689897265,1,106490120201
48.65582783420865,0,106490160301
51.78756163222696,0,106490160501
44.782243526285576,0,106490210301
43.49513132515576,0,106490210302
27.53346578737989,1,106490230401
41.40090416751593,1,106490250201
15.659006215678524,1,106490410101
10.720035929080971,0,106490410102
57.58861253035938,0,106490450401
56.07911437218092,0,106490450501
31.031111429921623,0,106490480101
32.822236135807586,0,106490480201
26.982861311855594,0,106500070201
29.72874980035469,0,106500070202
42.00509946329034,1,106500140301
43.532167262599785,1,106500170201
31.76420367676199,1,106500190201
43.94837388167253,1,106500290301
31.56599432551581,0,106500290302
40.21666851860739,1,106500310101
33.69330451423106,1,106500340201
21.712510511720676,0,106500380101
23.10503024813815,1,106500410301
34.57792439925764,1,106500410302
32.363193666209064,0,106500430301
30.529868431288417,0,106500500401
35.31900980539613,1,106500530101
23.855337150340027,0,106500530102
27.41777364236798,0,106500550201
22.928166255722118,1,106500550202
31.6023986413686,1,106500600101
51.82482333574628,1,106510050401
11.936584681900161,1,106510170101
24.64146186533135,0,106510350201
42.404599342358345,1,106510440201
39.70940393297708,0,106510470201
43.494433857772435,1,106510470202
31.639446461411463,0,106510530101
56.05564448994464,1,106510670601
21.52770394985817,0,106510730201
20.52082499487755,0,106520020101
48.836492647621654,0,106520060401
19.69511467385857,1,106520090401
11.749572810947344,1,106520090402
23.801153551921487,1,106520150201
28.685548104561498,1,106520170101
29.141675156602574,0,106520170102
29.414744951645474,0,106520400201
10.87486677200933,0,106520460101
3.836343350221079,0,106520460102
11.752982093219446,1,106520460103
13.925298260011793,0,106530070201
14.102804548859268,0,106530070202
40.21442728653944,1,106530100201
44.597493447203185,1,106530140201
30.052384610375537,0,106530280201
41.74714770100482,0,106530280202
26.557934500660256,1,106530350201
33.169933626552584,1,106530460301
57.08853184879991,1,106530630201
34.78765662699211,1,106530770201
28.492679238401948,0,106530880401
57.16547106496237,1,106540060101
45.28377889981086,0,106540060102
17.073209828361158,0,106540190201
23.993445842384837,0,106540210401
26.387989033994817,1,106540210402
26.0917136586097,0,106540270201
17.229937077141066,0,106540440201
27.16802143470641,1,106540440202
26.225680818436178,0,106540510102
23.580606313086683,1,106550110201
31.744377587174455,0,106550110301
36.230814858379546,0,106550240201
38.04342364423306,0,106550290201
39.997866453781015,0,106550510201
29.767965188471052,0,106550600201
0.0,0,106550690201
21.114058949759073,1,106550780301
11.751030749219488,1,106550920202
10.625827534376402,0,106550920203
33.676196595084406,0,106560030201
30.534665160455425,0,106560110201
30.15893995839476,1,106560110202
38.68938944740155,0,106560240201
50.66086537894696,1,106560300201
36.90381899246233,0,106560380201
6.752132119347608,0,106560440101
16.033246955506797,0,106570030201
12.080966581295037,0,106570030202
37.46518719624987,0,106570170201
39.63384164790105,1,106570290301
34.35706611376466,0,106570370201
42.73438114546808,1,106570370202
39.48314714610778,0,106570370301
40.77306472937222,1,106570370302
8.258864260035917,0,106580110201
46.356066663182624,0,106580230201
38.798304664513886,1,106580460201
37.470985604920166,1,106580460202
14.395569620583261,0,106580690201
18.27733378903101,0,106580730201
26.481940794968484,1,106580730202
25.157239035792788,0,106580920301
37.25693145771374,0,106590010101
23.47714113963966,1,106590180101
17.896412174449942,0,106590410201
43.01251789743469,1,106590800201
45.348451503113104,1,106590850201
20.747834513993503,1,106591020201
19.772068802349402,1,106591020202
32.57534978337408,0,106591130301
24.843194115603485,0,106591130302
32.123838756726414,1,106591250201
33.16791261245773,1,106591250202
32.920731708640204,1,106591300301
46.37384527936697,1,106591360201
52.18346532818711,1,106600010201
36.30995282835589,0,106600060201
30.827255120888093,0,106600060202
35.18631345536977,0,106600520101
37.17630422778419,0,106600980301
46.63572194799472,0,106610210101
37.628926930544246,0,106610240201
46.97019153357464,0,106610320101
46.03607054195655,1,106610360101
40.486355126849126,1,106610360102
46.016230533003075,0,106610510101
36.16321478715567,0,106610580201
28.8821404820698,0,106610690201
41.95001474380042,1,106610850101
34.44282465443718,1,106620150101
35.64977022892798,1,106620230201
26.392571390349726,0,106620230202
39.9803815953437,0,106620310101
12.07684126851202,1,106620350201
20.062372454376387,0,106620390201
45.47252805496527,1,106620510201
38.6424841745544,0,106620550101
28.434650614633153,0,106620630101
30.360561574269592,1,106620710301
26.027742260114398,0,106620710302
24.774903435360912,1,106620750501
32.75289570511211,1,106620750502
52.873563056725665,0,106621000201
49.81011370453823,1,106630230201
59.29971372264304,0,106630320201
55.1911581263128,1,106630590201
48.75212752848686,1,106630680101
51.99441549993676,0,106631000201
40.22473955346786,0,106640050301
46.159345850613136,1,106640210201
30.66454985860791,0,106640380201
38.913182748984596,0,106640420301
39.75146822297413,0,106640420302
38.698282270659455,0,106640620301
55.09159549860447,0,106640660301
54.584829650962575,1,106640910201
42.419028731165525,1,106650090201
41.49503385788964,0,106650090202
31.868162555218625,1,106650150201
19.289711698231038,0,106650270101
21.726527794357622,0,106650610201
27.179031476654984,0,106650730101
35.99908637505977,0,106650780201
25.551303869285952,0,106650840501
29.38499000802937,0,106650840601
32.63855609252925,0,106651020301
23.06617657752864,1,106651130201
28.055376142392262,0,106651130202
22.541278733762606,0,106651360301
53.00472970815568,1,106660160401
31.83515110125128,0,106660310101
34.91698840182082,0,106660350201
38.55535709972162,1,106660350202
23.926602274521013,0,106660380101
25.713728087326604,1,106660380102
18.324509225681282,1,106660460201
24.84796240891598,1,106660460202
17.41163097659267,0,106660540101
11.155925558069297,0,106660770701
12.363055590849466,1,106660770702
41.94222298835872,0,106670050201
40.86152879440896,1,106670090201
50.48691471479664,1,106670200101
27.474265062779942,0,106670240401
25.672459259800128,1,106670530101
26.98641255540477,0,106670530102
21.094730886250122,0,106680040201
25.831707997602457,1,106680040202
36.95521834251691,0,106680080201
39.48111610331949,0,106680100201
29.481187151930477,0,106680140301
30.687540533869804,0,106680170201
35.66255570179146,1,106680170202
36.613409210520025,1,106680170203
44.57834394850472,1,106680210101
44.30771314953373,0,106680230201
50.343048321530794,1,106680230202
31.32570376347282,0,106680300101
28.131513746896513,1,106680300102
39.994689735245935,1,106680430201
30.857864387711622,0,106690070301
41.98495800313373,1,106690150301
37.690504061230186,0,106690150302
26.362489700362442,0,106690330201
46.94960798168149,0,106690530101
31.605173038362114,1,106690610201
39.34800143269601,0,106690690201
42.864528974096565,1,106690870201
40.326710503528815,1,106690870202
48.41570320705758,1,106690870203
39.20443655928785,0,106690910201
37.051443152166925,1,106691040201
60.09863831295992,1,106700420201
48.93000556645254,0,106700700201
59.1404103173118,1,106710060101
18.729636975442368,1,106710300201
20.419908239050123,0,106710380101
53.94636435194057,1,106710470301
34.72701864264611,1,106720050101
45.35607435672112,1,106720200201
66.15094597046345,1,106720770101
57.76348120328621,0,106721020201
39.368615002763505,0,106721170201
37.9895478678168,0,106721170203
31.038580485745747,1,106730010201
25.9545346082261,1,106730020201
20.075600147193317,0,106730020202
43.93585703730316,1,106730031101
42.711912907596655,1,106730031201
30.945928623642352,1,106730040401
52.96695419934786,1,106730080601
18.464121686006305,0,106730130201
41.264873144903596,0,106730220101
24.59944365404216,0,106730240201
26.96591544960403,1,106730250301
10.53999118755861,0,106730250302
16.163672300157664,0,106730270101
18.237441302483013,1,106740050201
22.320876635866952,0,106740100201
16.137724876260414,0,106740100202
38.0587293119557,0,106740200201
10.309566640621236,0,106740370201
10.139731172739216,0,106740370202
29.704405861966844,0,106740470101
7.560866068680701,0,106740530201
35.62272688002511,1,106740600301
26.75165084835273,0,106740600701
31.843380103988075,1,106750110201
38.48129120667312,1,106750180201
25.35275007170811,0,106750210101
19.02013948901042,0,106750310201
23.290574339214523,0,106750310202
24.29933827877603,0,106750340301
25.98167533437677,1,106750470101
18.397706788260937,0,106750470102
12.365691804178159,0,106750600201
23.488178391784576,1,106750640201
19.417503217156888,0,106750700201
30.824483867354452,1,106760010301
29.81844238566884,0,106760010501
15.797199541385654,0,106760030101
50.77180895117379,1,106760150501
31.592884708790628,0,106760170201
29.34663333332238,0,106760190101
18.66156416436319,0,106760220201
20.86458359778079,1,106760240201
19.275060036368203,0,106760260201
24.89117968157875,0,106760310601
15.619894633332285,0,106760330201
29.576507678649918,0,106760380301
29.374129856784975,0,106760420201
38.92939057619185,1,106770030101
37.73677616988443,1,106770070601
31.167742835467045,1,106770170101
32.11898777978642,1,106770310601
49.977292906260004,1,106770640201
16.444681379004585,0,106770710201
4.708590270651797,0,106770740201
6.805599271351443,0,106770740202
27.461810083987626,0,106770880201
41.29741092025412,1,106780030801
39.22204222636531,1,106780050101
31.6983809013267,0,106780200401
24.764129030942815,0,106780460301
52.83834213997054,1,106780490101
29.56031602874633,0,106780520101
21.365895109844722,0,106780540101
25.18919407092875,0,106780570101
23.21501781445035,0,106780690101
35.94608645675381,0,106790100301
40.03127804995316,1,106790350201
32.97521631259411,1,106790380201
35.854499430022415,0,106790450101
40.73416430481372,0,106790450102
22.670888134645896,0,106790550101
33.3607126346329,0,106790620301
45.543445472439515,1,106790620302
21.054825240020968,1,106790660201
39.788059133625325,1,106790760201
27.9806707798446,0,106790830101
26.67084500323072,0,106790830102
26.38333451287214,0,106790860201
27.52111453294505,1,106800050101
24.77263886688406,1,106800310301
29.731819154208683,0,106800340101
24.529321296361466,0,106800410201
53.857428507113354,1,106800480101
29.164010146783284,1,106800540101
31.108822506139486,0,106800540102
31.36194531633887,0,106800650101
35.21653365912148,1,106810010601
21.55088475443715,0,106810010602
36.38858410495077,1,106810110201
37.071798142232026,0,106810110202
30.754573512897714,0,106810140201
25.426039076337098,0,106810170201
19.71244244905462,0,106810170202
27.319216711213045,0,106810210201
30.190026645962856,0,106810210202
37.017246328288664,1,106810270201
48.61768117748312,0,106810310401
41.86926088676339,0,106810310402
27.56564266922406,0,106810370301
39.280628923306665,0,106810370302
27.624219590654114,1,106810470101
20.423790708466885,1,106810470102
24.084173143976244,0,106810500101
26.117382857503404,0,106810500102
47.420810276082506,0,106810700201
37.457290742262344,1,106820010501
23.112838031474727,1,106820070101
43.92834350304086,1,106820120401
34.699651392594426,1,106820300101
36.035578546064976,1,106820360101
42.90899504445914,0,106820420201
38.515855974569156,1,106820420202
28.485663190955023,0,106820590101
41.776741086843266,0,106820650101
37.70108362957683,0,106820650102
44.86981669068055,0,106820870101
40.27686829917604,0,106821090201
11.980322056297819,0,106821140101
37.97700939142689,0,106821200101
39.69366194350046,1,106821250101
35.0757119824355,0,106821310301
44.9185535609346,0,106821360301
51.83532459989726,0,106821360501
61.865077068221076,1,106830300201
64.84639598763403,1,106830300301
59.261688483427726,1,106830450101
47.910091049230175,1,106830480201
60.34607168003776,1,106830720101
51.877515997055234,0,106830720102
36.37858791001778,0,106840010101
39.75220927140172,0,106840060201
51.181513119542736,1,106840110101
33.68210528004226,1,106840140201
37.62885865570523,0,106840140202
29.327106490310374,1,106840190201
31.16635152609722,1,106840190202
29.199523384117487,0,106840190203
47.75272472514104,1,106840210101
30.345481252243644,0,106840330401
25.72948457257308,0,106840480101
19.15815892312347,0,106850040201
42.08010932409317,1,106850070201
32.292003442608646,1,106850170101
32.998078846505436,0,106850190201
33.97612157211203,0,106850190202
24.37788105153023,1,106850220201
3.16173508375707,0,106850280201
13.079979702976441,0,106850350201
11.05613318148073,0,106850350202
9.391039909502172,0,106850350701
19.980229400595483,1,106850350702
25.396965640521067,1,106850380101
12.526278687854791,0,106850440201
36.61452239848732,0,106850500201
15.235939455345349,0,106850540101
17.075425920230295,0,106850570202
30.18313198774416,1,106850630101
31.82111687035931,1,106850630102
22.036620273353822,1,106850720201
24.358585644603977,1,106850720202
6.888762309910895,0,106850750201
10.23824146349359,0,106850750202
47.654448349775414,1,106860010301
19.225242131990065,1,106860080101
33.1611791462234,0,106860180201
44.296390276602565,1,106860200301
40.76631883714335,1,106860280201
27.134209426484247,1,106860280202
20.015671374047937,0,106860430301
25.286805682955894,1,106860430302
44.28768252745793,0,106860490301
26.0341608800758,1,106860550301
21.36027046013951,0,106860550302
32.81529920589135,1,106870130201
30.2958038051808,0,106870130202
55.872329239026634,1,106870410201
26.093625895915604,0,106871050101
20.491700029254126,0,106871050102
32.66012023062425,1,106871100101
51.926322231172016,1,106880290201
56.46280570449221,1,106880490201
61.08426649485215,1,106880490202
53.68621788674049,0,106880650101
16.089141821738284,0,106880690301
17.28569574352981,0,106890010101
20.17547722092234,1,106890050201
17.728279238879644,0,106890120101
28.499473777096988,0,106890270201
24.066869802729357,0,106890380201
32.12063875509071,1,106890380202
17.401040255073116,0,106890450201
38.71108872569742,1,106890590201
43.38119898868797,1,106890630201
22.462622629970763,1,106900080101
24.24803419944488,1,106900080102
33.478164996429896,1,106900080701
32.84313833813842,1,106900080702
28.503150528959154,1,106900320101
31.29890089802164,1,106900410101
15.06084747361147,0,106900460201
20.427163365573154,0,106900460202
43.99243891726438,1,106900510101
40.893698739237294,0,106900510102
7.903909370321078,0,106900550201
34.55154597444037,1,106900650201
49.80997540416075,1,106901040101
15.034746112273737,0,106910020101
22.27783756605551,1,106910020201
23.673161384048207,1,106910050101
35.266138846817285,1,106910080201
34.50572939848333,0,106910080202
24.336584658496214,0,106910140201
33.42607119558389,1,106910160201
27.328626758473096,1,106910170201
28.647438217149574,0,106910170202
22.86594783450818,1,106910190401
25.260695486793367,1,106910190402
34.432682659810595,1,106910200201
33.01711025892991,0,106910250201
28.53414839239989,0,106910250202
30.2925263468535,1,106910260101
26.029556796751827,1,106910260201
25.111135807342627,1,106910260202
34.358292400772825,1,106910290401
35.06457748231273,1,106910290402
34.33478422463003,0,106910320201
34.341200887485186,0,106910340101
28.391843240592443,1,106920070201
1.9080740965337029,0,106920070202
4.555607316809925,0,106920070203
12.351234786699655,0,106920080201
11.011386814929473,1,106920080202
25.61297005714934,1,106920100201
8.969422899385812,0,106920200801
19.37678976081501,1,106920200802
34.397597138414,1,106920240301
22.086092105035654,0,106920250201
27.31567029489688,1,106920300201
37.54870051026215,1,106920300202
37.5997379219258,1,106920330301
18.555970147315854,0,106930030201
19.868857182270478,0,106930130201
43.83068410003417,1,106930180101
35.15101506117956,1,106930180102
21.13560523591923,0,106930230201
31.181762754878694,1,106930230202
49.74619957417206,1,106930430201
64.61613678315908,1,106930820301
46.61447719747653,1,106930870101
40.95637990140444,1,106931110301
44.47906529568547,0,106940100201
36.07713319505485,0,106940100202
29.622105658625237,0,106940120201
52.65787717851602,1,106940210201
52.29516163119132,0,106940270301
46.78056318646283,0,106940300701
51.50006362018505,1,106940430101
58.95540340258864,1,106940460201
38.269779814919836,1,106940640201
32.83211492026364,0,106940660201
33.52426594015523,0,106940780101
39.76178517975777,1,106950520201
33.3748640887005,1,106950520202
35.86412449551379,0,106950590201
37.29900150622575,1,106950840201
34.50386448103232,0,106950840401
32.22171255544495,1,106960040201
50.85933977251569,0,106960110201
54.70746176167323,1,106960140201
20.94533058442355,1,106960280201
60.59761072451872,1,106960300201
58.6707628362007,1,106960300202
36.742632645185694,1,106960470201
24.97953995345972,1,106960500201
22.618822838447258,0,106960500202
17.541895677133382,0,106960590101
48.56394075001205,1,106970120101
28.069225821269075,0,106970160201
39.53691437739933,1,106970160202
36.26887050390865,1,106970250301
32.35799939854613,1,106970250302
25.31416467882832,0,106970390201
30.9286667796453,1,106970480201
57.236585637217786,1,106970520301
35.00106173749106,0,106970630201
34.646515753693976,0,106970630202
39.91289246412135,1,106970760501
23.243909423943695,0,106970990201
37.75274030167623,1,106971040201
40.131091381892226,0,106971150201
43.783431803872205,0,106980100201
28.480051896115324,0,106980190101
53.67186156114624,1,106980250201
55.52266813139751,0,106980760101
14.378190550986105,1,106990060101
41.8773837407982,0,106990240101
58.78447435907512,0,106990310201
59.95298237892831,0,106990310202
26.723188130187395,0,106990330201
31.29403994387802,1,106990330202
37.17261144686302,1,106990340201
32.3435183610462,0,107000070101
35.35585647990848,0,107000070102
50.18579134769741,1,107000140101
54.78766950114196,1,107000180201
57.93936469329302,0,107000390201
51.08976321596316,1,107000460201
49.62592029785145,0,107000460202
47.03144179757396,0,107000500201
51.32662299646923,1,107000530501
56.888808772350075,1,107010050201
40.579359577836264,0,107010210201
50.699001914126455,1,107010210202
46.61527963399841,1,107010310101
49.66666283794368,1,107010470201
56.92615746025093,0,107010730201
58.133663389175794,1,107010790201
61.464245208380916,1,107010790202
29.41434848531999,0,107020100102
35.28174242509772,1,107020100103
39.53298642524712,0,107020140201
34.95837520871348,1,107020140203
53.70440007566047,1,107020230101
47.332261323832725,1,107020350101
26.261440614801028,0,107020480101
19.545158209061157,0,107020520201
65.46998120903208,1,107020690201
45.600287846344806,1,107020730201
40.312603481218204,0,107020730203
51.534755944340034,0,107020780301
35.138563695902974,1,107020820201
37.42691645100723,1,107020820202
33.94698177906954,1,107020820203
41.328196733680144,1,107020950201
38.76758009621477,0,107020950202
45.21438429163754,0,107020990201
57.71721645415882,1,107020990202
55.23565159494652,0,107021030201
57.77817809444908,1,107030030701
51.468003115806866,0,107030160201
56.71342758959946,1,107030160202
41.66452593197792,1,107030290201
43.43411737561667,1,107030290202
18.38567854452377,1,107030410201
55.173341422508095,0,107030460201
51.88835839399516,1,107030460202
58.043020284548945,1,107030460203
48.9837282380147,0,107030460204
54.419847397066356,0,107030670201
57.022719135140136,0,107030670202
50.716520495211306,0,107030710201
46.21808327728193,0,107030760201
59.138353119515514,0,107030970201
34.22219430764214,1,107040010201
19.547309095554674,1,107040050201
22.158411238044643,1,107040050203
21.905503648706944,1,107040090201
16.34939170680901,0,107040090202
15.837519976664844,1,107040120201
5.00253054964997,0,107040120202
12.505092102637029,1,107040240201
16.98169931425253,0,107040240202
36.202054270381325,0,107040320201
49.52013745670793,1,107040320202
40.431285885388455,0,107040320203
42.04382167488489,0,107040360201
38.525834310369525,1,107040360202
9.78574734724059,0,107040720201
11.085823631615888,1,107040720202
42.00099574077839,0,107040840201
36.04488545238726,0,107040840202
34.76999837006235,0,107040880201
39.32968130018722,0,107040880202
52.17495700084429,0,107040960201
45.626872943228015,0,107040960202
33.59566578052021,0,107050040201
39.79282235061718,0,107050040202
47.287296330498464,1,107050160202
38.42492864751144,0,107050160204
50.992699412126456,0,107050390201
53.953512954891394,1,107050390202
53.0790245596577,1,107050620201
46.96939969229328,0,107050680201
45.53656728541941,0,107050730201
48.174490429001295,1,107050900101
39.512248179574215,0,107051310201
64.42458673460419,1,107060200201
47.14733621376856,1,107060200202
56.10215457476599,0,107060200203
52.82276877723301,1,107060240201
38.44530624550467,0,107060240202
44.06183317241082,1,107060310201
46.71688942116772,1,107060390201
49.42559106623518,1,107060430201
57.950362298432346,1,107060500201
46.55402083391631,1,107060580202
42.831043767563955,0,107060650201
46.012462451421,1,107060730201
44.24073597351987,1,107060730202
61.133115620309695,1,107060840101
35.92035741572711,0,107070010201
30.40673011466756,1,107070010202
36.588404304657196,0,107070010203
30.76216384281101,0,107070090201
29.11126327432375,0,107070090202
25.164664076792267,1,107070170201
47.36520542486566,1,107070210201
49.81925049160358,1,107070210202
37.964703240674325,0,107070210301
53.60165648877553,0,107070250201
37.75860415457796,1,107070290201
45.140237049953676,0,107070290202
38.88202264967042,0,107070290203
38.215951030338516,1,107070370101
30.426450627363124,1,107070410201
27.11832201092799,0,107070410203
63.382705410679804,1,107070530101
45.54429657775368,1,107070770201
43.39891617949507,1,107070850201
42.2716068145329,1,107070850202
14.666268171265308,0,107070890201
57.082573679805634,1,107070930201
54.5916821987319,1,107070930202
55.63453542520513,1,107080070101
49.9650367238251,0,107080070102
43.93225726293183,1,107080110201
44.0938983932676,0,107080110601
42.515747787652,1,107080110602
48.122787685685694,1,107080110603
26.020540051321312,1,107080150201
52.68102701502385,1,107080190101
41.90756595228345,1,107080230201
25.556666072176697,0,107080230202
19.20627810078434,0,107080270201
22.451920214468842,0,107080270202
25.833484751668028,0,107080270203
24.162493999620775,0,107080680201
43.8857569772708,1,107080920201
42.05594892231382,1,107080920202
45.11359215400716,0,107080970201
11.470463716570528,0,107090090201
15.318310917121954,1,107090090202
18.228720450526303,1,107090130201
12.34186521620301,0,107090200201
14.168085335346383,1,107090220201
7.2424571452163935,0,107090220202
14.16341573426742,0,107090280201
11.579064332723355,0,107090330201
14.8235904376031,0,107090330202
19.55495281433771,1,107090430201
5.240547936100833,0,107090430202
18.647342629051508,1,107090500201
16.509136788851585,1,107090520201
14.191541274851083,0,107090520202
9.575570793354172,0,107100040201
21.11045621558804,1,107100040202
12.764770963955726,1,107100100201
7.529800220727733,0,107100150201
1.6695631400524178,0,107100150202
10.781949575598663,1,107100260201
17.310136287715252,1,107100260202
22.415876304927725,1,107100340201
9.313614466382365,0,107100420201
10.143899758717588,0,107100420202
14.974998144363592,1,107100440202
11.18929282034717,0,107100500101
14.727712354395333,0,107100500102
23.955395475853912,1,107100550101
2.452066456150705,0,107100580301
14.584198414675228,0,107100630201
17.543283437320085,1,107120010201
12.765296606801218,1,107120010202
18.010365907752877,1,107120020201
7.341181853800369,1,107120020202
8.31817119877148,0,107120030201
9.927869836339614,0,107120070201
13.745632759189924,1,107120070202
6.338137775252937,1,107120080201
15.901121601310262,1,107120080202
14.962866339930878,1,107120090201
15.004532632668964,0,107120090202
21.213570482074456,1,107120100201
16.24747000193028,1,107120100202
15.402341549592112,0,107120100203
5.692924719584099,0,107120110201
12.419639668919297,0,107130060201
19.433692624236564,1,107130060202
19.199083755074355,1,107130100201
18.334424851464842,1,107130100202
6.605045372354719,0,107130140201
14.679672548835867,1,107130170201
2.3702059918347747,0,107130430201
14.707768634045527,1,107130450201
17.49124691456602,1,107140010201
14.799626786252976,0,107140010202
3.93812388651192,0,107140050201
10.30435480441987,0,107140050202
8.393022244147867,0,107140080201
10.523445094921785,0,107140080202
4.960306145349889,1,107140100101
6.586339718809696,1,107140120201
6.3975226767408895,0,107140130201
9.344190768925033,0,107140130202
25.37684393846904,1,107140150201
11.9656130423944,0,107140150202
12.659935957668274,0,107140170201
14.724822975343907,1,107140170202
14.675791383222538,1,107140180101
13.070444075359832,0,107140180102
8.249453013148052,0,107140180103
14.71953193899465,1,107150020201
12.41749327638619,0,107150020202
14.124164347272941,1,107150040201
14.172570868425062,1,107150100202
7.576668206813503,0,107150120801
8.000596441810641,0,107150130201
17.931977250912336,1,107150190201
23.048827639160002,1,107150200201
16.039715645374912,1,107150200202
9.483586142868088,0,107150210201
10.061425924297772,0,107150250201
13.38470718115671,0,107150280201
18.803689495825417,1,107150280202
15.858170054389499,1,107150290201
5.588227204876591,0,107160040201
22.12143938533853,1,107160080201
5.595434780952766,1,107160080202
10.793271891451672,0,107160130201
14.893587673548934,0,107160130202
5.13212192099974,0,107160190101
3.391369664483583,0,107160240201
7.892723424762394,0,107160240202
19.011417110445905,1,107160270201
9.639462712916831,0,107160270202
19.640513454657228,1,107160280201
8.111546708831357,0,107160310201
6.121040631973527,0,107160310202
11.526725024475219,0,107170140301
15.063026320971758,1,107170170201
14.557336342678205,0,107170290201
5.4415939411081755,0,107170310201
7.770255106875474,1,107170340201
15.806860541185966,0,107170340202
18.286547180586673,1,107170460101
10.680599957294136,0,107170490101
13.517608462560478,1,107170520701
13.94715176991841,0,107170550201
11.906560947399335,1,107170610201
27.607045373378213,1,107170670101
5.209617939281933,0,107170700201
11.404473859007437,0,107170700202
14.760020918201931,0,107180240201
2.5589727650743432,0,107180280201
16.708361851144925,1,107180280202
11.634548223420442,0,107180430101
9.74139109592481,1,107180430102
5.924243014004955,0,107180550201
7.973257040371754,0,107180550202
20.85936041264836,1,107180580101
16.292619694051698,0,107180580102
11.038565901737194,1,107180660101
7.3298614248316625,1,107180660102
17.241561396601185,1,107180700201
12.008697945511345,0,107180700202
8.581143709577503,0,107180770201
6.6175400990078375,0,107180810201
25.552479732782142,1,107180850201
14.9962683619645,1,107180850202
9.926600136142946,0,107180880101
13.613660240965512,1,107180920201
17.86082369833791,1,107180920202
2.7512098319869738,0,107190050201
12.242171709911242,0,107190050202
20.946978640554004,1,107190050203
8.286183858231972,0,107190080201
12.132630687793618,0,107190080202
11.246505075335238,0,107190110201
3.9940877741371077,0,107190110202
14.378882102792012,1,107190110203
13.29119724577821,0,107190190201
13.430609337951086,1,107190190202
20.03070752219825,0,107190220101
9.300705916561062,0,107190250101
21.4543741818497,1,107190330201
12.61667410752765,0,107190330202
7.485374638714671,0,107190360201
9.50407236808287,1,107190360202
6.067637489876271,0,107190360203
11.831983396818032,0,107190420201
16.261546822019955,0,107190440201
6.4296846766729,0,107190440203
6.8250648663733005,0,107190470201
6.187180228285888,0,107190560201
8.27515141839295,0,107190610101
0.3847884437938518,0,107190610102
19.433552679604844,1,107190670201
24.57974452733724,1,107200010201
16.39389619007389,1,107200040201
11.105785636684889,1,107200130201
17.612290551367963,1,107200160201
14.048584374242992,1,107200160202
15.933803289474753,1,107200170201
6.924258608180049,1,107200170202
23.606381153628135,1,107200170203
16.114494138513038,1,107200190201
14.581511793888476,1,107200200201
16.67858829797472,0,107200200202
21.29059111224037,1,107200210201
21.397486789389284,1,107200240201
7.161758891398021,0,107200250201
19.340390049678778,1,107200250202
7.660908134468171,0,107200280201
19.974794340550332,1,107200310201
11.884300420297526,1,107200310202
17.88645626028551,0,107200320201
26.098756778924226,0,107210131001
15.36813613202082,0,107210131002
45.73439534636968,1,107210160201
33.69407846306553,0,107210340101
44.50966729821022,1,107210340102
37.714631444043825,0,107210340103
32.743906486042164,0,107210341301
16.99763209852164,0,107220150201
10.893750667644746,1,107220230601
6.008201844149321,0,107220230602
19.75413406384495,1,107220250201
8.603853174585495,0,107220320201
12.755965164093748,0,107220340201
17.57959789221467,1,107220360201
25.074964891812392,1,107220360202
20.726576813902902,1,107220400201
23.817938290453153,1,107220420201
10.052639723316277,0,107220420202
16.54940845929412,1,107220460201
7.794244484438158,0,107220500201
25.643833691891466,0,107240050201
19.91861408489592,0,107240050202
25.23754487456571,1,107240080201
15.764367071183,1,107240080202
14.188959462768532,0,107240110201
11.227927073561522,0,107240110202
10.390143934904476,1,107240180201
11.421023417083383,0,107240180202
2.6996434354416943,0,107240270201
16.930210191361162,1,107240310201
15.417079238435704,0,107240310202
0.7000369804521434,0,107240370201
11.31698054495199,0,107240370202
8.562672011810744,0,107240370203
29.779572182363218,0,107240400101
21.33863696521267,1,107240470201
13.39896716203329,0,107240470202
30.943893557219535,1,107240560301
19.145833817359176,0,107240630201
16.166410919130726,1,107240630202
11.953647484919337,1,107240630203
18.467482864406236,0,107240660201
29.25004343180374,1,107240660202
5.601653507197085,0,107260010201
8.735358128512766,0,107260010202
9.803232459135264,0,107260130201
9.433694813671938,0,107260130202
25.18155856999614,1,107260410201
17.46827856937898,1,107260410202
17.76522629456762,1,107260410203
11.284164305960463,0,107260440201
17.4700537399418,0,107260440203
4.169974893823228,0,107260470201
14.436056002605326,0,107260500201
20.105027419828097,1,107260530101
19.562873420972963,1,107260530102
13.105483862978584,0,107260620201
8.311204215940245,0,107260680201
20.103699434858925,0,107260740101
10.304048213005439,0,107270070102
13.581134691110421,1,107270070103
17.353945338429597,1,107270240201
5.403525530734542,0,107270240202
7.583557442263283,0,107270380201
2.5270372745575385,0,107270380202
16.910677003493067,1,107270450201
9.136534016366355,0,107270450202
13.397364318194668,0,107270490201
14.863128059356079,1,107270490202
17.297812262281308,1,107270700201
18.429777196265505,1,107270840201
13.596206951831519,0,107270840202
9.647957258792323,1,107280090201
10.056209847196751,1,107280090202
20.125869080776255,1,107280160201
7.2037929307325,0,107280260201
21.13996463212993,1,107280260202
7.897131856101365,0,107280330201
9.86935532166012,1,107280330202
4.416200084001657,0,107280400101
22.847283230262693,1,107280400102
13.65429364685211,1,107280400103
17.731724497845118,1,107280440201
8.766981499272475,0,107280440202
18.274694017358108,1,107280610202
16.17886680839475,1,107280680201
11.740357630218607,0,107280680202
7.861201125745593,0,107280680203
8.5256927980315,0,107280830201
16.51944812821617,0,107280830202
29.425434105441877,1,107290080201
27.326149041046808,1,107290080202
24.801017767540614,1,107290080203
24.311696559673823,1,107290170201
33.32343094669255,0,107290220201
3.1657280375707035,0,107290270201
9.44588907455455,0,107290360101
7.279255383975893,0,107290400201
20.941842319034627,1,107290400202
8.333115596952453,0,107290450201
19.443365088784248,1,107290450202
17.134332198027817,1,107290490201
15.392535359442691,0,107290490203
14.19576135819311,1,107290630101
21.32654917027801,1,107290630102
13.322116778342258,1,107290720201
20.052405493844645,1,107290720202
19.00433243762384,1,107290770201
10.80787056396186,0,107290770202
15.879602887654283,1,107290860201
13.733992096941503,1,107290860202
23.080749853498183,0,107291000202
31.068455141385172,1,107291000203
48.860645705985256,1,107300170201
39.29039038487884,0,107300190201
45.772782512057,1,107300190202
11.330361548924493,0,107300610301
53.144343853834016,1,107310080101
49.142434105649095,1,107310080102
43.868132623547105,0,107310190201
46.98174953480054,0,107310190202
60.65566222821271,1,107310230201
51.46656482238642,1,107310230202
29.060434760579042,1,107310290201
32.24796179557931,1,107310290202
34.62476350290139,1,107310290203
17.628080696313578,0,107310400201
38.46248881803399,1,107310420201
33.04241723684438,0,107310420202
6.9253434775774565,0,107310460201
44.22994323637686,1,107310480201
51.98728948085757,1,107310480202
39.77203634183819,0,107310520101
12.537876902270394,1,107320020201
12.848848477523347,0,107320020202
11.691372427519719,1,107320040201
18.501752386443954,1,107320040202
19.725845624719767,1,107320180201
8.7065549684297,1,107320180202
12.766733373778006,0,107320240201
14.826844810881129,1,107320240202
7.511394121400983,0,107320240203
12.037908833228988,0,107320260201
12.908622956713085,0,107320300201
13.344909354543297,1,107320370201
13.872472917987558,1,107320370202
31.646990284844165,1,107320410201
31.05765568344964,0,107320410202
17.027036519810878,0,107320430201
21.531361173973092,1,107320430202
7.691022920183455,0,107320490201
10.956053969390352,1,107320490202
5.553882190637222,0,107330070201
10.647219854281929,0,107330070202
19.23409566655871,1,107330070203
21.157840900504617,1,107330090201
14.095224869911949,0,107330090202
11.9991258609072,0,107330090203
21.630111911381377,1,107330130201
11.087520822138547,1,107330130202
7.747738899293424,0,107340020201
19.001661618800682,1,107340020202
16.732575735581236,1,107340040201
21.652759097387694,0,107340040202
12.86555498569998,1,107340080201
8.89235373034786,1,107340080202
22.567343171659324,1,107340110201
19.485580536474206,1,107340110202
1.1592345539692417,0,107340130201
6.530579402756039,0,107340150202
7.573505013710964,0,107340190201
20.00875743436064,1,107340190202
13.460208201735497,0,107340210201
10.145099902667354,0,107340250201
10.622589398297057,0,107340320201
14.203886120760393,0,107340380201
11.804224561033072,0,107340400201
15.828191186281789,1,107340440201
8.8158718120939,1,107340440202
14.122928442304246,1,107340490201
24.01368562644945,1,107340510201
10.171202668693594,0,107340510202
5.405306320930294,0,107350020101
16.52894344771743,1,107350020102
6.544371509823741,0,107350020103
7.054390179146779,0,107350020104
18.98046008374252,1,107350030101
14.398729204737204,0,107350030102
17.760984219700497,1,107350040201
21.940789508031198,1,107350040202
8.157866896242947,0,107350050201
7.9909068066910685,0,107350050202
15.92029432245489,0,107350110201
11.94011054717766,1,107350110202
3.1784069107680946,0,107350130201
15.855499458262955,0,107350160201
1.9727153557478427,0,107350160202
11.0299135380234,0,107350190101
18.8499432257601,1,107350190102
15.229134902125203,1,107350230201
11.563314445865725,0,107350230202
7.155131207684491,0,107350230203
15.473742646009242,1,107350240201
15.317902138223378,0,107350260101
11.730367879038095,0,107350260102
16.403050064727267,1,107350270201
19.48308264320172,1,107350280201
20.107762474738948,1,107360090201
15.02774681084908,1,107360090202
12.068649119164657,0,107360090203
14.47169596974572,1,107360220201
15.740191763281357,1,107360220202
20.183507037761643,1,107360320202
16.960113977087083,1,107360380201
12.962897827297649,0,107360420201
15.454004510030162,1,107360480201
23.607333988808836,1,107360620201
9.24910798214753,0,107360620202
20.978669920998165,1,107360650201
11.29685819934458,0,107360650202
13.508166772180717,1,107360650203
5.732552743063364,0,107360780201
13.947030457246772,0,107360820201
9.737492083122959,0,107360820202
2.716771455802684,0,107370020201
4.934286015884649,0,107370020202
5.017129494685085,0,107370020203
17.391987881492202,1,107370040101
18.357116347485867,1,107370070201
21.897630019071556,0,107370090201
10.497820303408734,0,107370090202
12.87574668290419,0,107370090203
21.923279374127063,1,107370130101
11.614459949730875,0,107370150101
17.35300439566009,1,107370150102
11.172288079820127,1,107370360101
15.777765450035023,0,107370360102
21.511572069656285,1,107370490101
16.71583712533795,1,107370530201
9.429235379884041,0,107380120101
15.733983222830187,1,107380150201
19.08111683249415,1,107380210201
17.625368062252665,1,107380210202
13.140771346279566,0,107380340201
11.770462838668816,1,107380370201
23.07365126931122,1,107380460202
9.008613184838513,0,107380490201
9.70847788461449,0,107380520202
16.69729715960019,0,107380650202
30.7167247674318,1,107390010201
32.993246212754975,1,107390010202
44.87131802423384,0,107390140201
30.02052795913972,0,107390180201
26.920301655126835,0,107390180202
28.889593363915413,0,107390220201
40.2486883929473,0,107390350101
36.756759522680724,1,107390350102
32.41693444619098,1,107390780901
11.488129315727917,1,107390820201
12.587173886736853,0,107390860201
14.106453700685183,0,107390860202
10.824032274360196,0,107410030201
7.237076989139046,0,107410030202
17.03864490882522,0,107410030203
13.227672595547643,0,107410070201
17.65808379281034,1,107410090201
11.999081439923534,1,107410090202
9.634308830114051,1,107410090203
15.25634987233678,0,107410150201
18.215235835429038,1,107410170201
17.91415320421173,1,107410170202
6.1242490471356685,0,107410270101
13.26806636680628,1,107410290102
18.77074357994771,1,107410370103
16.017370191074306,0,107410430301
17.502226152807072,1,107410430302
10.737452516364929,0,107410490101
40.16075597172946,1,107420010201
41.22585115723125,0,107420010202
14.017995002515825,1,107420050201
17.51357890742305,1,107420050202
17.099052054249864,1,107420090201
10.859082705262427,1,107420090202
14.103453711632392,1,107420090203
13.486335779276828,0,107420330201
11.826214898142592,1,107420330202
8.55223733890897,1,107420370101
12.173159484571205,1,107420450201
10.056608997084785,0,107420650201
1.2839121298931833,0,107420650202
13.853257556028542,1,107420650203
7.693648776239838,0,107430020201
17.244561173032423,1,107430020202
21.18819908204894,1,107430030201
9.407616924611904,0,107430030202
6.862198219024782,0,107430050201
12.636086438308595,0,107430050203
21.10822319541823,1,107430060201
15.101110624538492,0,107430080201
18.32591974256082,1,107430080202
4.1441560225394705,0,107430090201
6.970988130300643,0,107430090202
7.558499918100807,0,107430100101
7.68232331614222,0,107430120201
8.426300413544906,0,107430120202
16.472978183888987,1,107430120203
22.215370771453294,1,107430130202
29.154839610595886,1,107430130203
13.272053838256436,0,107430150201
21.170529668812406,1,107430210201
12.166944881393208,0,107430210202
11.020311510885133,0,107440130201
8.448885594383833,0,107440130202
4.45366158839254,0,107440130203
8.41079413712681,1,107440260201
18.81209526155815,1,107440290201
11.346446402867038,0,107440290202
11.19130166513096,0,107440350101
14.692053740170337,0,107440350102
11.154902903965914,0,107440380201
16.34153343897315,1,107440380202
8.295578583366416,0,107440410201
9.687118057117576,0,107440410202
9.365653556604304,0,107440440201
10.691410369879693,0,107440440202
8.376051325302543,0,107440470101
14.007930550160609,0,107440560101
15.3639127414639,1,107440560102
14.495253433228285,1,107440620201
16.214882701028866,0,107440620202
9.04933913431033,0,107440750202
14.874810654069236,0,107450030201
6.386913750379406,0,107450030202
9.357128763335389,0,107450070202
15.885987189732736,1,107450070203
9.924152952020059,0,107450110101
12.917717426999564,0,107450110102
11.373331516510541,0,107450180201
4.597060857902431,0,107450180202
17.923767886049816,1,107450410201
7.547448608547501,0,107450410202
16.686515092887753,1,107450410203
9.914711583711554,1,107450450201
20.936554272483818,1,107450520201
27.069292187727903,1,107450520202
5.37843232309427,0,107450560101
9.44647536512816,0,107450600201
7.910428086016952,0,107450640201
18.660359541525114,1,107450640202
17.375372759148988,0,107450680201
16.796115394992626,1,107450680202
15.9088753055264,1,107450710202
7.114516039702945,1,107450790101
12.527266262656118,0,107450790102
0.559965583315666,0,107450830201
21.242008934199262,1,107450830202
16.757571675720428,1,107450830203
11.270652859772316,0,107450870201
16.236994439539853,1,107450870202
16.871642149535365,1,107450940201
10.863843920303793,0,107450940202
56.898489421446484,0,107460010201
51.037749133162464,1,107460570201
38.272370559229735,0,107460770201
35.317441796929344,0,107460820201
47.51066373019199,0,107460920101
45.31338369235402,0,107461070201
26.851655336936876,0,107470210101
40.914453330375125,1,107470210102
32.33744259642113,1,107470210103
39.56032264860415,1,107470210104
20.22071617409567,1,107470350201
9.072617319916066,0,107470530101
36.89548810039627,0,107470570202
31.500028791039604,1,107470570203
21.21153015805514,1,107470680201
17.9663221820911,1,107470680202
24.917556886108898,1,107470680203
12.01966386028275,0,107470720201
9.783282603143569,0,107470750203
26.61742014183646,1,107480040102
8.673378468536736,1,107480280101
4.63996741555679,0,107480280102
8.721892950426955,1,107480360201
21.056664499277595,1,107480360202
13.990094404691483,1,107480420201
20.131039885847066,1,107480420202
15.561422937292239,0,107480440201
11.267106755687593,1,107480460101
14.147622698821575,0,107480460103
25.076548582102085,1,107480480201
20.915575611157642,0,107480480202
20.746303645697417,1,107480480203
15.972824939855634,1,107490030101
43.68354267926747,1,107490040201
43.189968569846066,1,107490040202
50.252978359884736,0,107490080201
46.87372661179436,0,107490080202
6.656186020937616,0,107490140201
8.389444637693732,0,107490140202
58.31209551240243,1,107490180202
24.493401789928093,0,107490220101
2.8948115051945136,0,107500020101
7.883218746932878,0,107500020102
10.841096421873885,0,107500090201
25.379121394891648,0,107500090202
8.807254568946654,0,107500090203
16.274602769849515,0,107500090204
62.11855967239149,0,107500270101
67.20267991107085,1,107500410101
50.79285274550722,0,107500440201
22.054420436266927,0,107500480201
19.533689976162112,0,107500480202
15.880541088348405,1,107500510201
39.20989255151004,0,107500580301
33.15702657896688,0,107500620101
35.769143098456745,0,107500620102
63.721519454522046,1,107500650201
62.434912507239915,1,107500650202
41.27488897707842,0,107500760101
8.919809048112228,0,107500830101
45.10844850763032,1,107500870101
14.821210873206415,1,107510030201
13.95660195853912,0,107510030202
13.922636631136688,0,107510070101
6.85717844826663,0,107510070102
30.699593872747617,1,107510090201
34.900865866832646,1,107510090202
44.72112742046466,0,107510100201
46.20483293447673,1,107510100202
19.906171101046017,1,107510110601
9.572900037207908,0,107510170801
7.598345554032622,0,107510170901
16.21841622993607,0,107510210201
25.599377874890962,1,107510210202
16.194565839383454,0,107510240201
16.6999684937201,1,107510240202
34.34651352473688,0,107510290201
34.131515362344665,0,107510290202
31.91895907245686,1,107510290205
44.94549637353856,0,107510330201
43.48209062259006,0,107510330202
6.238545321100045,0,107510340201
48.44906974342582,0,107520170201
42.13517218811501,0,107520270201
43.468312606271965,1,107520270202
41.20819707660406,0,107520270203
45.475080263947355,0,107520320201
31.498923919543937,1,107520340101
36.12192848835923,1,107520340102
49.82633686626926,0,107520370201
54.642254897418404,1,107520410201
55.52289404684943,1,107520440201
54.1842903889628,0,107520460201
43.96885741424312,0,107520490201
49.113713727866156,1,107520490202
59.508757431656164,1,107520510201
55.598149465077974,1,107520530201
20.03630656265915,1,107530020201
17.851981662176282,1,107530020202
12.239432218704472,0,107530100201
6.293009089920767,0,107530100202
29.20506240959403,1,107530170201
19.966143805737644,1,107530170202
11.724661403896846,0,107530200201
10.884238889347749,1,107530240201
14.093499969690601,0,107530240202
14.2961980577142,1,107530310201
18.082213012247035,1,107530310202
2.473243721586135,0,107530310203
12.937574086567585,0,107530420201
13.573652822560966,1,107530420202
11.306268139762478,0,107530530201
3.9094059576738163,0,107530530202
11.226782940788063,1,107530560201
3.1489070505856347,0,107530560202
19.858062670746563,1,107530780201
12.551731987314223,0,107530850201
42.69728112873996,1,107530890201
25.608802957769488,0,107540010202
33.88915774574077,0,107540010203
18.922141154736423,1,107540060202
22.45989890890487,0,107540110201
20.724177558105087,0,107540110202
14.346171580222595,0,107540110203
23.510008912954724,1,107540160201
22.61289730492231,1,107540160202
19.931577591441545,0,107540160203
15.807617917087299,0,107540210201
33.88284944311377,0,107540250201
31.609148292415746,0,107540250202
31.852271675249913,0,107540250203
22.30359563795885,1,107540300201
10.177043237279975,0,107540300202
14.279044952830368,0,107540600201
14.598175738438222,0,107540690401
11.495893726951145,0,107540690402
29.976354970507895,1,107540990201
14.815979738026776,1,107540990202
26.30690785284379,1,107540990203
18.67849862637314,1,107541130201
21.368801915835217,1,107541130202
34.76487712536067,0,107550020201
34.159152873994,1,107550020203
47.6732969656042,1,107550120201
45.58778018411688,1,107550170201
40.69563954273707,0,107550170202
37.00775134734374,0,107550170203
52.6739143376939,1,107550190201
48.936749141469704,0,107550190202
47.23335283504414,1,107550220201
43.27158022121289,0,107550220202
45.40904287527142,0,107550240201
60.481601302684666,0,107550270201
56.5886640908379,1,107550270202
18.97908446469437,1,107550320201
7.575493796776207,0,107550340201
46.776785989233446,0,107550360201
37.974829503669305,0,107550360202
9.272743949894936,0,107550510401
12.248808007269414,1,107550510402
15.085045741083174,0,107550530201
51.21424685574943,1,107560010301
47.964746306737155,1,107560020101
28.597681400684053,1,107560090201
28.442511972397043,1,107560090202
10.393944265765168,0,107560110101
4.682379775057826,0,107560130101
11.14320036980896,1,107560140202
4.850544665375387,0,107560140203
15.42641838551732,0,107560160201
9.67474113873429,1,107560160202
50.91045349971262,0,107560210101
55.805751596089856,0,107560260301
33.07438488537438,1,107560280101
15.584544972343618,1,107570060201
18.820069103523945,1,107570060202
10.830575381529332,0,107570080202
13.804379312335467,1,107570110201
15.44553569739439,1,107570110202
19.090235955846975,1,107570160201
15.45967530236194,1,107570160202
11.89216607705643,0,107570210101
15.667570283900059,1,107570210102
16.345436080500026,1,107570230201
10.398925018211342,0,107570310101
13.072550213837044,0,107570310102
4.7360762344830265,0,107570310103
8.231632814976969,0,107570430201
22.33626572874949,1,107570460201
7.1138232215791195,0,107570460202
13.038982946061488,1,107570480201
17.13024903005155,1,107570530201
11.929134431011729,1,107570530202
11.332101485891995,0,107570550201
14.92834691233693,0,107600090201
10.335894938483321,0,107600090202
9.95651783196249,0,107600200201
9.276140408323737,0,107600200202
17.523008975412736,1,107600200203
13.099878804613066,0,107600250201
18.480186968566777,0,107600320201
16.55891829032423,1,107600320202
17.516362035261807,1,107600470101
13.315026698932867,1,107600470102
16.429648403065176,1,107600520202
7.174561471038524,0,107610020101
9.513460503906352,0,107610020102
15.53340573305175,1,107610050201
10.543135786595721,1,107610080101
21.843170277421226,1,107610110201
9.737774361788864,1,107610110202
22.714237632024812,1,107610140201
14.870370397289737,1,107610280201
7.594021691390247,1,107610280202
10.61728818760734,1,107610390201
8.342128523879204,0,107610390202
14.047434495203103,1,107610420201
10.374718098392533,0,107610420202
17.522602915122903,1,107610480201
18.762761294397905,1,107610480202
24.223048296137083,1,107610510201
9.132698423335317,0,107610680201
9.390822066311054,0,107610710201
17.46445544085889,1,107620010201
20.874307935845973,1,107620190201
17.702437144189542,1,107620190202
9.07203107119525,0,107620240201
23.8553708987184,1,107620240202
10.967422144781688,1,107620330101
17.42908272234702,1,107620330102
5.571125393143158,0,107620520101
4.27436922236028,0,107620700201
9.040313985215585,0,107620700202
9.087865248274003,1,107620750201
6.084846082069294,0,107620790201
9.953695539069857,0,107621070201
5.109678207448658,0,107640100201
11.953461788432431,1,107640100202
3.37902573452857,0,107640130201
6.271095692119404,0,107640130202
15.925276907930606,1,107640190201
11.383669324277093,0,107640190202
19.178868364308183,1,107640210101
13.187105173650437,1,107640240201
18.83649907287866,1,107640300101
9.469171324820639,0,107640300102
11.76654714870608,0,107640350201
13.183256118094613,1,107640350202
12.273792846708776,1,107640350203
13.065102283968404,0,107640440201
14.840590227706487,1,107640520201
4.058645527058947,0,107640520202
9.569953876736074,0,107640520203
16.471646635331254,1,107640630201
18.801044667994397,1,107640660201
8.083606417524084,0,107640660202
16.324534308622113,1,107640690101
24.9260589107708,1,107660010201
10.261944200085631,0,107660010202
20.240574944233582,1,107660010203
16.714748288222744,1,107660030101
13.054163072072376,0,107660040201
8.098709408658753,0,107660050101
12.484024774418241,0,107660130201
8.698519948913827,1,107660130202
19.269972591432136,1,107660140201
11.021867287814407,0,107660150201
12.202068428693568,1,107660150202
8.408600959579152,0,107660200201
8.589100506075,0,107660220201
11.609422418469975,1,107660260101
18.80164667928376,1,107680020101
15.179423983585869,0,107680020102
22.51970823096717,1,107680100101
7.005453922906845,0,107680130201
10.243257393037494,0,107680160202
10.011397421346974,0,107680180201
20.445080087130727,1,107680250201
10.464916130898901,0,107680260101
20.52671464238628,1,107680310101
12.908571449973241,1,107690020201
22.433489991685036,1,107690020202
10.601750422764072,0,107690080101
16.321192640042987,1,107690160201
7.644879969063134,0,107690310201
15.455352233494988,0,107690310202
16.2066917927443,1,107690340101
8.120226858576927,0,107690580101
8.817580956309909,0,107700140101
15.64504246660561,1,107700140102
4.802060428115621,0,107700190101
13.081367878585795,0,107700190102
21.237053534408453,1,107700190103
18.7696544762509,0,107700230201
5.8206321414638955,1,107700230202
20.543307200352988,1,107700230203
7.892738660458691,0,107700320102
10.39971546505056,1,107700370101
20.532503685502938,1,107700370102
6.219344758147498,0,107700730101
18.83156627077281,1,107700730102
20.473076752035777,1,107700820101
4.79925052429514,0,107700820102
9.654634394581745,0,107700820103
15.855269550761736,1,107700910201
4.790348979254998,0,107700910202
21.160293444128055,1,107700910203
8.1513443417744,0,107700960201
21.812705095026054,1,107701000101
9.426456866555698,1,107710220201
0.0,0,107710250201
11.946419482848054,0,107710320101
20.25802721701801,1,107710320102
8.377790203919293,0,107710410201
20.98390543355968,1,107710410202
44.51561686821647,0,107710580201
44.48942692012139,1,107710580202
1.6354772688642907,0,107710610201
2.0453810960293897,0,107710780101
6.263742478273617,0,107710810201
8.286725584474432,1,107720010201
38.5338162122102,1,107720070101
31.889436458079597,0,107720070102
41.544055546827586,1,107720160201
49.774291816992786,0,107720160202
7.774469567351247,0,107720250101
16.64714243943798,1,107720340201
11.15376097662129,0,107720340202
46.14063462120619,0,107720550201
0.5341092549778601,0,107730010201
9.866943095584078,0,107730030201
14.65695719348788,1,107730110201
16.53113789472701,1,107730470201
16.93106309448683,0,107730470202
14.972279411713867,1,107740090101
32.25234089206036,0,107740130201
16.15686095909552,1,107740160101
5.516609334928426,0,107740200101
13.43477197404486,0,107740260201
6.5317981251229735,0,107740260202
14.023638659687558,1,107740430101
3.1844034834606445,0,107740470201
14.75672334153248,1,107740470202
25.456551849584187,1,107740570201
6.968916798618262,1,107740570202
12.280217664425294,0,107740740101
43.19887269847583,1,107740770201
42.071448015889494,1,107740770202
10.648796826118101,0,107740810201
10.800613695710036,0,107750010201
15.516938521775353,1,107750010202
12.965151730937633,0,107750010203
35.73947537415849,1,107750060101
41.46869302331231,1,107750060102
33.908862300047645,0,107750060103
7.363641991214713,0,107750080101
16.473659054089737,1,107750090201
12.577464684329245,1,107750090202
15.20621589470639,1,107750090203
22.15206402073057,1,107750090204
8.006267856418722,0,107750140201
20.33764079029287,1,107750190201
18.72268408973295,1,107750200101
20.47888192176628,1,107750200102
8.84192897838553,0,107750210201
18.82099389052797,0,107750210202
5.463980758720008,0,107750210203
17.92613528529703,0,107750240301
14.740355447902797,1,107760100101
5.997192583219955,0,107760130201
1.6192176056513805,0,107760130202
11.87470207371236,0,107760160101
7.547938348472874,0,107760160102
1.4112875789860873,0,107760270201
1.6440083081022951,0,107760300202
14.176969453289631,0,107760330101
8.814966765208466,0,107760370201
13.507242006822072,1,107760640102
11.756875233010053,0,107760640103
21.652889448133237,1,107760740201
10.596935871854647,1,107760740202
11.167025005105137,1,107770070101
10.29741534366362,0,107770070102
27.848904203037158,1,107780270201
20.36932099747412,1,107780270202
26.28286239017846,1,107780410201
14.214775372221725,1,107780440202
7.495493984583678,0,107790010101
16.478269733039486,0,107790010102
9.051010280069002,0,107790050101
7.55706662894317,0,107790050102
5.193159550139505,0,107790230101
23.030605295237365,1,107790250101
24.944626085560927,1,107790250102
14.99211814981481,0,107790340201
0.3124449274512191,0,107790390101
14.694750609881062,0,107790390102
6.3716323021515056,0,107790390103
11.703674137444413,0,107790430101
6.814528067211829,1,107790480101
8.730550794583625,0,107790480102
14.504601224593934,0,107790480103
11.87830163701569,1,107790500201
19.801240744935694,1,107810020201
15.61899415794483,1,107810020202
22.238271507266518,1,107810040101
19.751332830219358,1,107810070101
12.833571675613456,1,107810080201
8.619243135785414,0,107810080202
15.507141896756268,1,107810110201
12.509991238881657,0,107810110202
13.681355731620087,1,107810130101
11.10556151561784,1,107810130102
19.581975623505066,1,107810150101
26.017616072546538,0,107810170101
3.0797224872300637,0,107810190101
20.246676891245546,0,107810220101
29.304563443373723,1,107810220102
21.485476899675195,1,107810220103
13.818426855548074,1,107810250101
9.846761650140767,1,107810250102
11.695815450807746,1,107810330101
11.614235670376605,1,107820020201
18.67422505412745,1,107830030101
7.021787497803497,0,107830070201
14.8212771570427,0,107830070202
10.086009463372678,0,107830150202
1.234711158168727,0,107830220101
17.266615650154908,1,107830290201
15.622786969134404,0,107830290202
11.903366605389756,1,107830340101
6.616166756946767,0,107830400101
6.403674424162272,0,107830400102
13.12439392913219,0,107830400103
21.49586027956304,1,107840030101
9.632937075766485,0,107840030102
19.64031418790421,1,107840070101
21.129149445243502,1,107840120101
8.902383182830516,0,107840160101
13.024049099795157,1,107840210101
14.670284866446956,1,107840230101
6.919656203112474,0,107840230102
9.330272999897872,1,107840250101
14.368976525781452,0,107840280101
15.144254995441504,1,107840280102
6.022986251985849,0,107840300101
16.51433909095492,1,107840300102
21.62502068280449,1,107840440101
10.634358706875634,0,107840440102
5.851475428166688,0,107840510101
19.161753801474966,1,107840530101
24.482041191972097,1,107840550201
13.421040275887044,1,107850260101
15.756672523195821,1,107850260102
9.399026531587129,0,107850350101
19.579268966863268,1,107850350102
12.145721846549003,1,107850540202
11.777043338596073,0,107850730101
15.80399559844465,1,107850820101
18.990002683451372,1,107850870101
15.736459598545242,1,107850920201
14.995527904031333,1,107850920202
14.240593729276487,1,107851010201
12.432878417199397,0,107851010202
13.136573773607157,1,107851060101
12.197868896889213,0,107851150201
16.520801675795937,1,107851150202
4.324126291458152,0,107860010201
10.86911019206083,1,107860090201
17.21541749140526,1,107860130201
10.55767262140304,1,107870030101
21.16122438350314,1,107870050101
16.8596963434699,1,107870050102
26.159452781701688,1,107870060101
35.920675109244065,1,107880030101
17.880551305594388,1,107880060201
16.385348940735994,1,107880060202
14.27384033768746,0,107880130101
16.71098875637627,1,107880190101
17.048481726960574,1,107880190102
21.11660006177009,1,107880320202
19.064743526138287,1,107880320203
18.08604636906132,1,107880450101
54.516388216829654,0,107890170101
59.25346300424292,0,107890170102
33.375140903528305,0,107890220202
56.216017213352956,1,107890350102
57.56368435702634,1,107890350103
55.4138140150242,1,107890350104
42.60452343902924,1,107890370201
50.536155586888455,1,107890370202
32.44851789958256,0,107890370203
43.52101902321516,0,107890410201
11.267347149651751,0,107890440202
25.330754517877438,1,107890460101
32.120389596344,0,107890520101
48.22969283839422,0,107900160101
27.03437485412298,0,107900190101
34.34090209760836,1,107900190102
35.3998474158074,1,107900190103
12.13295616903822,0,107900280202
18.820726822556306,1,107900310202
47.756329416648434,0,107900370101
53.102320525672894,1,107900490102
48.38466253632981,0,107900670201
45.765129301963775,0,107900730101
47.845237073370726,0,107900730102
53.08913570962897,0,107900730103
48.52629764444538,0,107900730104
49.596400939673494,0,107910040101
60.61180366346221,0,107910040102
43.84572483033424,0,107910090201
55.00371206636348,1,107910090202
51.844744467629646,0,107910090203
48.339859947051266,1,107910280101
52.409087475917886,0,107910280102
55.74837158046171,1,107910330201
48.56798182901634,1,107910480401
46.06973004942574,1,107910530101
29.241146156843893,0,107910580101
55.595785890674264,1,107910630101
53.603150891898224,1,107910830201
55.599295295072686,1,107911020201
47.7307931631733,0,107911020202
53.52312554241941,1,107911020203
55.30560336964393,1,107911070101
15.246632394376656,0,107920150101
32.17067787764395,1,107920150102
57.24115121528639,1,107920170202
55.9522567516221,1,107920170203
41.62411152368469,1,107920210101
54.678416024601766,1,107920320301
51.073772357426314,1,107920380101
43.47846853114379,1,107920400201
42.16878556674359,0,107920400202
58.387357659765236,0,107920460201
50.8450695658955,0,107920460202
51.19926910511167,1,107920480101
59.25446718372793,1,107920480102
59.14532072704271,0,107920500101
51.09818136425598,0,107920500102
8.223610260834377,1,107930010201
9.456991828300845,0,107930010202
17.647013991732532,0,107930130101
49.80990164195435,0,107930310101
42.09040912902655,0,107930310102
45.79569590669492,1,107930480201
41.336725857010116,0,107930480202
59.15334423131523,1,107930520101
59.21037273105716,0,107930520102
40.86693935181049,0,107930730201
40.78161344980715,1,107930730202
13.519766291746937,1,107930790201
12.547257269879871,1,107930920201
10.316992012983986,0,107930920202
7.551705107948042,0,107930920203
19.569890485832552,1,107930960101
47.56758849415894,1,107931000101
48.43519873870765,0,107931000102
22.803665932248148,1,107940090102
19.133666197652346,0,107940130101
14.619257988780682,0,107940310201
13.258582243000472,0,107940340201
11.059418372126585,0,107940340202
8.743366895865899,1,107940480101
19.08440804303425,1,107940590101
19.910673623297114,1,107940590102
17.313884214299073,1,107940620101
5.8868733918832294,0,107940620102
16.282415618025176,1,107940660201
0.9683966817541574,0,107940760101
4.814054373577308,0,107940760102
0.9646831283638448,0,107950180101
8.320413582150534,0,107950280101
14.379902565540437,0,107950380101
13.831960956756145,1,107950410201
6.446815331940634,1,107950510101
15.81183273704536,1,107950770101
23.710778543860606,1,107950770102
13.921029169315194,0,107960020101
19.601564736388365,1,107960020102
17.23418927028228,1,107960060201
13.030079230454229,1,107960060202
16.617651954447755,1,107960070101
13.782555184921579,0,107960070102
15.321522402804831,0,107960070103
0.0,0,107960080101
18.936018594769976,1,107960080102
18.203975626584064,0,107960110101
10.420545896644557,0,107960170101
7.811254199566042,0,107960180201
12.385802221695947,0,107960270201
9.808117363178603,0,107960300101
17.209114052747218,1,107970050102
6.84146421953947,0,107970050103
12.151626818554714,0,107970080101
7.4697263930755415,1,107970080102
5.849051803201444,0,107970080103
14.674857790863571,1,107970170101
19.467404915539316,1,107970200101
27.428033843405387,1,107970260101
14.174092084251585,1,107970260102
5.015451544179137,0,107970370101
8.951865718343718,0,107970670101
9.680314174241508,0,107970670102
9.190759543406445,0,107970700101
11.031390996920004,0,107970730101
6.668542806260184,0,107970730102
6.934957900472256,0,107980030101
6.173121541816929,1,107980100201
15.690339309160915,0,107980280201
17.179291310663977,1,107980350101
13.789739468192291,1,107980430101
14.100315096672773,0,107980500101
11.560486804758439,0,107980500102
14.811801186187907,1,107980530201
10.682836483798837,1,107980530202
23.559909055438315,1,107980710101
18.85601722783239,1,107980710102
13.21720934870382,0,107980780201
21.056099924561856,1,107990010201
19.237949058919394,0,107990010202
11.76464908374094,0,107990040201
20.744272814404823,1,107990040202
7.2858249747273565,0,107990070101
16.143527198040385,1,107990120101
24.299630878059205,0,107990150101
32.637425876743364,1,107990150102
18.558164151383288,0,107990180201
20.680161733080343,1,107990230101
14.761879077784226,0,107990260201
17.315908362952868,1,107990260202
6.616644235315089,0,107990290201
8.09392060767591,0,107990370101
6.699782137980208,0,107990370102
10.739066841156768,0,107990400201
5.4772946073802595,1,107990430201
21.724576369861577,1,107990490101
9.76756642405341,0,107990510101
20.132363850394807,1,107990570101
17.773777927343517,1,107990650201
3.900723720810518,0,107990680201
11.767728313576892,0,107990680202
16.070065698236967,1,108010090101
31.877969629177493,0,108010140201
31.445198952261237,1,108010140202
27.256211420884103,0,108010140203
18.115136867989136,1,108010160201
10.1820518957828,0,108010190201
12.550879051686215,1,108010210201
13.76242268470164,0,108010210202
49.500184713347814,1,108010280401
17.701122240023857,1,108010310101
25.482272251964943,0,108010450101
16.875830784203167,1,108010490101
21.902754658990176,1,108010490102
13.973476801114327,1,108020030101
12.635401832571375,1,108020030102
16.116010483194536,1,108020250101
14.164973689678522,1,108020350101
3.565080199242125,0,108020350102
14.45828529921852,1,108020640201
17.070389875207056,1,108020640202
13.052666112973238,0,108020700201
17.631982443732568,1,108020740201
17.983666833721088,1,108020800201
9.234204444468538,0,108020800202
47.85948737003439,0,108030080401
49.44436741160997,1,108030080402
57.499078719111935,1,108030240101
46.29425663475358,1,108030240102
16.310726712269183,0,108030290201
32.10500982052831,0,108030540301
37.969983039757224,1,108031100201
34.88029434535673,1,108031100202
29.06995275711728,1,108031130201
13.303406632140915,0,108031150101
49.32094061191426,1,108040010501
46.38600965439219,1,108040040201
52.35175307300887,1,108040040202
28.5558244721986,1,108040070201
38.55289986895949,1,108040070202
24.769759039036952,0,108040070203
17.943820572452882,1,108040270201
42.067374218436406,1,108040350201
27.82397129708919,1,108040410201
49.34711472643351,1,108040460201
40.9717955238766,0,108040490201
47.01980984757713,1,108040490202
34.63570037959098,0,108040570201
17.76241213433621,0,108040690201
54.53988107750504,0,108050130101
48.78752041221411,1,108050250201
44.13715583027066,0,108050250202
13.468779959730073,0,108050310101
35.70792332505292,1,108050360201
43.70539359082285,1,108050570201
39.179628638679354,1,108050600201
37.45063669226628,1,108050600301
44.4187679406047,1,108050600302
49.300655440706066,0,108050690101
56.670088202389486,0,108050720201
53.869736118051506,1,108060060201
53.52753764773789,0,108060280101
48.3245844134797,1,108060280102
38.22934256581032,1,108060390101
55.0701980269809,0,108060450201
58.931900146220954,0,108060550101
51.125348630105485,0,108060550102
55.48774806782392,0,108060800201
55.43883093304995,1,108060800202
58.641746479137026,1,108060800203
60.61171455489319,0,108060820201
53.364317435929635,1,108060820202
49.32555956658039,0,108060860201
47.06512073921702,0,108070590301
16.974410803819005,1,108070650101
44.12941445355008,1,108070750101
24.556974595512095,0,108070930201
19.745386694065886,1,108080080201
23.761809077784704,1,108080080202
10.997069810902964,0,108080080203
16.26722353490532,0,108080150201
19.274268677936398,1,108080190201
12.615960134783014,0,108080190202
36.58296737775906,1,108080270201
24.292425517216685,1,108080430201
24.125978773040824,1,108080470201
12.963443077019111,0,108080510101
6.78251741616922,1,108080510102
18.197933826431676,1,108080550201
26.606080616361687,1,108080550202
26.450204827873716,1,108080550203
12.247997774475177,0,108080700101
51.82429428625623,1,108080740201
28.56053889911694,1,108080780201
42.072129751596094,1,108080780202
15.920929566630845,1,108080900201
0.33051038494457785,0,108080900202
12.442783814763288,0,108080900204
31.753073192363086,1,108090020101
28.78339872017199,1,108090020102
13.87166066992101,0,108090080101
15.442524361038146,1,108090080102
45.01980195876167,1,108090130201
26.85540198416807,1,108090190201
25.095994174634704,1,108090230201
47.54790620776265,1,108090260201
8.713119186396389,0,108090290201
20.991849727476236,1,108090290202
0.0,0,108090320201
28.77520454552555,0,108090350201
23.124225820664485,1,108090380401
40.41276925784524,1,108090410201
33.98622104180036,0,108090410202
18.559376325225877,1,108090520201
46.97177615139252,1,108090620301
36.58231451353537,1,108090740201
38.10431639848165,1,108090780101
44.75603709823696,1,108090780102
35.375831659356635,0,108090780103
54.576403002673615,1,108100170201
41.44292095592704,0,108100170202
54.455168148567395,1,108100720201
49.170631964739414,0,108100720202
15.967263681751716,0,108100850201
20.897356812606166,1,108100850202
39.79726889315315,1,108100960201
35.672758292495104,0,108100960202
62.040600339341374,1,108100990201
22.14469459970247,0,108110150201
26.4703044068936,1,108110150202
18.105637634515006,0,108110150203
39.45639867248453,1,108110190201
23.390137272820056,1,108110390201
20.528613427354088,1,108110390202
43.41582686046385,1,108110520201
40.6857187992901,1,108110520202
33.223775724995704,0,108110740101
24.309737068579572,1,108110800101
24.741484143602026,0,108110800102
44.80802348875865,0,108110850401
32.940962554956215,0,108111350201
38.34835234590277,1,108111380201
26.04620830280415,0,108120060401
24.209476190332218,1,108120090201
49.0114004458568,1,108120360401
47.783326862977376,0,108120360501
50.411183475128276,1,108120360502
53.13246976620846,1,108120380201
42.81235535172001,1,108120530201
6.624981941380629,0,108120860101
33.51883344986205,0,108121030101
19.938592412737123,0,108121110201
36.47390376703547,1,108130100201
35.97122530619659,1,108130140201
30.945457364232823,1,108130140202
31.667404440663873,0,108130190401
44.57673782557274,1,108130190402
35.39436584466541,0,108130190601
28.44312148583151,1,108130760101
24.3442598464066,1,108130760102
30.198940909049195,0,108130870201
49.434127401402506,0,108131080201
43.65845144171174,0,108131080202
33.43564977589203,1,108131170201
10.382058942969165,0,108131360201
26.23236123943903,0,108140280201
41.89373824291097,0,108140570201
48.384006455904384,1,108140570202
51.39325091852199,1,108140620101
45.49969743008754,1,108140620102
21.959914561797007,0,108140810201
33.22313609516833,1,108140810202
25.715333374587058,0,108140810203
25.853988748635217,1,108140860201
49.07539659495825,0,108140900101
43.13746068966753,0,108141090201
48.2495523218849,0,108141090202
27.713958545066337,0,108150130201
33.0836480289465,1,108150130202
37.38153816953638,1,108150240201
12.507304748980232,1,108150350101
57.51686643318611,1,108150410101
28.296561355471002,0,108150520201
26.18370973753824,0,108150520202
22.1936296122105,0,108150640101
25.251269947436292,1,108150690101
20.036909205333448,1,108150690102
36.92052087855273,1,108150920201
24.030593209704275,1,108151200201
40.36400591181667,1,108151260202
60.37630507110889,0,108151310201
46.82996238036694,1,108160200201
40.95812653667665,0,108160520201
56.47641785315459,1,108160680201
37.77196271060318,0,108160870101
41.10030241067417,0,108160870701
38.8529009566301,0,108161000101
40.46421856841004,0,108161190201
50.46047387226728,0,108161190202
49.0727489136781,1,108161270201
55.290773337888325,0,108161550201
39.231600353941786,0,108170140101
15.343545657312909,1,108170300201
29.84611426745807,1,108170390201
47.76337313603727,1,108170540201
47.28769686699122,1,108170540202
19.718301730276842,1,108170580301
27.158312051420733,1,108170640201
34.12722591254305,1,108170730101
23.738162182574058,0,108170730102
21.32762019619622,1,108170780201
18.740150813254687,0,108170980201
18.06754014334291,1,108170980202
33.87800902969936,0,108171170201
31.661112023325398,1,108180080201
27.836647675154698,0,108180220201
27.572331342244997,0,108180290201
51.76832494972502,0,108180390201
56.53665269806056,0,108180410201
56.524014696180146,1,108190110401
17.43301813263612,0,108190130201
32.03564312840567,0,108190160201
18.723667474375848,1,108190200201
3.024005549537761,0,108190200202
52.82328310370742,1,108190410201
44.9419730108282,0,108190490101
42.32892165604882,0,108190550301
24.749715391313657,0,108200020101
38.64600396725183,0,108200090201
31.00035745617418,1,108200090202
19.0476348094569,0,108200120201
35.84160228543347,1,108200120202
22.83775093633041,1,108200120203
7.099018910078758,1,108200170201
27.429043933933762,1,108200220201
48.78926058520064,1,108200260101
24.982177942714006,0,108200290201
18.67060352898922,0,108200310201
15.128314072579432,1,108200360201
14.928910958648364,0,108200390201
20.023791158825414,1,108200390202
46.85934371800927,1,108210040501
50.95741298869173,1,108210040502
35.23094182956113,0,108210370101
25.527598425299935,1,108210550201
32.564616672085464,1,108211050201
34.029769132490706,1,108211050202
20.801067783506486,1,108211120101
42.805113750380826,0,108211240101
24.82181631691295,0,108211300201
21.62383479782306,0,108211300202
61.43139112422196,1,108220210101
56.78814436178227,0,108220210601
61.80765667147483,1,108220310201
57.1071406347552,0,108220410201
51.19088622346131,1,108220500201
54.93440725483605,1,108220500202
53.10927392413208,1,108220550201
51.682196533188,1,108220690201
51.525180144609244,1,108220780201
42.868861508005324,0,108220780202
40.44151416078732,1,108220860101
50.94255818331002,0,108221070201
38.54882248790092,1,108221070202
48.04822252245789,1,108221230201
57.18105821468302,1,108221270201
53.804070223605535,1,108221270202
39.849704196608926,0,108230020201
35.530575675650184,0,108230020202
51.60349621364016,0,108230050201
61.882874840178914,1,108230050202
52.27126208610051,0,108230140201
42.17074783052023,0,108230220201
47.840031900287684,0,108230250901
46.311124460401544,0,108230270201
59.324138850972574,1,108230310201
52.91544772425415,0,108230480201
61.298010333380155,0,108230480202
42.88147713619994,1,108230530201
59.618219410835316,1,108230620201
30.150609193051256,0,108240130201
35.28882122615732,1,108240130202
53.69430375370699,1,108240210201
52.95164770566379,0,108240540201
42.30439724242353,1,108241140201
34.83830044667515,0,108241210201
55.81888081821681,0,108241470201
26.893689373149286,1,108241650101
18.496613876403867,0,108250060201
29.592655371469526,0,108250200101
20.98853869147697,0,108250290201
32.64616182422866,1,108250290202
20.849016319113634,0,108250490201
23.051009892069814,1,108250490202
23.674773790864904,0,108250520201
21.971741136203935,1,108250520202
11.765889105565822,0,108250610201
8.224389762225723,1,108250610202
33.944512757786796,1,108260010201
25.296729114076413,0,108260010202
21.800500102060774,0,108260070201
29.46794151087913,1,108260070202
29.41186834081387,1,108260310201
34.95815329658083,1,108260310202
19.069740251281743,0,108260310203
20.745296198374565,0,108260420201
21.69887264464974,1,108260420202
42.139441581152084,1,108260480201
13.98591887039349,0,108260560101
11.860856515402169,0,108260640201
23.537149122987937,1,108260640202
42.28135522586345,1,108270100201
34.04682784111689,1,108270140201
30.251275182399116,1,108270170201
33.677556369396946,1,108270170202
26.555408794163775,0,108270310201
17.930473762023787,1,108270350201
20.46714153209413,0,108270440201
38.42503974687195,1,108270480201
29.162774911988915,1,108270530201
55.27156070241546,0,108270780201
29.775767856060394,1,108270940201
30.357839362577568,1,108280180201
13.695118556698267,0,108280330201
35.31250610199393,1,108280630201
18.74873841591463,1,108280750201
33.39931464492546,0,108290430301
40.477939138232095,0,108290640201
47.42229537613091,0,108290640202
37.04040999115587,1,108290690201
47.53736188699792,0,108290690501
13.061661406938704,0,108290870201
44.38269975183035,0,108290970201
44.13231127903891,0,108291070201
34.8157188541574,0,108291070202
51.108874556187786,1,108291120101
24.6638544025312,0,108300260101
15.622116840798123,0,108300320201
37.53863026897993,1,108300510201
41.575300070063555,1,108300510202
10.467949671626611,0,108300570201
23.30085328501761,1,108300570202
24.07955551587725,0,108300600201
24.327525860742732,0,108300600202
55.22646411428604,1,108300670201
38.75656768099101,0,108300720201
39.35601695310791,1,108301110201
55.468489960467416,1,108310080201
55.067000701974735,1,108310080202
40.42492752346064,0,108310080203
54.7923058150052,1,108310100201
43.192277883721154,1,108310130201
24.706268970798014,0,108310450101
46.638631785111166,0,108310610301
43.43458409839929,0,108310640201
44.65891142790687,0,108310640202
29.830147335168427,0,108320080201
33.54370263712046,0,108320080202
39.822984582939704,1,108320140201
30.45140728548048,0,108320140501
29.719243033687107,0,108320140502
52.521643858508014,1,108320270201
46.5896628180505,0,108320270202
49.76123673133997,0,108320270203
26.840514237559535,0,108320390101
40.553013435427125,0,108320600201
38.2687034558953,1,108320600202
33.205343010924054,0,108320650201
32.08656118837972,0,108320650202
51.39483810702928,1,108321010501
29.014274467217835,0,108321070201
29.848717920624214,0,108321120201
35.58181272604901,1,108321120202
30.80780906071059,1,108321480201
32.56678981067549,0,108330030201
19.4816880773693,1,108330120301
18.12253908789835,0,108330180201
27.407849595894604,1,108330180202
33.045793713569694,0,108330210201
29.3491260401719,1,108330320201
3.7509936671800954,0,108330350201
26.042289402360726,0,108330380201
22.328703522207263,0,108330380202
25.422670167410093,1,108330380203
22.905572584554342,0,108330460102
15.992853977457482,1,108330560101
49.317356569275674,1,108330630301
36.8272841217313,1,108330650201
40.55891428783336,0,108340020201
32.981611772074956,1,108340120201
50.25537245984842,1,108340290201
22.64397900371298,0,108340330201
25.77006120983851,0,108340360201
42.12619028118486,1,108340400101
30.40844857866567,0,108340430201
35.075679701067486,1,108340470201
39.58667503415187,1,108340620101
26.581307273326807,0,108340770201
25.97163848774704,1,108340770202
48.02578830787623,1,108340800201
33.753991430201864,1,108340880101
25.57851874262985,1,108350020201
17.46791866069786,0,108350060201
29.1270671887443,0,108350610101
28.089287194757752,0,108350610102
32.84984168920913,0,108350990201
29.35549993103787,0,108350990202
22.608762869645556,0,108351050201
30.366788940952144,1,108351210201
33.759986251061214,1,108351400201
13.528911990586902,0,108351520101
52.35876980354242,0,108360080201
61.799659620842746,0,108360150201
56.512400129001435,0,108360180201
55.68374657538056,1,108360210201
55.64626444120244,0,108360340101
59.3992313259976,0,108360570101
49.174539712089064,0,108360670201
53.459561092613185,0,108360730101
45.608394035086654,1,108370210201
61.7945489252754,1,108370350201
54.17465238826131,0,108370530101
60.37465058655697,0,108370660101
59.26107677562527,0,108370720201
52.00138087652704,0,108370720202
57.791811907504595,1,108370810201
37.36954906245866,1,108371030101
57.63333889088108,0,108380080201
48.446076855301015,0,108380170201
68.44399904659146,1,108380210201
52.43536977668498,0,108380210202
45.338026489426646,0,108380440201
58.5084354657062,1,108380570201
50.69204146081982,1,108380800201
49.24208969095464,1,108380930201
54.6238686055272,0,108380980201
62.29935291739617,1,108390090201
60.01989373460723,1,108390390201
61.24171208161392,1,108390460201
51.88875171481234,0,108390480201
20.00969494872313,0,108390620201
61.275318161502355,1,108390630201
52.89654905338706,1,108400070201
59.941105003727266,1,108400310201
45.22365128143378,0,108400350201
41.87438609841381,1,108400350202
38.407407123475366,1,108400460201
49.695286908891276,0,108400490201
47.32140363231615,1,108400660101
64.13643191365469,1,108400720201
59.655104282150404,1,108400770201
56.868596795755145,0,108400770202
35.94807976898964,1,108400820201
36.55600186915512,1,108400820202
24.61210199355476,1,108400870201
40.355816791584225,0,108401020201
44.757353025794984,0,108401020202
43.13955647012928,0,108410010201
60.89873725972896,0,108410090201
51.072362050735705,1,108410390201
51.7394689068561,1,108410670201
60.104808447134495,0,108410730201
47.2668059327732,0,108410890201
52.9284427870094,1,108410980201
52.35192528510389,0,108420210201
57.413591758802255,0,108420340201
64.22168271456087,1,108420510101
45.79191137808397,1,108420590201
48.4513274679399,1,108420640101
54.84280292908258,1,108420760101
55.55247166388663,0,108421060201
50.95317198583664,0,108430140201
57.92477672315184,0,108430140202
57.9026155943717,1,108430250201
48.62871281042776,1,108430350201
39.615688146425654,1,108430560201
30.880632537991225,0,108430560202
36.72143370246763,0,108430620201
36.825889994653785,1,108430790201
67.26693862215146,1,108430900102
55.71751041364692,0,108431110201
40.917798010359476,0,108431150201
54.599815743927124,1,108431150202
43.89962673792515,0,108431210102
58.58730129846081,1,108431310201
30.697377208722266,0,108431370101
14.076143858140602,1,108440010201
17.431374149137465,0,108440130202
19.065287599800754,1,108440240201
13.03923849583149,0,108440240202
30.53280273582103,0,108440690101
60.19068336949054,0,108440750201
62.24475540430212,1,108440750202
58.98061529527199,1,108440810101
31.49970895647757,1,108441040201
50.87296899271537,1,108441320201
51.91389914760695,1,108441380201
35.11897579846004,1,108450170201
51.11804587304323,0,108450310201
43.62943981156498,0,108450310202
38.01230454923331,1,108450330201
33.053955541209305,1,108450460101
63.154446071579095,1,108460030201
17.59264132578211,0,108460070201
38.256777982820886,1,108460220201
42.02510899975193,0,108460220202
21.77833157353428,1,108460260202
14.497414110202374,0,108460310101
29.258027528486938,0,108460450201
30.148829517457234,0,108461050301
41.00389785031153,0,108461050302
37.03034147426502,0,108470010201
57.22413478187833,0,108470030201
56.59146909654771,0,108470030202
8.53005870584822,0,108470100201
15.785608822245894,1,108470120201
17.793732688519658,0,108470120202
50.53912408542569,1,108470150201
38.07448805711718,0,108470160401
15.853251401442527,0,108470260101
52.49955971419393,0,108480030101
48.876894378258704,0,108480070201
36.36383582127283,0,108480100101
53.20910913557614,0,108480180201
57.560231671361,1,108480290201
57.48241706344717,0,108480430201
62.771728246964486,0,108480430202
34.320723216357855,1,108480650201
55.59246905914666,0,108480800201
27.062133198783474,0,108480870201
30.288372245158683,0,108480870202
57.56878355536466,0,108490080201
56.42913026723897,0,108490200201
44.31005040050569,1,108490330101
39.08654075528671,0,108490610101
37.48125839974513,1,108490740201
50.16841740002291,1,108490780201
47.73409396302938,1,108490780202
36.38151212415109,1,108490940201
27.46376695599277,1,108500150301
43.0768595535317,1,108500180301
20.790448905484553,0,108500250201
26.132731139755474,1,108500250202
32.011945024600216,0,108500320201
39.85267486461969,1,108500320301
37.43740032124124,1,108500390201
35.73881360250596,0,108500390202
26.214189877788225,1,108500540201
34.560949730613906,0,108500570202
34.0708814146591,0,108500610201
35.31969842881774,1,108500780201
24.34569679809713,0,108500780202
36.26417977711014,0,108510010202
23.800656772853458,1,108510040201
25.39556457934502,1,108510070201
13.987457049370173,0,108510070202
20.703529627015165,0,108510190101
18.48732586648858,1,108510250102
30.27818841320262,1,108510280101
32.37051010193571,1,108510320101
29.688204641203388,1,108510320102
52.13148859022427,0,108510350201
27.815211934114643,1,108510380201
29.728618482263496,1,108510470201
37.41653063563087,1,108510470202
4.261489705861314,0,108510500201
20.38845160097403,1,108510500202
14.420734979176626,1,108520170201
20.97703765264878,1,108520170202
44.362323101515855,1,108520450201
46.985711171420306,1,108520510201
44.67999565202042,0,108520560201
36.84701662109287,0,108520670101
12.246360484999682,1,108520900201
47.24382460045775,1,108520950101
46.538659338679835,0,108521010201
65.16014464198173,1,108521290201
44.05255332550253,0,108521400201
31.916983066643958,0,108530020201
18.6936425831463,0,108530070201
20.948785070049297,0,108530130201
23.994745610170316,1,108530130202
16.864767632415237,0,108530130203
37.97984531716797,0,108530160201
24.827873716490807,1,108530240201
22.804358076398074,0,108530360101
31.79735111756,0,108530360102
34.68731738343749,1,108530500101
13.642139323634707,1,108530530201
19.167773497601193,1,108530530202
6.735384130576824,0,108530550201
9.586708198928616,0,108530550202
24.36538480584312,1,108530580101
25.370463442762638,1,108530580102
20.566561881233824,0,108530610201
39.591402486438795,1,108530640201
11.983195703187821,0,108530670201
19.04914820839761,1,108530670202
20.012391473543843,0,108530670203
15.438291906459826,1,108530700201
26.346755219481242,1,108530700202
24.196275619602584,1,108540080101
34.814172032206336,1,108540200201
41.79816364682198,1,108540440301
38.58303544583923,1,108540440302
32.30563119541716,0,108540560301
40.97817589083226,0,108540560401
16.766783206535532,1,108540640101
44.407458235612715,1,108540680301
33.13493888478905,0,108550010101
29.315843092680097,0,108550030101
42.85007737904093,1,108550090201
14.758039496254582,0,108550100101
33.597880886250465,1,108550100102
18.761348837199776,0,108550120201
24.728889524638987,0,108550120202
28.003858821259854,1,108550130201
41.57830859204178,0,108550140201
38.01163895660433,1,108550140202
33.96650367275472,1,108550220202
40.1465539949299,0,108550240201
32.4082398915508,0,108560150701
37.20637099631325,1,108560280301
31.99919965718008,0,108560330301
39.485358636171604,1,108560360101
38.74296469752795,0,108560390101
25.108424046725837,0,108560410201
30.079272921097154,1,108560410202
27.893543984037933,0,108560440201
45.7194497333219,1,108560500201
37.98161790136672,1,108560500202
43.433497043999125,1,108560500203
13.519347095826555,0,108560520201
28.50294791613011,0,108560600201
31.577918880981326,1,108560600202
53.95199081319095,1,108560660101
52.87178580508095,1,108560660102
23.934908554623707,1,108570160201
24.2844062569597,0,108570240201
24.11672882575581,1,108570240202
10.303932813358173,0,108570500201
20.609943626151935,0,108570610201
12.587065189226895,0,108580140201
16.415833777277975,1,108580140202
27.86591545612923,1,108580210201
35.61772225233029,0,108580390201
0.0,0,108580470201
6.761616497992611,0,108580470202
22.88843598468208,1,108580610201
19.407409609621826,0,108580610202
17.17744744959615,1,108580650201
3.3444632947355455,0,108580650202
35.679577274185895,1,108580720201
14.749835694884018,1,108580830201
43.31759392695105,1,108580870101
37.81755934297704,1,108580870102
20.70537590784326,0,108590040101
15.030209861119506,0,108590100201
11.343778149806969,0,108590150201
26.822870902786608,0,108590180201
22.313592028030325,1,108590200201
36.8841569713178,1,108590200501
32.3659320445458,1,108590200502
39.34641680273821,1,108590200503
18.59377120958002,0,108590230201
19.279622699954956,0,108590230202
30.596445060482633,0,108590260201
29.34212986798518,1,108590280201
37.45186685422026,1,108590300201
23.626532072140375,0,108590300202
18.16632510789323,0,108590310202
1.2590620733732436,0,108590330101
7.124494221559088,0,108590350201
31.837397751739072,0,108590400201
42.10391659177532,1,108590400202
19.72132706096174,1,108590410201
59.094670193876496,0,108600080201
58.38274853523356,1,108600500201
59.32143297194451,1,108600780101
59.812826837042856,0,108600910201
60.5877461207004,1,108600990201
55.528124603107656,1,108600990202
60.681807212125676,1,108601030201
15.28276711059532,0,108610200301
25.190624314457395,0,108610240101
20.438290029932233,0,108610330601
32.177249448642655,1,108610330602
48.73378500681512,1,108610920201
14.412049997098546,0,108620040201
26.452481051187227,1,108620040202
18.062988087970623,0,108620120201
20.721881172109782,0,108620120202
33.38124639389267,1,108620210201
26.08797728025794,0,108620320201
32.49806627700628,0,108620370201
13.3634206716342,0,108630040201
22.55484775737442,0,108630080301
24.603988423883695,0,108630300101
27.971763033299357,1,108630300102
26.34021057107477,1,108630330201
39.5763708412058,0,108630430101
17.970822789214814,1,108630590201
22.08599404522591,1,108630590202
27.648893403024914,1,108630620501
9.077614834298092,0,108630620503
10.539428566500892,0,108630780201
28.709622429618467,1,108640140401
34.57397940756804,1,108640210101
40.011506675508784,0,108640250101
13.321992678166689,1,108640400101
20.242417901154138,0,108640480201
19.691117393960933,1,108640590201
44.03612062130588,0,108640630201
28.91331282712372,1,108640740201
10.132401555851773,0,108640850201
17.494390641055652,1,108650140101
12.502839691138941,1,108650140102
15.783804445222856,1,108650140103
56.617338293908624,1,108650180201
56.72758289664088,0,108650230101
49.59364814416357,1,108650310101
48.855428854641175,0,108650440201
41.40110548613245,1,108650520201
40.05056833643028,1,108650600101
37.83964525920814,1,108650650201
14.661017118396314,0,108650690101
24.355145658166474,0,108650690102
37.79147530168107,1,108650860101
12.039136443917862,0,108650900201
1.6299527563138767,0,108650900202
28.920650497028074,0,108650980201
21.514771879661033,0,108650980202
33.07738677845961,0,108660610201
44.44062459230923,1,108660750201
50.76247474688615,0,108660750202
48.635685965916025,1,108660750203
17.55043613737393,1,108660850201
16.07148310932411,1,108660850202
47.69018693895514,1,108660990101
26.736738817820598,1,108661040201
31.67108205138305,1,108661040202
48.35160098538224,0,108661190101
45.98301248180859,1,108661190102
36.42240908757362,1,108670150201
29.008860127418593,1,108670150202
21.173602360740276,0,108670260201
17.95510098024975,0,108670260202
20.114034296639815,1,108670480201
38.11029160691047,1,108670540201
36.88490283035131,0,108670570201
36.06108793765636,0,108680070201
24.08705319184896,0,108680120201
42.66863390853564,1,108680240201
36.03010743870288,0,108680240202
51.60358202707637,1,108680320101
46.03311202610055,0,108680320102
46.10021776689819,0,108680450201
32.8995835107946,0,108680530201
15.503807973169291,0,108680570201
22.84666326754931,1,108680570202
34.92298837215754,0,108680770201
33.65150827965559,0,108680770202
24.766425167773978,0,108680810101
21.171318905935028,0,108680890201
25.393109345169687,0,108680890202
21.469467515057772,1,108680890203
43.97542110048031,0,108680930401
37.34253044414603,0,108680930402
25.976038767330103,0,108690030201
21.625403025708668,0,108690080301
30.430093182073254,0,108690080302
45.40957274297345,0,108690100101
30.217984344920556,1,108690200201
30.77491608802905,1,108690200202
10.341238561195997,1,108690280201
26.79093391114969,1,108690280202
25.284933921774357,0,108690370201
14.627542403786602,0,108690420201
21.268199373481533,0,108690420202
38.28586845611524,1,108690470201
41.72500482971298,1,108690470202
25.2989883534167,1,108690500201
10.362656702724212,0,108690500202
40.622168621400775,0,108690520201
46.947180332548626,1,108690520202
23.18611756601726,0,108690550201
10.529255432846407,0,108690570201
21.159433822096805,1,108700220101
29.311982440705854,1,108700220102
44.737702020198626,1,108700270201
53.249206541984066,1,108700450201
38.480314800512595,0,108700500101
41.25181818193259,0,108700590201
34.66641647453403,1,108700780201
25.620678721638978,0,108700780202
48.234853870045605,1,108700870201
52.09371859856156,0,108700920201
45.84522369966698,1,108700970201
48.40135950671821,0,108701161101
34.00426322624914,0,108701161102
43.10181175678104,0,108710180202
39.70839027203922,1,108710250101
40.98096498227527,1,108710270501
43.06884760853346,1,108710630201
35.23063813228393,1,108710700201
33.337300421252266,1,108710700202
47.967493616071074,0,108710810201
50.24023553496157,1,108710940201
26.926129212575933,1,108720080301
29.342679601209532,1,108720290301
15.124237695061879,1,108720320101
7.067778329132858,0,108720320102
21.5577166516242,1,108720350201
13.330786559242682,1,108720350203
14.178357094834826,1,108720380201
10.39128504943607,0,108720380202
20.445078532700396,1,108720440201
14.870015909150819,0,108720440202
35.98150102124463,1,108720440601
12.29975347356941,0,108720500201
11.074686933272124,0,108720500202
33.734114185812054,1,108720620201
31.16136424041003,0,108720620202
32.77793868704063,0,108720620203
14.105190586184445,0,108720650201
28.327593165968906,0,108730190501
35.795501681182365,1,108730190502
41.454929610920445,1,108730410201
44.04988762747131,1,108730410202
23.048200141667078,0,108730550201
26.76581558356337,0,108730550202
38.927936522161254,1,108730550203
34.19463244152648,1,108730590201
21.262672646850465,0,108730750201
40.68456793300861,0,108730880201
56.64305047772509,1,108731060201
58.47739324337965,0,108731060202
24.18341903224708,1,108731110101
18.853223969074996,1,108731110102
31.13683896533518,1,108731150201
38.82032502133906,0,108740030201
49.12096832660145,1,108740030202
56.693888112090164,1,108740090301
44.511103295504384,1,108740150301
32.36847401205158,0,108740190101
43.50852051706876,1,108740220202
43.28101162188246,1,108740220203
57.648472624385064,1,108740320201
52.928021083947996,1,108740320202
29.21203145691879,0,108740400201
32.16801093938885,1,108740450101
43.831039345891966,0,108740530201
54.35182231263301,1,108740530202
34.43487634762122,0,108740600401
45.11493416586093,0,108740630201
50.14826043421748,0,108740630202
33.90552981372903,1,108750150201
30.658395258395217,1,108750150202
23.369383800565465,1,108750510203
30.627653181678944,1,108750550201
10.675247070064403,0,108750590201
18.19357121608015,1,108750590202
32.027135536539475,1,108750630201
5.080732622775795,0,108750680201
7.741866524378999,0,108750680202
9.672899077157165,0,108750680301
20.88768669528707,1,108750810201
19.65469281654612,1,108750810202
18.4634788450526,1,108750810203
6.319595700790041,0,108760070201
15.260076086821389,0,108760460201
14.051799321719027,0,108760460202
19.569374767837726,1,108760570201
14.54265138172868,1,108760620201
11.134244386131193,0,108760620202
11.300980010487415,0,108760620203
20.320008462825662,0,108760650201
20.021569909483603,0,108760650202
24.428586576140248,1,108760680201
28.293403011383127,1,108760680202
10.359814120715368,0,108760700201
33.27362054676968,0,108770020101
29.773384519152128,1,108770020102
36.53939173672062,1,108770020103
38.12740064772687,1,108770020201
25.71910473181768,0,108770060101
35.61318911835618,1,108770060102
43.70462946723378,1,108770090201
15.132757267504935,1,108770270101
11.770976224767058,0,108770270102
8.38053394441689,0,108770270103
50.124443472728416,0,108770300401
48.42694972678182,1,108770300501
36.36468214387387,1,108770340201
55.43387405970639,0,108770410401
20.978237767201378,1,108770440101
11.32159211479114,0,108770470201
33.85168162026883,1,108770540202
36.420131558291814,1,108770580201
1.8935873565397898,0,108770650201
55.19059894468249,1,108770720201
15.05895849690898,0,108770750101
13.142013618312479,0,108770860101
7.160741081189166,0,108770860102
21.579979122546128,1,108780020201
17.254733984096603,0,108780020202
38.595650611509804,0,108780050101
32.20026392650243,1,108780080301
16.602168305396972,1,108780110201
16.29030437321796,1,108780110202
21.842783183503876,0,108780200101
23.204797984329467,0,108780200102
37.171845741649605,0,108780230201
30.95237732065029,0,108780230202
32.61892270543566,0,108780230203
32.75365436858634,1,108780270202
32.78183649689662,1,108780270203
19.336384400622492,1,108780330201
17.10677283007862,0,108780330202
26.458998916737677,1,108780450201
6.436350207075959,0,108780450202
17.65666761688547,0,108780480101
9.61694363675068,0,108780520201
16.72000047086103,1,108780520202
42.126718786036584,0,108780580401
49.536757106429874,1,108780610201
55.29619896793913,1,108780610202
42.627279341173555,1,108790030201
22.369065435192535,0,108790070201
26.427296504958065,0,108790070202
19.664022150171576,1,108790130101
33.49110888492693,1,108790260201
29.915401264043737,0,108790330202
11.19520374137263,0,108790380201
40.03849428532025,0,108790470201
42.91881862663415,1,108790470203
40.885095698209334,1,108790640101
37.135245894521155,1,108790770201
46.730972339151236,1,108790870201
46.99816893984705,1,108790870202
24.03558874358146,0,108790950201
29.858690111891526,1,108790950202
35.810020568944125,1,108791000201
45.20700249568662,1,108791000202
13.013099334555719,0,108800090201
8.753730653881178,0,108800090202
17.23492179338296,0,108800120201
15.47148217415048,0,108800120202
18.98409713062842,1,108800200201
38.443539241549026,1,108800260101
25.41012843600369,1,108800340201
9.09239278442239,0,108800340202
18.826706523283484,1,108800360101
5.267790503697756,0,108800420101
12.085230207257604,0,108800440601
17.54370033555064,1,108800650201
7.548594685010045,0,108800650202
24.228400140854177,0,108810030201
25.22651429064727,1,108810030202
48.50135249370601,1,108810060201
8.155406088786181,0,108810100201
11.810856802377955,1,108810260201
18.48735120100713,0,108810290201
21.62719029574743,0,108810290202
18.755866433017445,1,108810320101
21.20171980017168,1,108810320102
23.379438532530774,1,108810350201
14.432404783267518,1,108810390201
12.564853526661356,1,108810390202
16.979661749006958,0,108810450201
31.421681130612058,1,108810450202
8.557921838434726,0,108810520201
52.11753519932045,0,108810740201
50.103986160387095,1,108810740202
42.18845541736848,1,108820080201
42.36384894471039,1,108820080202
25.90718151162298,0,108820080301
38.757226111330105,0,108820210201
44.770799820180635,1,108820430201
56.993472503573685,1,108821060201
49.85997527735999,0,108821060202
29.984074216245773,1,108821100201
26.5398827033313,0,108830030201
33.90978145061393,0,108830070201
25.978596070490298,1,108830150201
28.22272448250318,1,108830150202
19.46010031052741,0,108830220301
36.96487822013382,0,108830250101
47.193595650017436,1,108830250102
20.745132334622745,1,108830330101
10.43830381994007,0,108830330102
26.312556519968535,1,108830400201
20.09516315250036,0,108830550301
17.9346474191562,1,108830700401
50.422290538252405,1,108830740201
47.9580489595457,1,108830740202
61.09893033862089,0,108830850201
12.986566985279788,0,108830880201
27.899658157189606,1,108830940101
19.83975947135505,0,108840160101
28.006678613670275,1,108840160102
27.341297237180548,1,108840160103
34.61934874001895,0,108840400101
14.39019441385108,1,108840430201
6.108435266620001,0,108840430202
35.70638077948432,1,108840540201
36.37432643767288,0,108840540202
16.75482639194847,0,108840570101
42.426149999561574,1,108840640201
39.84788363697781,0,108840710201
51.46079711124683,1,108840740201
47.53389316391347,0,108850030201
50.076046547188945,0,108850030202
30.35585347543955,1,108850190201
21.339599607084025,1,108850260101
24.22573779866369,1,108850410201
29.361472799502838,1,108850440101
43.47265805397025,1,108850460201
18.938856141433334,1,108850530201
16.06742744839732,0,108860010101
30.656099849598625,0,108860050102
34.20783854910834,1,108860100201
34.53121320239799,1,108860140201
22.056367140884653,1,108860180201
17.11095098000734,0,108860180202
28.04458457873217,0,108860230201
27.168479537183867,0,108860230301
26.1253418139571,1,108860360401
38.0380928615779,1,108860400101
26.530224156880067,1,108860490101
10.936929483680723,0,108860530101
42.549224003424804,1,108860970201
40.56689539862444,0,108860970202
53.870701191206486,1,108861060201
14.35437386608374,0,108870240101
16.61602790739296,1,108870240201
25.22702900973136,1,108870350301
10.359767699851549,0,108870350401
23.6979872070451,0,108870520101
32.358055061628725,0,108870520102
6.490931684698236,0,108870690101
3.3054625599013123,0,108870690102
8.339839226106626,0,108870690103
50.54622952558643,1,108870870101
60.48816199334866,1,108870870102
30.730306018565315,1,108870920101
28.391708587874618,1,108870920102
50.8197063875767,1,108871090201
48.87743952590327,0,108871090202
50.18532548325473,1,108871090203
14.998788007954381,0,108871140201
36.55667431138987,1,108871230101
54.96547324690692,1,108880040101
52.08857589879086,1,108880040103
43.758672060989426,1,108880110101
11.46492193877964,0,108880180201
33.97099654860875,1,108880240201
43.39941614704193,1,108880350201
50.139625990401804,1,108880350202
32.3986687439742,1,108880500201
15.514136357246397,0,108880530201
44.939310807723665,0,108880590201
43.809679289727484,0,108880590202
47.249552189270844,0,108880590203
38.2872281176705,0,108880630101
28.651786776963824,0,108880760201
23.261033808103242,1,108880760202
8.380159676421663,0,108890090202
32.662465339589815,1,108890130701
23.761761561630955,1,108890130702
25.325271370623437,0,108890180201
26.972021638688396,1,108890180202
20.6944917554234,0,108890180203
34.740721192739514,1,108890320202
28.714333754576202,0,108890370201
23.864921528305274,1,108890510501
25.874355373002395,1,108890690201
21.499329385755285,0,108890750201
30.334735402988414,0,108900050201
26.79720197900375,1,108900050202
25.100429494271467,0,108900050203
13.884474500737277,0,108900160101
11.943283297198132,1,108900160102
7.966246397263546,1,108900240101
11.728867535913956,1,108900240102
39.92504650691924,1,108900270401
9.618242607329453,1,108900340201
14.256375413653089,1,108900340202
30.947172526684977,0,108900380101
27.74456893374029,0,108900410201
18.082148676991117,0,108900440101
20.698416300458348,1,108900560201
20.71392968567452,1,108900560202
12.779692948080879,0,108900590201
14.251794785115887,0,108900690201
35.43165137287843,0,108900730201
29.718070580448813,0,108900790101
31.922336074556696,1,108910030101
13.468995994317694,0,108910070201
26.167165463892538,1,108910070202
29.002814150208565,1,108910110202
40.23106542626632,1,108910190201
46.014381086174694,1,108910340301
33.87957747701658,1,108910370201
31.184824407342024,0,108910570201
48.85667143896457,0,108910720201
44.12637906318735,0,108910720202
15.25218439473954,0,108910760201
13.862219759682192,0,108910870101
46.12938526056955,1,108910920101
40.52556087757643,0,108920100201
7.709863184280103,0,108920140201
11.439370947231472,0,108920140202
14.153913061614709,1,108920140203
14.831359667798552,0,108920190201
14.512127913323896,0,108920240201
24.620555822285368,1,108920240202
28.65576165653363,1,108920240301
28.607749061389665,1,108920290201
22.453360075512457,0,108920290202
10.824374807856632,0,108920340201
34.637286057241866,1,108920490101
14.16200923572746,1,108920630202
37.62259578973696,1,108920730301
13.981442214832434,0,108920780201
24.295340400542123,0,108920780203
14.698356396034281,1,108920830201
10.825485536216023,0,108920830202
28.778701296981442,1,108920830203
9.020658053221632,0,108920880201
27.205004106203212,1,108921020201
15.740699300070247,1,108921220102
46.7127933835077,1,108930380201
42.87334675616611,1,108930380202
36.60935310376231,0,108930520201
40.19865466500599,1,108930590201
41.697719195951265,1,108930590202
53.42906623660541,0,108930970201
42.10852737524989,1,108931040201
46.74716287276395,0,108931190201
43.83483397285593,0,108931190202
27.721638016198973,1,108931240201
52.1174289147879,1,108940050201
21.71748137952099,1,108940070201
26.054610535125533,0,108940070202
28.029247427575992,1,108940090101
27.61284684123718,1,108940090102
27.612680295067232,1,108940090301
19.17191119144939,1,108940110201
17.74961620559077,1,108940130101
28.09791482849787,1,108940130102
27.926541719203613,0,108940150201
19.84502623281146,0,108940150202
26.55463571979361,0,108940230201
15.407628665015817,1,108940310201
31.435857682508228,1,108940390201
33.92929045212651,0,108940410302
28.593309416127305,0,108940450201
25.603337761151575,0,108940450202
34.25217493726322,1,108940520101
38.781802995409045,0,108950070201
41.0237449730913,0,108950110201
49.535577988433985,1,108950110202
55.709648241404096,1,108950170201
46.07374321669151,1,108950170202
55.42159569732293,1,108950170203
53.45941724948162,0,108950250201
37.56030654632906,0,108950440101
53.50946194199311,0,108950680301
52.16104831255178,1,108950770201
38.75383942687876,1,108950800201
18.70019792323483,0,108960020201
17.47088337060134,1,108960020202
20.232751590029707,0,108960050201
21.518038820367185,1,108960050202
32.217350317278566,1,108960100201
27.772107078279618,0,108960150101
30.800133679871188,1,108960270201
35.9867587960137,1,108960270202
19.52991092416907,0,108960300201
26.555956379477383,0,108960300202
28.760020342254457,0,108960350201
23.278589231066334,0,108960390201
23.32667789500688,0,108960440101
31.05748171318747,0,108960470201
35.96526609343497,1,108960540201
11.478413077192087,0,108960580201
11.308232897986166,0,108960580202
8.962652256456671,0,108960600101
17.083487710152617,0,108960600102
17.83201794705309,1,108960630401
39.73552289993789,1,108970030201
34.42985521581009,1,108970080201
14.570762584684367,0,108970230301
33.29188991905288,1,108970610201
37.705557738779035,1,108970610202
23.34095291590556,0,108970700201
26.258716955203468,0,108970700202
29.724713972025405,0,108970750201
34.75343717360031,1,108970930201
24.884227796373953,0,108970930202
27.682215552296856,1,108971030201
16.286453439880706,1,108971070201
18.632177367818542,1,108971070202
13.875673440242627,0,108971130101
28.114536613083278,1,108971170201
21.610279170467184,0,108980060201
28.783982588675848,1,108980060202
50.914929442346875,0,108980090301
24.856516177472656,1,108980270201
21.51107814998761,0,108980330101
60.8917919479688,0,108980390201
44.223498280283266,0,108980440201
49.35579338512719,1,108980440202
30.914665732108663,0,108980490201
34.75257703474674,0,108980640202
19.896869919600007,0,108990010201
29.429969431918575,1,108990100301
39.64650520698291,0,108990190201
17.333711003681533,1,108990280101
14.97906334876157,0,108990360401
22.32108585756296,0,108990410201
25.464463273188205,1,108990410202
38.47204576134827,1,108990450101
43.68621241573298,1,108990450102
24.86405227581514,1,108990500201
16.882883660305723,0,108990500202
15.281965500910289,0,108990680201
23.55182694181783,1,108990680202
20.234706047632795,0,108990720201
38.91271395859299,1,108990770201
16.705251259638075,1,108990810201
25.90573183556341,0,108990860201
30.029822284843632,1,108991040201
19.124761244757572,0,108991040401
19.324451260250587,0,108991040402
29.647859472480945,0,108991080301
36.370406977490624,1,109000220202
26.45788830920192,0,109000270201
9.005587754498192,0,109000410201
28.85604821329817,0,109000570201
30.709912060481457,0,109000570202
32.262942595580036,0,109000770201
30.869276198307404,0,109000770202
50.527006597415934,1,109000850201
34.624362418664504,0,109000850202
34.01760328051671,0,109001050601
30.784748683576883,1,109001100201
51.2345994178692,1,109001140201
25.164843306449605,0,109001180201
20.816905717913528,1,109001220101
12.07361582364166,0,109010080201
28.967721420265537,0,109010150101
27.15741588112947,1,109010180101
13.452122117634392,0,109010220201
15.190803760561247,1,109010220202
5.508421296978673,0,109010220203
17.896135654074868,0,109010300101
28.81986085133159,1,109010330201
34.2714671145326,1,109010330202
27.33837734155555,0,109010390601
24.796886057841412,0,109010570201
21.628760333192563,0,109010570202
14.508364697063001,0,109010600201
5.681709829523729,0,109010640201
29.57759510859703,1,109010720201
4.761917398473219,0,109010780201
42.64141858251871,1,109010820201
6.256922765426383,0,109010850201
29.404280079750787,1,109010890201
19.7172603161162,1,109020010101
11.802718951429059,1,109020010701
13.062940932948596,1,109020010702
20.516711169914334,0,109020030201
19.198101933401993,0,109020040201
23.530141343151666,1,109020040202
17.5383897367851,0,109020050101
18.46554664974987,0,109020050102
10.070970680605805,0,109020060201
15.317178728575783,1,109020080101
25.833206218586056,1,109020090101
19.192179456270658,0,109020110202
28.496882023048208,1,109020130101
25.030609864662644,1,109020150201
21.033246114285507,0,109020150202
19.056653841693887,1,109020150203
28.165368378800025,1,109020170201
25.102506425988594,0,109020170202
41.197561778085856,1,109020180401
27.40576817682449,0,109020200201
21.799808307254267,1,109020220202
13.230065422519752,0,109020230101
33.70864579756255,1,109030010101
10.122787336897526,0,109030090201
8.270391446268482,0,109030130101
12.378303055610523,0,109030160201
20.005779736550174,1,109030160202
18.185567193555187,1,109030160203
11.57365839682376,0,109030280301
7.73032452245973,0,109030280302
27.82560348197241,1,109030360201
17.66556350896246,0,109030400102
5.986921230730757,0,109030550201
9.700303733528909,0,109030550202
21.18657463444913,1,109030670101
22.956489554046456,1,109030750201
13.337644111161353,1,109030790202
26.40552104296225,0,109030820201
12.149395968819945,0,109030900201
11.227137707594391,0,109030900202
12.668172883014401,0,109040080101
13.374184850498159,0,109040080102
20.361994936442485,1,109040110101
24.91374485658699,1,109040270101
37.780751991811066,1,109040270102
29.22711467663663,1,109040290201
28.706800646086357,1,109040290202
47.64367408092427,1,109040380301
44.395048260216754,0,109040470101
13.412896505701308,1,109040500101
23.222407569555777,1,109040500102
15.507975292761419,0,109040560101
20.9193451034748,0,109040560102
24.84570749039211,1,109040560201
33.20662342583493,1,109040560202
28.4432458019163,1,109040560203
20.35369492198498,1,109040600101
13.186316684745613,1,109050010201
7.581397074345023,0,109050010202
23.530016537310207,0,109050100201
24.151561611334287,0,109050100202
11.3449002450796,0,109050130201
13.170138349273145,1,109050200201
12.24642768072333,0,109050200202
20.21453125239496,1,109050200203
10.530940630309395,0,109050240201
18.094222525437107,0,109050270101
23.124851175989605,1,109050270102
15.72286180671519,0,109050310201
19.805180014655846,1,109050310202
17.144529397505814,1,109050420202
21.182599164307167,1,109050420203
14.169183750166887,1,109050420204
29.179591598631166,1,109050530101
19.04546691979416,0,109050630101
23.62187716030261,0,109050630102
12.457016566197195,0,109050660201
28.802723140707208,1,109050660202
19.638064282653232,1,109050700201
7.403801901892048,0,109050700202
10.43943608351099,0,109050700203
14.026109901257875,1,109050730201
27.088967886220345,1,109050730202
19.893208819692628,0,109050770201
20.86249667342544,1,109050770202
17.62320675887782,0,109060080101
19.526579266507387,1,109060080102
39.4723924003145,0,109060200201
39.63477834401126,1,109060200202
40.05797384025558,1,109060450101
13.962325151101663,0,109060730102
27.875273803754435,0,109060930201
33.820869652347426,0,109060930202
46.0300499367793,0,109061020101
32.25870109330092,0,109061140402
26.154897227394002,0,109061140403
46.44100704144117,1,109070020101
40.276234906238194,0,109070020102
61.34221824666286,1,109070140201
46.3212251459901,1,109070280201
55.64278159315525,1,109070450201
44.70978002994464,1,109070540201
42.71436780540541,0,109070580201
57.37954433053303,1,109070650201
54.37485544470404,1,109070800201
52.43214956884776,1,109070880201
43.985144720682136,0,109070880202
49.73968561376964,1,109070880203
68.21835589782407,1,109070910101
59.76963006434924,0,109070910102
53.59898629580689,0,109080040101
55.324117315945166,0,109080040301
48.39527524188896,0,109080200201
35.20448802852953,0,109080500201
22.570191173066906,0,109080550201
34.718736502198226,1,109080550202
20.388612258649097,0,109080580401
28.625709840304932,1,109080580501
54.8230997983363,0,109080670201
45.54961419849751,0,109090520101
59.685154497875956,1,109090520102
54.90161302103381,0,109090520601
61.341222919956586,1,109090520602
54.21780706675298,1,109090560201
40.61015713849692,0,109090640101
52.484890929269255,0,109091040101
33.54796502883516,0,109100010201
13.032818467853687,0,109100040201
61.63261215972365,1,109100110201
43.357928684795915,1,109100400101
38.582226779773116,1,109100400102
34.21371025696629,0,109100440201
42.18939764462387,1,109100440202
50.7148962980759,1,109100540201
42.15798236188689,0,109100570201
51.23943756770654,1,109100600101
34.71362796271956,0,109100740201
34.22584498231177,1,109100740202
33.495065862566136,1,109100770201
39.22699489313335,1,109100770202
19.302781037262186,1,109110010201
27.800487737176553,1,109110110101
43.54369101395618,0,109110190101
38.83377156246739,1,109110240201
32.64855512030324,1,109110270301
33.54911824165332,0,109110390201
38.223356856252224,0,109110440201
34.91644364924377,0,109110440202
46.90623048521966,1,109110440203
40.20399508201799,1,109110510901
22.914201153844957,0,109110580201
23.368108829374272,0,109110680101
36.07555830896608,0,109110680102
32.85705454205478,1,109110750301
25.729201727371326,0,109110850201
4.073043454087947,0,109110890201
26.74121770857381,0,109120050201
14.334478769197048,1,109120200201
15.604703836830925,0,109120200202
29.368302186579925,0,109120330201
29.41340053919925,0,109120330202
29.84418947021458,1,109120330203
31.773067495404607,1,109120450201
29.657438547630935,1,109120490201
26.662644614448904,0,109120490301
15.202630460506054,0,109120630201
32.117493934465635,1,109120630202
33.79869169344722,1,109120720201
41.78936649068703,0,109120840101
38.56457583791569,1,109120910201
45.413994940903024,1,109120910202
32.12085813944296,1,109120940601
26.596685214758807,0,109130350201
15.866602607755908,0,109130350202
21.207247668576393,0,109130490101
6.197148319651717,0,109130740201
13.399064777778005,0,109140090201
24.518005775742793,1,109140140201
14.985098757627174,0,109140140202
12.482314334391376,0,109140170201
11.404922465653229,0,109140170202
14.784798873928656,1,109140170203
19.78850055283603,0,109140170204
31.13122715025989,1,109140200501
12.629973915021353,0,109140200502
25.655867656924702,0,109140260501
22.366479062299614,1,109140310201
18.51649914650877,0,109140310202
6.126273761617995,0,109140400201
35.58228312890492,0,109140460701
23.39329277796875,0,109140540101
21.473660342449385,0,109140540102
1.5871467959723802,0,109140650201
24.740769211066063,0,109140710201
22.536889152245646,1,109140710202
29.163259469691962,0,109150070201
19.79338985226293,0,109150190201
24.93264832655415,1,109150270101
36.08566683350888,1,109150300101
27.44157775617449,1,109150300102
48.27875998751256,1,109150330201
41.13394865806542,1,109150350301
44.950963311132206,1,109150350401
29.647139055022787,0,109150350402
47.793453045874934,0,109150350501
11.600606610537262,0,109150380301
28.31096750298243,1,109150380302
1.5592466586208786,0,109150380501
26.912919337779194,0,109150580201
25.384523282832795,0,109150580202
9.631951703141265,0,109150600202
25.137765848062138,1,109150690101
23.589625085337207,0,109150740101
14.50337542335545,0,109160120101
31.525353040638297,1,109160170201
29.443214719878235,1,109160330201
35.4892354096292,0,109160390201
44.09951380056847,0,109160440301
48.40523766219986,1,109160860101
17.14812328816497,0,109161040201
29.952189265223073,1,109161100201
29.962748171249917,0,109161200201
29.992376795103205,0,109161200202
24.53435005936768,1,109161250201
11.154085187903728,1,109170010401
6.513632413968736,0,109170010402
32.415788583539964,0,109170190201
60.48706194346429,1,109170300301
24.719160459658042,1,109170520201
22.139661974650856,0,109170520202
42.757580347968,0,109170680201
45.643918682226776,1,109170680202
34.39656763573544,1,109170940201
43.39080997951278,0,109171050201
39.2723863658775,1,109171250201
33.11716228287254,0,109171250202
32.85160181537677,1,109171310301
18.863685826953343,0,109171360201
16.240328340805263,0,109171360202
37.70691471630638,1,109180020401
16.208020049846944,0,109180040201
36.78234874321451,1,109180160201
22.53458384466981,0,109180160202
26.336703781544863,0,109180190201
19.78437280503565,1,109180190202
33.53198609587479,1,109180250101
37.934739811582716,1,109180300201
22.67017124848596,0,109180320101
31.052376587481056,0,109180340201
27.091071323023165,1,109180340202
26.020539801163913,0,109180360201
24.546936825207684,1,109180380201
36.70425129723832,1,109180470201
15.860699154812735,1,109180540201
17.999814878535208,1,109180540202
12.779678691931675,0,109180540203
26.304930537295732,1,109190010101
13.006967042417168,0,109190010102
10.812362689772648,0,109190030301
24.709029934134108,0,109190110201
21.58122029737088,0,109190190201
18.80759786191416,1,109190190202
19.594162016873717,1,109190220101
27.984364800577758,0,109190280201
35.26253358699428,1,109190310201
27.643438576732915,0,109190310202
34.14558270863106,1,109190310203
19.39094688609607,0,109190350201
43.71843688717181,1,109190380201
22.322090054885006,0,109190460201
40.79084507260955,1,109190480201
34.7284010931255,1,109190480202
21.73289180681615,1,109190510201
19.31933610970391,1,109190510202
40.97873609376945,1,109190540201
30.525009061603296,0,109190540202
41.516888619364956,1,109190560201
35.13187544174967,0,109190560202
49.225209076284386,0,109190590101
31.57535338998703,1,109190620101
59.65879822889673,1,109190640101
33.71247906402376,1,109190670201
24.608296981713853,1,109200030201
25.049456591582313,1,109200260201
23.269421887264844,1,109200330201
18.8131918526637,0,109200330202
38.408649230816806,1,109200390201
38.78279496611725,1,109200560201
27.88105513527997,0,109200620101
26.620571386856067,1,109200620502
25.402411218905677,1,109200760201
22.810851198647725,0,109200760202
19.45818047745727,0,109200820101
48.449282342700165,1,109210070201
32.70146542269852,0,109210410201
29.756173878398137,0,109210410202
28.368236688398802,1,109210460201
58.65982646322902,1,109210650201
61.347194226406344,0,109210820201
44.6908913365559,0,109210860101
51.3325813642678,0,109211000101
57.06943097450976,0,109211030201
21.383954562838518,0,109220110101
28.44226350414098,1,109220170101
24.7664179249925,0,109220170102
27.682205876081078,0,109220170103
38.51611662719145,0,109220240201
13.140389470199185,0,109220440101
31.854111542589976,1,109220650201
18.972637709273766,0,109220960601
26.24172804510588,0,109221020201
25.20668815490476,1,109221020202
5.540226486656117,0,109221150201
5.255884250445618,0,109221150202
27.716773228130346,0,109221210301
31.034608127786655,0,109221210302
23.157107661630455,1,109221460101
25.292646139062,1,109221600201
18.670548091978645,1,109230650201
35.19712828714256,1,109230680401
27.045711724031907,0,109230680403
52.46178991400229,1,109230700201
32.92505753711548,0,109230740201
42.265504951146575,0,109230740202
29.894277785524118,1,109230770101
18.063493950846908,0,109230940101
34.92873199126845,0,109230960101
15.49738605705866,0,109231010201
33.81909389666004,0,109231100101
19.773764263714508,0,109231120201
21.46504565086249,0,109231120202
18.7582879548298,0,109231120203
12.698678950826002,1,109231150201
36.70974608108312,0,109231180101
14.848600331077233,1,109231200201
23.259893134448504,1,109231200202
14.127474875789865,1,109240150201
22.561872613115675,1,109240260201
15.198515068641822,0,109240470101
29.20242134029121,1,109240660201
17.817483431784257,0,109240660202
19.140289390116518,0,109240660203
6.293907797944627,0,109240710101
13.404713066919072,1,109240710301
20.81501759565174,0,109240760201
23.951350448790134,1,109240810101
26.884117586055805,1,109240920101
37.33508183911732,0,109240970701
32.9931406600558,0,109240970801
20.368726915012072,0,109241020201
24.440803094829473,1,109241020202
26.959745813470285,1,109241020203
22.687844023119872,0,109241070201
18.65938222816758,0,109241070202
27.129746349253352,1,109241180201
19.623864559133334,0,109241180202
42.8500120517661,1,109250010201
40.91216103701419,1,109250070301
29.939145741088588,1,109250170202
19.12138769905605,1,109250210101
4.651411778889854,0,109250270201
13.408742136334167,0,109250420201
14.08750168235095,1,109250420202
9.857660955699828,1,109250420203
10.865986156282089,0,109250480201
13.916219682851786,0,109250480202
14.940979908296516,0,109250480203
33.63263381332806,1,109250590201
18.878429529815033,1,109250590202
25.547972111527613,1,109250620201
21.066134108863974,1,109250620202
33.421368869115454,1,109250660201
33.3177391186098,1,109250660202
13.718578883322202,1,109260040201
37.847401436547024,1,109260090201
38.4437356217195,1,109260140201
40.93524027462106,1,109260140202
45.03943152561105,0,109260190201
35.47572918999437,0,109260290201
33.55512664642885,1,109260290202
42.36806596928983,0,109260440201
46.10599706915187,1,109260520201
43.02530217618004,1,109260710101
36.439174059721054,1,109260860201
27.926075854350362,0,109260990201
27.79630528341073,1,109260990202
44.09514753575167,0,109261230201
18.353955343183877,1,109261340101
9.545517202115139,0,109270040201
22.34168094822664,1,109270110201
20.107539602507455,0,109270110202
19.93262650271148,0,109270110203
29.493332991955874,0,109270140201
31.480885089392284,1,109270140202
17.014187944513125,1,109270180201
22.76885293397997,0,109270210201
23.754040219404878,0,109270210202
16.144766753394393,0,109270250201
7.920947674753189,0,109270280201
0.0,0,109270280203
11.909708833009045,0,109270310201
15.73823230717812,1,109270350201
17.13410845446556,1,109270350202
19.22853069993189,1,109270350203
18.661093253312565,1,109270450201
20.132400351417783,0,109270620301
8.704744559046732,0,109270760201
27.258561506059234,1,109270790101
10.610139103530454,0,109270820201
28.474483510368024,1,109280010201
25.862760505761525,1,109280050201
15.904014549399383,0,109280320201
31.547622355143595,0,109280320202
14.833765789394507,0,109280420201
24.740120464059192,0,109280420202
27.613110042896896,0,109280600201
39.99548783428731,1,109280710201
34.22485156030279,1,109280790201
32.13512039998808,1,109280790202
42.479260413255844,1,109280910201
13.312239406218245,0,109281010201
20.821571490341867,0,109290010301
16.276731314522895,0,109290160101
34.6144797507958,1,109290260201
32.11353507496679,0,109290260202
14.334717219588807,1,109290450101
13.409915732895106,0,109290450102
19.39683379263261,0,109290510201
28.18088897691375,0,109290560201
21.326290047542326,0,109290560202
4.879758258476384,0,109290910501
10.473242558777915,0,109291010201
16.16816017475405,0,109291010202
20.552982632446323,1,109291160201
56.093362974314424,0,109300040201
42.413568697718944,1,109300170201
26.73441915875255,1,109300260301
31.795792536812165,1,109300260302
48.74317055298805,1,109300300201
33.51356015849824,1,109300340301
30.663383748770332,1,109300430201
28.911689935389266,1,109300430202
37.73730498645009,0,109300470301
50.758279141592965,0,109300690201
28.5476171170094,0,109300730201
40.09312247685986,1,109300821301
41.85062040675322,1,109300821401
34.05409969280788,0,109300821402
15.15961658377454,1,109300950301
43.61484789966549,1,109300990101
39.62502172099089,0,109310380201
35.94994425859071,0,109310380202
37.48651978740675,0,109310380301
34.104084070381695,0,109310380401
24.798829458036348,0,109310430201
41.51891048923014,0,109310500701
28.143398762737295,0,109310600101
26.453940180685827,1,109310600102
52.14184317971663,1,109310630201
37.10928243434233,0,109310670201
33.89851613596828,1,109310670202
39.39481274138255,0,109310700201
33.20847321167723,0,109320290101
32.21724715895319,1,109320390101
28.8202899229194,1,109320580201
44.741936315529685,1,109321160201
18.67467135769913,0,109321210501
25.5584927451981,1,109330040201
22.586219664737442,1,109330040202
36.33460665271893,1,109330070201
20.88646625525091,1,109330290301
33.221274607957334,1,109330290302
11.00872198458769,0,109330310101
37.719167039945745,1,109330370501
40.58841705773382,1,109330370502
28.65439708930012,1,109330400101
50.48548388457478,1,109330500101
43.61653707695974,1,109330500102
50.30686575621145,1,109330500103
25.934945973326844,1,109330670201
26.029315250137557,1,109330670202
27.57757338175163,1,109330690101
33.684361118187496,1,109330690201
31.570352476064752,0,109330690301
31.300092841409512,1,109340010301
36.65704826801246,1,109340110201
39.61786083962629,1,109340110202
46.680458108912745,1,109340520201
7.3780324497634595,1,109340650101
20.01131270014512,1,109340650102
18.092978931332844,0,109340700101
29.954512743824203,0,109340790201
15.380063295176361,0,109341230101
17.16412399391904,1,109341230102
20.343332523578685,0,109341230103
32.28898148231904,1,109350040201
21.859138431388317,0,109350150201
33.09208396364012,1,109350150202
12.141309607401311,0,109350160101
19.072755928429576,1,109350160102
19.97130323278333,1,109350160103
29.96615876429253,0,109350190201
23.971985801635757,1,109350220101
24.766304877892985,1,109350220102
21.010989976218298,1,109350250201
16.16183292297765,1,109350250202
12.196984797646797,0,109350250203
45.93519098140457,1,109350260101
28.72342575454957,1,109350280201
20.46097795291465,1,109350310101
15.098747798178003,0,109350310102
16.944031441510344,0,109350320201
38.95675642884873,1,109360030101
21.378298073950283,1,109360070101
15.794834186142786,1,109360070102
24.69670363065796,1,109360210201
21.563123239803197,1,109360210202
12.817205647277289,0,109360280101
24.549275719207444,0,109360310201
36.38660950889335,1,109360450201
40.94189955048638,1,109360450202
21.895337722119958,1,109360480101
14.578506591749965,0,109360550201
22.776983455787786,0,109360550202
16.72396535817621,1,109360620201
14.900994456284389,1,109360620202
43.41850949125075,1,109360730201
18.300304413010664,1,109360830201
19.862458614644765,0,109360830202
46.02335974653637,1,109370050101
50.857087723956646,1,109370120201
29.835806657343802,0,109370140201
38.777744544702784,1,109370220201
46.78549741889928,1,109370220202
52.076472263330174,1,109370280201
57.86119948416946,0,109370460201
59.2501278818302,0,109370460202
27.753999807714134,0,109370530101
37.58129956857063,0,109370560201
32.46890191625893,0,109370560202
34.57984008222758,0,109370620201
34.935385437352174,0,109370620202
24.34369201605223,1,109370680201
58.47222372378077,0,109370760101
52.0402120319221,1,109370760102
54.914769185651146,1,109370790301
21.817624833517918,0,109380050201
26.930417466999753,0,109380210201
33.64354833970322,0,109380620101
22.214649590434387,0,109380650201
22.703405051871833,1,109380990201
29.678820231036998,0,109381050201
18.716728667878563,0,109390260201
10.900049615859267,0,109390260202
46.9290017368544,0,109390300101
20.960304420541775,1,109390440201
11.570041167190979,0,109390560201
13.97329471087409,1,109390560202
38.4825526352533,0,109390880201
36.12956675295359,0,109390880202
30.18000167016629,0,109400140101
26.869659198172464,0,109400140102
13.252186370162784,0,109400220201
29.648302726866252,0,109400350201
33.60528659161939,1,109400350202
46.40644848680975,1,109400380301
14.870394264242872,0,109400620201
41.10600378184121,0,109400660301
30.622250834079423,0,109400680201
11.503298070036319,0,109400780201
50.148744795848,0,109400810201
49.94023465741595,1,109410350101
55.663826264870124,0,109410560301
64.85803965627966,0,109410560302
50.399797501090745,1,109410830201
57.27736086981045,1,109420160201
53.92643510728993,1,109420200101
51.10692068612848,0,109420360201
60.55375057720603,1,109420390201
54.87111199214605,1,109420420201
62.50027646837003,1,109420450201
40.12585024098244,0,109420520201
49.360751376766245,0,109420800101
60.25995270224608,1,109420800102
56.8043574368172,0,109420850101
44.99918966836836,0,109430160201
61.07418232569704,1,109430360201
56.3986296715545,0,109430450201
61.83108234606177,0,109430600201
52.88154347863812,0,109430600202
54.644917683061074,0,109430810201
50.85635571398775,0,109431040201
42.09177456983788,0,109440020201
55.58976762992321,0,109440130201
49.436635359273936,1,109440180101
49.10566423441819,0,109440340201
24.661370829239715,1,109440680201
36.18142978850829,1,109440680202
34.27820844790469,1,109440740201
31.104471632751316,1,109441030201
37.60051983431158,1,109441030202
20.233529694730667,0,109441080401
34.682554860956174,0,109441490201
38.8960546651152,0,109441490202
37.38214726406448,0,109450010101
19.812089265346092,1,109450030101
20.31211629672893,0,109450120301
32.189021881794524,0,109450160101
28.11191664992133,0,109450280102
35.821092772313015,1,109450290101
10.733744711710841,1,109450350101
28.64990007021796,0,109450390101
29.290777257935584,0,109450450101
48.7264749883023,1,109450490101
29.79778772191328,1,109450510101
36.46282090518175,0,109460020201
44.280021422457764,0,109460020202
20.338336650227866,1,109460070201
33.1020991465627,1,109460130201
16.527959937743653,0,109460150101
13.875449117297926,0,109460230101
36.606014073702184,1,109460270301
36.103791582799126,1,109460270302
21.293000833660376,0,109460370201
29.260782028044957,1,109460370202
32.671821781524464,1,109460400101
22.20035042402919,1,109460460101
24.28531217392126,0,109460600101
32.47546117495291,1,109460600102
35.78705103738662,1,109460620201
22.073627084957813,0,109460620401
31.665873344699545,0,109460640101
21.641533191308767,1,109460670201
13.309837098451505,0,109460670202
40.78830939851244,1,109470120201
26.527758618896037,0,109470230101
18.08865524392053,1,109470820101
51.487893386089404,1,109470990201
9.010443535793023,0,109471110201
13.875658198826244,1,109471110202
38.494222076531045,1,109471460201
33.270955870748416,0,109480110101
14.309863872571391,1,109480140101
3.4842704038465238,0,109480140102
44.68524473748997,0,109480170101
58.6525247912439,1,109480170102
40.818724774720906,1,109480220201
39.695008089522666,1,109480220202
18.21391655203915,1,109480240101
44.02131872401208,1,109480260401
36.82902445968604,0,109480290201
27.275442730388107,1,109480340201
21.680614705129646,1,109480340202
27.73987114430936,0,109480380201
14.083823599184504,0,109480380202
25.63039963878562,0,109480390201
52.22888730012625,1,109480420101
48.176110435885796,1,109490020101
43.901957846103834,0,109490020102
36.12390129676744,1,109490100201
35.59674796764064,1,109490110201
24.276818416422934,0,109490130201
45.75728621600008,1,109490150201
42.9029259082401,0,109490150202
43.54678792991222,0,109490150203
51.96205722202347,1,109490170201
32.82341457796118,0,109490200301
28.529299527434276,1,109490220101
32.21340822746119,1,109490250101
44.075073822510184,1,109500240201
16.073698188205285,0,109500280201
17.58175970084274,0,109500280202
28.54166949742983,0,109500320201
37.538153129488,1,109500360401
30.405498772021065,1,109500430201
43.36164022106201,1,109500470201
24.866716082101824,1,109500550301
27.870321606541125,0,109500740201
28.43844197185952,1,109500770201
21.65174077290505,1,109500930201
18.055346946362437,0,109500930202
55.837138540451335,0,109510290201
59.555718014890815,0,109510410101
43.67099670465092,0,109510580201
36.80355922189073,1,109520040201
37.56432239419414,0,109520040202
45.130311746096396,0,109520310201
25.321519777464676,1,109520400201
28.361799647463336,1,109520550201
44.05454958899418,0,109520720201
56.885706292394346,0,109520720202
31.069767810932767,0,109520800201
18.293889926521164,0,109520830201
43.462863909669984,0,109520960201
33.20305960233245,0,109530050201
37.49543246007796,1,109530080201
36.24411266053791,0,109530080202
12.783585870090231,0,109530180201
19.625798290078443,0,109530210201
16.61444824097481,0,109530210202
54.22718108090103,0,109530270101
37.68702755749584,0,109530270201
39.681147362868245,0,109530340201
39.761388699541584,0,109530340202
21.084640603011433,0,109530400201
11.588255660600007,0,109530490201
29.81506215313406,0,109530490202
17.87087569205024,1,109531060201
25.33055013012992,0,109531110201
33.779917819556566,1,109531110202
42.87523474893002,1,109531150201
58.252140268748356,1,109540080101
56.967599635881356,0,109540080102
59.0357019047644,0,109540380201
44.7185798781785,1,109540650101
38.84527190496971,1,109540750101
40.883079419009285,0,109540920101
53.36894225323737,1,109540960201
55.32265197585241,0,109541100201
60.244623776091466,1,109541100202
20.789294271810846,1,109550030101
14.899748574991813,1,109550070201
30.833515609957384,1,109550110201
29.61833654533444,1,109550150201
21.50519529489627,0,109550150202
18.329973356603407,0,109550150203
34.17696620645448,1,109550350201
47.84791192169628,1,109550390201
20.323179089254282,0,109550480201
30.021220647942773,0,109550560201
41.697198734744156,0,109550710301
58.33850906936757,1,109550710302
27.713666409453374,1,109550830201
65.54778983136802,1,109550910201
31.64312475838941,1,109560010201
30.98544656131422,0,109560040201
34.516315823761374,0,109560070201
42.48428515178748,0,109560070202
47.32490056479618,0,109560120201
32.91313745859881,1,109560150201
24.20997352443123,1,109560170201
27.59950478378743,1,109560170202
44.358669668302646,0,109560220201
33.770624180458675,1,109560250201
13.746520103927777,1,109560340201
28.096755748261273,1,109560370201
27.982929979324478,0,109560470201
19.081228779123364,0,109560470202
43.60099142245119,1,109560630101
22.877813284651843,0,109560670101
43.885640172450934,0,109570110101
63.15708339508807,0,109570290201
60.83337114554526,0,109570550201
30.871778435226595,0,109570620201
43.07696866591309,1,109570830201
33.97030576875574,1,109570910101
64.89310513397068,1,109570940101
54.470890757795864,1,109570990201
29.48309260224166,0,109571020201
45.135288723393955,1,109580010401
44.03352138356917,0,109580040201
33.09144950628274,0,109580220201
21.59436296109425,0,109580310101
55.31555593000547,0,109580380201
57.68249413529558,0,109580380202
25.324631368955856,1,109580720201
25.309733646392758,0,109590120101
31.045921163118322,1,109590190101
25.400556916117676,1,109590190102
28.030155991833446,0,109590330101
33.014445548420596,1,109590400201
48.93827869156394,1,109590510201
33.51086690925365,1,109590620201
31.332828871027065,1,109590620301
29.538485769050652,1,109590650101
15.496040889406856,1,109590720201
45.37664810766739,1,109590760101
34.94776264503536,1,109600140101
25.11346023813154,1,109600200201
31.11487520644957,1,109600310101
28.275823475026883,0,109600310102
26.972950699386825,1,109600310103
12.230207312595123,0,109600330201
29.388560296672026,1,109600350201
41.80465056969341,1,109600580201
39.552410574758305,1,109600600201
23.786227690790636,0,109600630201
31.2506921645191,1,109610040101
38.42403170865906,1,109610070201
25.76619397750698,0,109610220401
40.84150083418736,1,109610340201
31.69676116798526,0,109610410201
36.69809557782344,1,109610410202
35.55075939561192,0,109610510201
31.951236385139914,0,109610560201
32.9269877386493,0,109610610202
35.278884191135695,1,109610610401
32.87331449856785,1,109620020201
19.91390724448021,0,109620150201
13.094513846463549,1,109620150202
31.517974130558404,0,109620270201
26.24205275457784,1,109620320401
38.68779444157223,1,109620440201
42.12728319381854,1,109620440501
18.75783560208295,0,109620560202
20.59804967657337,0,109620670201
30.397864673218173,1,109620840301
23.140139184569453,1,109620840302
28.03795806278882,1,109620840303
38.49074841579594,1,109620890101
41.684173036465964,1,109620950101
58.967914056128265,0,109621120201
55.48036821921246,0,109621120701
37.703273281863744,1,109621420201
36.28447950422869,1,109621420202
63.82395404654949,1,109630070401
59.08729294115335,1,109630190301
17.58953928746884,1,109630300401
49.282500752268895,1,109630340301
35.01482180302237,1,109630570601
13.723642879969233,0,109630680201
33.191510596294414,1,109630830101
33.56386714307143,1,109630870101
35.46434627057685,0,109630910201
59.558892839506825,1,109640100101
44.724881377555754,0,109640230301
52.63178808425029,1,109640270201
54.14908284400566,1,109640370201
40.36623942534381,0,109640810201
31.153075395175588,0,109641080301
27.73047018268972,0,109650010201
34.46821154810371,1,109650070201
26.22379382867658,1,109650140301
14.868211209362464,0,109650140302
18.99258462470144,0,109650340201
17.341549330691986,0,109650440401
32.15571571839878,1,109650620101
24.924498007549953,0,109650620102
30.546716064033042,0,109650640201
38.904312345644,0,109650670201
28.690731489187534,0,109650700101
30.79458572231435,0,109650730201
20.72041146460226,0,109660050201
27.447468995112203,0,109660110201
24.923025439167912,0,109660110202
27.415791200954335,0,109660200201
9.480556245809352,0,109660300201
29.053366215294314,1,109660300202
15.955997229719118,0,109660340301
29.518686506356566,1,109670010201
27.438709229302344,1,109670070101
15.117321549746366,0,109670110201
34.43996074237752,0,109670150201
43.00344389319454,1,109670150202
18.741289711580162,1,109670170101
6.3941326506189595,0,109670170102
28.699608624171354,1,109670240201
23.287771087890548,1,109670240202
37.42536215614316,0,109670260101
28.142053534429856,0,109670310201
20.01249425498533,1,109670370101
42.82832115661353,0,109670470201
29.190117267001263,1,109670490101
22.410688832305038,0,109680160201
38.08775704847,0,109680310101
31.513501710801215,0,109680360401
20.443518562629716,0,109680380201
40.01162519988975,1,109680460201
34.66581126759938,1,109680540201
31.51540041819014,1,109680590201
28.852645960423352,1,109680590202
18.29017274439266,1,109680650101
20.14241584965742,0,109680650102
25.879272304236878,1,109690190101
23.387323538349825,0,109690320101
22.564701659531433,1,109690430201
18.21683763358084,0,109690430202
27.69951706598456,1,109690430203
24.29039612040732,0,109690500401
49.09573848662513,0,109690590201
36.64089914363814,0,109700040201
35.884013554333336,0,109700060201
23.067405323003673,0,109700070101
26.528381622966634,1,109700070102
28.07170181339609,0,109700070103
24.38301703544512,1,109700070201
30.138164693715307,1,109700090201
27.90647248158693,1,109700090202
29.51955248607379,1,109700110201
35.92815567005699,1,109700110202
22.082452859912202,0,109700160101
32.332374794706105,0,109700200101
29.659965911328193,0,109700280101
18.96347065183884,1,109700290101
30.926922357349135,1,109710060201
13.15420992693665,1,109710090201
13.590959880570196,0,109710200201
26.524211532486163,1,109710200202
29.756100674197445,1,109710210202
33.89642386438328,1,109710230201
25.238350555896815,0,109710230202
20.508776566010937,0,109710280101
34.00557940970871,0,109710310201
20.052829108136823,0,109710420101
37.29247191537984,0,109720140201
35.27091089184668,0,109720350201
33.149434271813924,1,109720610301
58.74325681723568,1,109720700201
58.5685138731753,1,109720760201
46.01590420154082,0,109720970201
46.93536613028421,0,109721170201
34.75094644924887,0,109730090201
46.5941748430132,0,109730140101
34.68828112784399,1,109730260201
58.1257792337899,1,109730390501
41.72643797276573,0,109730430201
51.973310178463905,1,109730430202
38.6729913845794,0,109730470201
25.005590650261865,1,109730560201
36.74001692355137,0,109730600101
25.234968216500803,0,109730890201
38.52387152972273,1,109730930201
27.10189972309772,0,109740100201
32.459251098338356,1,109740100202
29.156605753202683,1,109740320201
32.06186617934715,1,109740320202
30.612170776755764,1,109740390201
35.50457288655891,1,109740420201
22.606397883643453,1,109740450201
26.589266715488225,1,109740550201
17.093025705416693,0,109740610201
19.90032567697531,1,109740680101
44.50897583589375,1,109740710201
17.808456787109076,0,109740770201
33.99087447204741,1,109750120201
34.168027310016335,0,109750180201
46.292164841350356,0,109750360201
35.99052230599968,0,109750490201
28.85419868759308,1,109750530201
19.89512128067976,1,109750530202
48.75087111118734,0,109750610401
57.78134160212157,1,109750840201
32.124298411497776,1,109750890201
25.194949548130616,1,109750890202
29.851679335186468,0,109751090101
22.298303765176794,0,109751160201
32.68558787454447,1,109751160202
30.663427198790377,0,109760090201
50.54207794040105,1,109760470201
45.05130575836257,0,109760470202
41.535423616962376,0,109760580201
54.06122992815997,0,109760600201
38.743649781223475,1,109760620201
45.34162387110892,1,109770060101
29.009280139906288,1,109770160202
10.739209709403942,0,109770190201
47.42112162771444,1,109770350301
57.65392061133576,1,109770350302
47.1608905648731,1,109770380201
39.260341292583156,1,109770380202
24.438862639969155,1,109770630201
36.71364138272312,0,109770660201
25.817550277860967,0,109770730501
27.787674721108797,1,109770810201
58.30440093679892,0,109780150101
54.86878394585692,0,109780270201
67.33955711248728,1,109780320201
60.019013315532405,1,109780380201
60.88594955547428,1,109780380202
53.49782208044743,0,109780380203
34.88515517468796,0,109790240101
28.525560926591915,0,109790240201
36.12852312629575,0,109790280201
40.12735062198613,0,109790280202
15.30674178659724,0,109790420202
38.00578873304544,0,109790530201
25.959094526520726,0,109790560201
33.69794258814845,0,109790600201
39.012331689404235,1,109790710201
25.43383367965309,0,109790820201
22.112037937697664,0,109790820202
48.786629859335996,1,109800050201
38.38852922618034,1,109800070301
51.34802074843508,1,109800110201
46.461369987198296,0,109800110202
38.25481611739145,1,109800180301
31.535375010110894,0,109800200201
18.12300971990043,0,109800380201
15.164581643807946,0,109800510201
16.235008429973032,0,109800530201
30.032752062325955,1,109800530202
43.53895316873296,0,109810020201
42.61139580731927,1,109810100201
34.07726828720082,0,109810130101
35.22259433140906,1,109810380201
32.14530876888222,0,109810530201
17.4465101796714,1,109810580101
38.397326151248244,0,109820040201
24.09991719218454,1,109820090201
44.66265633168083,0,109820180101
42.30601580180996,1,109820230201
36.25980062600511,1,109820230301
41.1596983728747,1,109820320201
46.07161131300899,1,109820320202
21.754123862668997,0,109820360201
33.98694917885673,1,109820470201
33.773588973580374,1,109820490201
10.904602681746756,0,109820610201
23.414470802339082,1,109820610202
32.61331101478691,1,109820710601
19.000588957721963,0,109830060201
20.723570565564046,1,109830130201
47.98611243487818,0,109830200101
27.95312419967168,1,109830250201
34.972621484655264,1,109840210201
33.32727601393994,1,109840240201
25.246377113976493,0,109840240202
33.327247218337256,1,109840390201
25.87164363471915,0,109840390202
13.690286351068568,1,109840590201
16.79164387052834,1,109840590301
18.33132140124441,0,109840620101
16.57380456536859,0,109840620102
24.082307417193952,0,109840730401
18.357791074588455,0,109840860201
9.644525818057042,1,109840910201
27.742085159152,1,109840940201
33.971407786438675,1,109840940202
35.12120446569297,0,109850010201
35.754431136187,0,109850140201
30.33970069811412,1,109850180201
30.604428838152632,1,109850220301
32.66037495100093,0,109850250201
26.523116475239238,0,109850250202
39.9721866529448,1,109850290201
30.953412746447423,1,109850290202
26.269672502031035,0,109850470501
27.323288820937154,0,109850560201
47.63504586842784,1,109850590201
28.601739871705096,1,109850770201
15.198507053382663,0,109860040101
28.018722773783733,1,109860090201
24.8721099186535,0,109860090202
44.040354490660754,1,109860190201
36.990881256215445,0,109860260201
26.544850701466732,1,109860310201
40.315609590436296,1,109860480201
42.953542061941484,1,109860500201
24.816805758765668,0,109860610201
28.356702094482475,0,109860610401
43.19268134758173,1,109860630101
44.776405966665315,0,109860630102
27.484998610767256,1,109860660201
20.065036311773653,1,109860660202
36.62125573222984,0,109870040201
35.99769841153631,1,109870140201
32.94383158604065,1,109870140202
34.54647079318328,0,109870250201
39.47223022837678,1,109870330101
38.004944504189794,0,109870430201
43.557526284175985,0,109870460301
35.14433570689745,1,109880100301
24.707451056442082,1,109880410201
34.85725510551147,1,109880410202
34.25084339465785,0,109880440201
41.29379245820493,0,109890270201
52.20832228280968,1,109890270202
47.20974273344278,0,109890530201
59.335821441559425,1,109890630201
48.71513353228507,1,109890730101
50.81756782359021,1,109890950101
37.98132910127123,1,109890960401
16.03402260881066,0,109900030101
35.67099424934997,1,109900310201
35.25212305994364,1,109900410201
22.621589864224898,0,109900540201
21.681611091199763,0,109900570301
32.63079206303974,0,109900790201
40.69571687085689,1,109900790202
42.2833101941108,1,109900830201
40.63131054814115,1,109900930201
43.8274701007532,1,109910060201
17.474036441287204,0,109910330201
26.299677577435094,0,109910330202
28.572033469082644,0,109910330203
25.403452225258093,1,109910610201
41.21141425683658,1,109910690401
27.47813826243979,0,109910760201
26.190530513506253,0,109910760202
56.03940929062967,1,109910820301
39.48440140357983,0,109910850101
26.547876202960136,0,109920060201
46.50188355644667,0,109920140201
32.8144604743304,1,109920230201
21.16853610810754,1,109920340201
22.758016310023873,0,109920450101
31.936227284932436,1,109920450102
33.81739254752741,1,109920450103
30.96428176271962,1,109920450104
26.35839901639138,1,109920470201
22.932734946271005,0,109920640201
33.78327454880331,0,109930050202
23.773522970484432,0,109930170201
42.55728396373752,1,109930220401
31.253737451930235,1,109930270201
28.27568519862337,1,109930270202
33.68243372133454,1,109930330201
47.579362551073416,0,109930360201
23.894760951362496,0,109930440201
13.683827690471858,0,109930530201
30.808249421930494,1,109930530202
29.005008257613035,0,109930640203
24.05406976742428,0,109930680101
36.61770963795305,1,109930680102
50.777741824755424,0,109940040201
43.08174409794931,1,109940040202
22.476615517481736,1,109940230201
43.4746519732573,0,109940300501
36.1200285218481,1,109940560301
48.27888703063495,1,109940780201
19.35416334348532,0,109950160201
36.15212698544646,1,109950290201
46.43200495507152,0,109950310201
22.996056300290608,1,109950380201
20.179154250554465,1,109950380202
30.97864170073558,1,109950490201
30.376084477001495,0,109960020201
35.207175245809154,1,109960090301
28.779115348906195,0,109960090302
49.8734840653263,1,109960230301
25.296378405249985,0,109960300201
14.111271190428866,1,109960320301
15.836702931342593,0,109960320302
22.663710858156186,0,109960520201
59.08928828708609,1,109970070101
57.49839504629042,0,109970310201
28.906188475436302,1,109970730101
46.73113671277203,0,109970770301
54.34492856499527,0,109970840401
55.717941142380795,1,109970840402
34.298882506974216,0,109970960201
51.376352544074365,0,109970970301
43.91634480798736,0,109980150201
47.931969951092455,1,109980190201
62.85927858916079,1,109980430201
63.49951771125182,1,109980430301
34.503490820853905,1,109980550201
35.52606004881121,1,109980710101
36.47900663282139,1,109980710102
54.870788452786336,1,109980750201
34.97144252706215,1,109980820201
59.41073143468728,1,109980860201
58.561832292403615,0,109980950101
49.88073927713219,1,109990040201
45.2767501178612,1,109990100201
35.15517795914156,0,109990100202
20.665345625292538,1,109990220201
23.47418208034533,1,109990280201
25.647722076481564,1,109990300201
29.07604034945036,1,109990300202
29.010539604180615,0,109990320201
30.34438484512325,0,109990370201
46.761543019970446,0,109990410301
40.27221472449308,0,109990510201
38.03666428026738,1,110000050201
25.253457331630965,1,110000090301
26.588309196104085,1,110000190201
22.648090797080755,0,110000190202
39.34748798494,0,110000230101
35.38523735819588,1,110000300201
45.930394655753325,1,110000480301
41.306928850585535,1,110000480302
22.648816010813594,0,110000610201
27.230736277901354,0,110000610202
34.83070130989701,1,110000650201
31.724664790316762,0,110000650202
25.888908925310403,0,110000750101
32.117722899912025,1,110000750102
32.16430791406009,1,110000790601
15.12934336488012,0,110000860201
41.455931668028995,0,110010020201
50.733065356754295,1,110010020202
35.34555284897337,0,110010320101
26.616631562484322,0,110010550201
44.69027107242771,0,110010620201
46.20267427602596,0,110010670201
50.71136990950597,0,110010840101
45.11398836282731,1,110010880101
38.39870776417626,0,110020050101
31.926710361370354,1,110020140201
27.823540413963258,1,110020210201
44.97963600814952,0,110020260201
45.71241816183113,0,110020260202
31.872315841251922,1,110020310201
22.337552766407555,0,110020310202
47.677115074552205,0,110020330101
55.9609190854281,1,110020330401
24.294329741791582,0,110020350201
35.41848052607594,1,110020350202
27.909151070543075,0,110020350301
37.72972167421269,0,110020380201
23.462554380003436,0,110020420201
41.09882308620537,0,110020470201
51.77985857096877,1,110020520201
17.547816048818667,0,110020570301
44.71039958323446,1,110030080401
28.088246285706468,1,110030180201
29.297854598511755,1,110030180202
22.773752001125906,0,110030220301
26.972707690761197,1,110030220302
17.16221496434909,0,110030610501
29.44300758589997,0,110030760201
28.815644789863857,0,110040360401
23.206226752394354,1,110040360402
32.08407326072133,0,110040440201
46.28411549078924,1,110040530201
46.73567865828173,0,110040850301
33.155582256387824,1,110040990301
17.62038086095705,0,110041030101
24.471182590144153,1,110041030102
60.09594903224269,1,110050210101
48.0093708230424,1,110050240101
35.85949914662812,0,110050290201
53.33480468134304,0,110050340201
53.535250879968196,1,110050530201
53.409206044670206,0,110050530202
34.76211683862273,0,110050660201
24.066113572436002,0,110050660202
59.524805682698826,1,110060160201
65.34211494342826,1,110060310201
58.703464331569165,1,110060440201
43.28897803147899,0,110060520201
59.16834593139562,0,110060600201
50.1404305743854,0,110060710201
51.28933554646398,1,110060710202
49.69250944288997,1,110060750201
9.916218334716792,1,110060970201
16.7200821021626,1,110061010201
18.195530898865776,0,110061010202
31.83333967569366,1,110070300201
16.650761292708463,0,110070350201
27.38802759325452,1,110070380201
29.30080764046336,0,110070410201
38.928368076815765,0,110080030101
25.184465751372905,0,110080050201
39.21791523540959,1,110080180201
41.667027187813595,1,110080410201
50.47495358508202,1,110080460201
21.50013400065704,0,110080540201
29.834607612011716,0,110080540202
33.22803998582096,0,110080590201
30.63348242277261,0,110080630201
48.709896543819,0,110090130301
40.420658320465094,1,110090180201
27.546198634370484,0,110090210201
45.369470124382524,1,110090230201
43.507856615756076,1,110090230202
15.884292967531149,1,110090260201
28.15086044838359,1,110090290201
27.98005078303666,1,110090390101
31.243452952883008,1,110090390102
16.48228758460518,0,110090490201
26.206603604499477,1,110090490202
32.15576569991934,1,110090490204
51.24378692984424,1,110090540201
27.330569937606224,1,110090620101
20.426581417421954,0,110090620102
49.86469024648025,0,110100090901
55.52296070455891,1,110100280201
56.5567576615749,1,110100280202
53.7342754013002,0,110100310201
60.22453725832258,1,110100340201
61.5182985547834,1,110100400101
48.142842228650515,1,110100550201
16.73921825951463,0,110100580301
25.161051875564937,1,110100650101
33.705276952621546,0,110100710101
11.016169807664275,0,110100770101
14.430607966459885,1,110100770102
9.677777871204743,0,110110080201
18.16848910550035,1,110110120201
19.711561996588525,1,110110120202
16.897960796451542,0,110110190101
23.950787589051878,1,110110270201
12.670178262965564,0,110110450201
17.570452731634386,1,110110450202
39.13072151622612,0,110110710201
21.347230525282846,1,110110790201
13.447002792259582,1,110110790202
9.982061949551909,0,110110820201
41.681408457995154,1,110120100101
42.756461175213495,0,110120130601
4.340421407344028,0,110120150101
18.313313974649166,0,110120230201
17.17011810063809,0,110120260201
4.037413702282825,0,110120260202
5.367743065895122,0,110120290201
26.034363285068643,0,110120340101
7.690018392987767,0,110120360101
19.586496771756266,1,110120360102
28.40061094100058,1,110120420101
34.29791554257083,0,110120420102
39.13187106113184,0,110120420103
29.876396750633855,0,110120420801
35.56131901720885,0,110120440201
24.08447979003195,0,110120500201
42.39302016968515,1,110120520101
19.151421670565785,1,110130020101
13.385984625513437,0,110130040201
6.8031597523056835,0,110130040202
2.613524884142259,0,110130100101
17.520097150543315,0,110130100102
13.121788901780796,0,110130160201
5.401343770166958,0,110130160202
15.06849282131067,0,110130220101
10.161788196565634,0,110130280201
22.73095972185434,1,110130300201
8.054847192597258,0,110130300202
10.009939283269352,0,110130320201
5.878703862441778,1,110130340201
5.123626243557907,0,110130340202
16.733979443885914,0,110130360201
7.08820141212893,0,110130360202
21.81856573688522,1,110130380201
13.497179926457264,0,110130380202
17.615583870936412,0,110130400201
12.316286706169159,0,110130440201
18.343562553493033,0,110130440202
14.707705939463583,1,110130460201
4.657226859955529,0,110130480202
12.484280864813789,0,110130500101
20.277444405568176,1,110130500102
15.70042367120672,1,110140020201
12.121712585271162,0,110140020202
11.707137369165697,1,110140030201
22.18519466126928,1,110140030202
12.494359851438581,0,110140050101
13.154744173129277,1,110140050102
23.00875397498244,1,110140050103
12.525387557223459,0,110140090201
20.218703640483945,1,110140200101
8.957804803524757,0,110140220101
10.427497726773002,1,110140240101
9.826000563368828,0,110140240102
11.238160985269587,0,110140280101
9.076593196446339,0,110140320101
16.47740068298408,1,110140320102
19.01389220760081,1,110140340101
4.163205975236085,0,110140350201
26.7967701114073,1,110140390201
19.728208205914797,1,110140390202
12.369823241589106,1,110140410101
17.199968272144748,0,110140410102
7.420884095634889,0,110140430201
12.587213622910543,1,110140430202
9.060734987249,0,110150060101
14.098678876122733,0,110150060102
10.76447928062304,1,110150070101
10.592882520671534,1,110150110101
13.217964215933971,0,110150120201
17.608710120476513,1,110150200201
15.37002788957062,1,110150300201
13.609552118234214,1,110150310201
6.849555055182231,0,110150310202
13.071833431001659,0,110150330101
17.20154732284455,1,110150360101
17.523301106736795,1,110150360102
5.5035001612966505,0,110160120101
12.910866577085562,0,110160190101
13.655083744991398,0,110160210101
7.989207663411891,0,110170020201
17.021918128189267,1,110170020202
14.139321004131506,1,110170080101
18.365753550463992,1,110170210201
17.120126902882532,1,110170210202
13.503785156216678,1,110170310201
10.738623512161157,1,110170470201
9.561737297929268,1,110170470202
14.11002076607599,0,110170530101
16.090737178773942,1,110170560101
8.386627006754434,0,110170560102
19.814715571782443,1,110170560103
21.145791747646243,1,110170590201
20.636946925623867,1,110170690201
12.95610682326864,0,110170790201
2.1135517554902314,0,110180020201
13.442603202896095,0,110180200201
10.74826240482592,0,110180230201
8.254297686309288,0,110180230202
8.711769445976776,0,110180250301
14.503835473485658,1,110180350201
10.279287258039988,0,110180370101
10.04663997169814,1,110180420101
12.364742284081085,0,110180440101
23.664824706919216,1,110180440102
21.22392025407717,1,110180460201
8.429861205859687,1,110180510201
19.296947018069936,1,110180510202
10.565189626978867,1,110190010101
8.379285061045291,0,110190010102
21.286266223468996,1,110190030101
9.581040052052002,0,110190080101
6.628952972570357,0,110190100201
13.762471531725481,1,110190100202
16.591683288120723,1,110190100203
9.738555484884126,0,110190170101
8.223518260093792,0,110190170102
9.215886580681952,1,110190190101
17.126493517816957,1,110190210101
19.873595708632497,1,110190210102
12.554185867794304,1,110190340101
7.599201541820931,0,110190360202
21.09023389107693,1,110190360203
18.97792440592712,1,110190470101
11.55711973833076,1,110190470102
11.935986102716326,1,110190540101
10.946682767710147,0,110200010201
12.975900751700477,1,110200040201
16.70281256726623,1,110200120201
16.362375343984034,1,110200120202
14.483313850445153,0,110200170201
11.654851342202171,0,110200200101
10.68481286568378,1,110200220201
13.344283802505048,0,110200250201
18.97743736143018,0,110200360201
20.83788756517458,1,110200360202
6.3516375302694,0,110200360203
16.866575153402287,1,110200410102
5.153031720171179,0,110200410103
17.647802457030497,0,110200410104
10.377998744526513,0,110200430201
8.773138904777053,0,110200570101
9.491128630938633,1,110200570102
7.900780529432867,0,110200590201
4.940987767441889,0,110200590202
5.300107759993397,0,110200650101
7.503222610987393,0,110210110201
35.919753499197206,1,110210150201
42.263771189116625,1,110210170101
7.62971426409049,0,110210330201
18.666680531237475,1,110210330202
20.81560137194814,1,110220030201
9.058622201144598,0,110220030202
13.988132115830851,1,110220130201
18.680266872557677,1,110220230101
23.332822077388727,1,110220230102
19.309736181506587,1,110220370101
16.523633702760893,1,110220370102
20.751919207916806,1,110220370103
1.0462763884109343,0,110220620201
17.538957298665004,1,110220770101
21.70003019547262,1,110220770102
11.407166639369185,0,110220820101
18.63868821381752,1,110220970101
19.764276618173447,0,110221170201
15.046139237785283,1,110221220101
13.768551025208295,0,110221220102
12.832348893658372,0,110230020201
2.3809724670147565,0,110230020202
5.573482451455445,1,110230080201
8.166718975774923,0,110230080202
11.487020913350817,0,110230140101
12.64266184487154,0,110230140102
9.097326892194541,0,110230150201
16.460607072556357,1,110230160201
11.349101882505288,0,110230160203
4.737795924453031,0,110230170101
12.406221089660907,1,110230200201
6.051227257183589,0,110230200202
14.83817382668644,1,110230230201
17.26844782192407,0,110230230202
10.950285532988884,1,110230290101
20.63753606613767,1,110230290102
13.96800193990359,0,110230330201
12.607343081986206,0,110240060201
9.314869861808576,0,110240060202
20.208819679670075,1,110240060203
8.669405336417455,0,110240080201
14.2865705652763,1,110240080202
8.145732816027545,0,110240130201
23.13680107488692,1,110240190101
3.677351379877834,0,110240240101
5.576672787867889,0,110240240102
7.777565483904033,0,110240260101
17.115611429408776,1,110240260102
20.066153708400865,1,110240390201
18.56999156318883,1,110240390202
22.966450938986092,1,110240480201
15.42828624929531,1,110240500101
18.882379890567854,1,110240500102
14.374340901828777,1,110250050101
9.55213842546079,0,110250090102
11.758963911816375,0,110250090103
20.06746415243786,0,110250200101
1.131184723525065,0,110250220101
19.58766141569545,0,110250310102
8.533082767929349,1,110250360101
21.351339854468357,1,110250420101
14.02372523295298,0,110250420102
13.040861442093757,0,110250440301
14.467547084709963,0,110250440302
13.141974284199168,1,110250530101
13.91336003585186,1,110260060101
7.357956545385932,0,110260060102
11.481584887192977,0,110260090201
10.928949703858606,1,110260090202
7.677661511881825,1,110260100301
6.472645063646999,0,110260120101
18.329460882534388,1,110260120102
6.593365131520095,0,110270030201
8.493803583509468,0,110270030202
13.352269809472723,0,110270030203
25.794270508043418,0,110270100201
32.91521035971751,1,110270100202
18.93234629948831,1,110270110101
13.190788832501152,0,110270110102
8.965815920396938,0,110270110103
19.571466828420718,0,110270150201
23.89958001305069,1,110270180101
11.395456970664867,1,110270180102
10.436214161185973,0,110270200101
12.733559568382404,0,110270200102
9.076643978255241,0,110270200103
21.643311588909295,0,110270220201
13.28034016339221,0,110270230101
49.28428854982086,1,110270280201
46.452461812319434,0,110270280202
32.94785538617631,0,110270300201
36.18631207716721,1,110270300202
24.911475254283765,1,110270320101
11.529891511581768,0,110270340201
17.963191550084918,1,110270340202
11.107883342729206,0,110270340203
17.984393574260217,1,110270350101
27.013765121558723,1,110270350102
9.627904679395538,1,110270370201
36.12793883645706,1,110270390101
25.28354672761347,0,110270390102
34.87551292802738,1,110270390103
9.444940681604479,0,110280070102
23.364938460809068,1,110280130201
15.404464713821397,1,110280130202
22.85946754955485,1,110280130203
15.184565973627596,0,110280170101
7.556574420999048,0,110280250101
11.474357660192972,0,110280330101
14.639964029957858,1,110280350101
6.375099495314176,0,110280350102
49.453842830579475,1,110290060201
37.6941561275469,0,110290090201
30.237903509850153,0,110290090202
24.800357780812494,1,110290250101
43.54518385139062,1,110290310201
28.391375866181818,0,110290340201
33.184333467325985,1,110290340202
29.675662821835182,1,110290380101
31.917898935854158,1,110290410201
17.319448471160293,1,110290730201
2.8260822591374692,0,110290760101
5.556861362778968,0,110300050101
11.121616902391482,0,110300050102
12.23751022106482,0,110300060201
20.078622778915193,1,110300060202
14.949485584108523,0,110300080101
44.68674066934595,1,110300110201
40.665248021200554,1,110300110202
15.99727916140043,0,110300130201
17.098838575508445,0,110300160101
10.18125659365262,0,110300170101
7.671972703168308,0,110300170102
0.25859841637162617,0,110300210101
8.900213906918088,0,110300230101
5.571608870291437,0,110300230701
18.022737329602666,1,110300230702
5.1051344737857445,0,110300260201
9.250348614061021,0,110300310101
10.109709601808623,0,110310040101
17.013001363237503,1,110310060101
15.76496107392348,1,110310060102
15.830274566237968,1,110310080101
7.558931650816568,0,110310080102
28.03280852602501,1,110310110201
16.045574566840884,1,110310250101
15.042432022742776,0,110310340201
14.238559720746421,0,110320060101
5.495181866416589,0,110320090101
17.444504682081803,1,110320150201
15.741910760920245,0,110320150202
11.333269548730847,0,110320210101
5.492392937912992,0,110320310101
23.439981174734793,1,110320310102
21.782011042418794,1,110320460101
24.54072238787894,1,110320460102
22.31827876678627,1,110320500101
26.852354670264955,0,110320500102
13.104529184467166,0,110320530102
21.13363874046226,1,110320560101
9.301054794809534,0,110320560102
7.3965623109242165,0,110320560103
8.208838365348862,0,110320590201
9.802976598918326,0,110320780201
13.879326533211902,1,110320780202
4.462604381631157,0,110320780203
11.593828135199198,0,110320780301
10.51105718247582,0,110340010201
9.46723370273272,0,110340070101
14.419155544322257,1,110340100201
13.288930091035871,0,110340100202
11.071703544250846,0,110340190201
15.656835125366724,1,110340190202
1.3700352581267392,0,110340280101
15.02305231909152,1,110340280102
14.41833417772329,1,110340370101
9.092171888409336,0,110340430201
11.769711620143914,0,110340460201
10.381383714995597,0,110340460202
9.076512325917854,0,110340520201
9.372103495687078,0,110340520202
21.31996350212007,1,110340550101
13.80931487798828,1,110340550102
8.98974520004305,0,110340610101
14.70288543976001,0,110340640201
14.646735276611867,1,110340700201
13.252347517799688,0,110340700202
11.601359944824399,0,110350070201
8.466346211400714,0,110350070202
21.49006884856579,1,110350120201
27.269009535912495,1,110350120202
19.713232811895512,1,110350250201
17.746300149790976,1,110350250202
18.047446428796725,1,110350330101
12.190878053169055,0,110350330102
12.477651975192764,0,110350360101
8.097911051926662,0,110350440201
17.238252067805185,1,110350470101
19.20831784273418,1,110350470102
8.538245786365186,0,110350550101
17.208804044928005,1,110350570101
16.862442462787854,1,110350600101
11.443128408761515,0,110350600102
7.630742418355391,0,110360140101
9.560853482009927,0,110360140102
9.730137177559882,0,110360310102
14.576738374468343,1,110360580101
24.44226183423568,1,110360580102
18.83172234439193,0,110360680101
22.625692706389238,1,110360680102
14.514029904142213,1,110360680103
0.03860908771330962,0,110370030201
21.315019224514458,1,110370050101
10.394866626772265,1,110370070104
8.825374840887186,0,110370150101
4.447814593334399,0,110370170201
7.625519304875306,0,110370170202
17.81230581566143,0,110370200101
1.3876752968492383,0,110370200103
6.189159728909692,0,110370220201
19.152003663753646,1,110370220202
12.49969480891678,0,110370240101
7.840054430337764,0,110370240102
16.95977903094571,1,110370290101
13.740812127500638,1,110370290102
19.383969010232057,1,110370340101
18.720848860952277,1,110370340102
27.20322738775423,1,110370440101
20.651973954363566,0,110370440102
8.945881029623486,0,110370490201
14.311607043816176,0,110370510201
21.805596326459387,1,110370510203
15.069588196467494,0,110370560201
7.703909352154698,0,110370560202
19.834515904791132,1,110370590101
7.517376186687404,0,110370610201
18.153282509633335,1,110370610202
18.133231098054047,1,110380100101
14.559806287125493,1,110380100102
16.042725878779386,1,110380150102
5.577873861907241,0,110380160101
7.66559449210814,0,110380160102
20.25030428225467,1,110380180201
18.916184953257037,1,110380190201
11.240354743716932,0,110380190202
15.115851695121487,0,110380210201
9.21393420411591,1,110380240101
3.608811064789058,0,110380240102
20.072698200210688,0,110380290101
19.769517818660603,1,110380300101
9.935296142742592,0,110380300102
10.160536073543039,0,110380350101
8.770125702963922,0,110380350102
11.035822188474055,0,110390060201
23.38220547225489,1,110390060202
16.186926222674614,0,110390060203
13.153097510517572,0,110390180101
3.455990081541329,0,110390180102
10.325322146280593,1,110390200101
16.835395911526586,1,110390230101
15.75256077127887,0,110390230102
20.920183459158352,0,110390400101
14.631223464267858,0,110390400102
19.444097330197017,0,110390460101
26.88612482445103,1,110390460102
5.351534166224413,0,110390520201
19.065432330494264,1,110390520202
11.608213859203683,0,110390600201
7.207009996551411,0,110390630201
23.639651224201128,1,110390710201
22.121962769781184,0,110400140201
19.823263800235395,1,110400140202
7.620877280003127,0,110400240101
19.941497574971933,1,110400240102
12.977778863397502,0,110400590201
0.6602989674580506,0,110400620101
14.831181690355503,1,110400720101
12.776243902299749,1,110400720102
15.209383626339873,0,110410030101
15.35488198870828,0,110410060201
16.437381932480875,0,110410060202
6.260193702254304,0,110410070201
7.178901735683063,0,110410070202
8.058309917221106,0,110410130201
17.122237177684276,1,110410130202
21.622238459591046,0,110410140201
15.653201770136278,1,110410150201
14.18728217319072,0,110410150202
9.068193448071957,0,110410150203
13.51141578737514,1,110410170201
15.759277824507649,1,110410170202
15.268555293186822,1,110410200201
20.248517676779286,1,110410200202
23.03565775896632,1,110410200203
9.333823153330833,0,110410210201
0.0,0,110410210202
27.136632362213597,0,110410240101
20.256537840091035,1,110410340201
11.47004743230911,0,110410340202
59.530221316102995,1,110420020101
63.000919264737135,1,110420240101
19.86039616789263,1,110420340101
32.1942800015445,1,110420450101
17.301200710631335,1,110421150301
9.658382555846334,0,110421310201
13.506000268995281,0,110421310401
48.44841176091604,1,110430460201
55.540331978375,0,110430660101
48.88404701950183,0,110430710201
48.28035338758752,1,110430810201
56.245052016130956,1,110430860201
49.58118697362004,0,110431070201
47.83989286920686,1,110431120201
43.59892311657341,0,110431120202
56.85063542296159,1,110431170201
6.259901203942265,0,110440090201
14.38953010550529,1,110440090202
13.290927354866376,1,110440130201
17.189811947636727,1,110440130202
6.773367922103931,0,110440180201
7.891653339900334,0,110440320201
16.788217369875973,1,110440320202
35.61627157666513,1,110440360101
20.26768035548076,1,110440410201
35.41813574699101,1,110440460201
19.443073697528014,0,110440640101
20.471690608040404,1,110440640102
10.377693449204271,1,110440730201
18.920415013737802,1,110440730202
25.78485295938186,1,110440780201
25.921601042061255,1,110440780202
9.282431847059076,0,110440820301
16.83590370384257,1,110440820302
6.6673144100624775,0,110440870201
11.163830473658649,1,110440870202
38.97921390425634,1,110441010101
28.631192162264156,1,110441100201
25.335843364639185,1,110441100202
47.41554554112045,0,110450060101
36.814168840664784,0,110450280201
41.64035393638377,0,110450390101
55.82033449349201,1,110450570201
28.220610989529078,1,110450870201
43.76158384672553,0,110450900201
29.30790314832284,1,110460020201
25.480365744250918,0,110460020202
23.627052174782953,1,110460030201
37.33584191855473,1,110460060101
35.758885028706466,1,110460060102
18.417559608533114,1,110460080201
21.55445715296798,1,110460100201
18.97242824844595,0,110460100202
21.223717578026466,1,110460100203
28.384446309165355,1,110460130201
6.086134771757948,0,110460160201
11.289770925127034,0,110460200201
23.34458050437534,0,110460210101
22.239678197961936,1,110460210102
51.92146131251859,0,110470020201
58.505895901538885,0,110470120101
39.644512216815286,0,110470160101
44.55852293143977,1,110470160102
61.58479974269868,1,110470610202
45.27109284297447,1,110470650201
46.610272703388674,0,110470650202
50.32152954068421,1,110470680201
52.78976141318841,0,110470750201
62.6312160448215,1,110470820101
41.017459247574834,1,110480010201
25.759757913157827,0,110480180101
1.0679752173107264,0,110480220201
64.4533340302998,1,110480470101
16.964285169180222,1,110480590201
11.432557373366299,0,110480590202
10.604194243893195,0,110480590203
39.58502744435759,1,110480630201
43.25361731662824,0,110480670201
24.998327682166362,1,110480760201
16.850048267709198,0,110480800201
7.475161224657157,0,110480880101
23.795221065063526,1,110480960201
31.955924929592367,1,110480960202
25.13514789320382,1,110490090201
35.383002630398,1,110490270101
22.844459247438895,0,110490360201
54.63300821805543,0,110490490401
23.54555919412424,1,110490580201
39.235354585721225,0,110490620201
48.663947179302895,1,110490620202
22.500557567219808,0,110490660301
26.84996071738789,0,110490970201
30.94733316669748,1,110490970202
53.303243250550445,0,110491060101
37.6590629799687,0,110491060102
50.69524470019045,1,110491100202
30.360444817962517,0,110500050201
25.979930641145657,1,110500080101
42.57419691850241,1,110500110201
29.775051962684806,0,110500110202
36.48736042001137,1,110500170201
30.2320289091361,1,110500170202
47.09188468048564,1,110500260101
55.608364980448435,0,110500260102
42.67787489450934,0,110500290301
51.71250231532875,0,110500320201
31.10604942944575,0,110500350401
61.34300700645771,1,110500470201
54.352485622355964,1,110500470202
33.317540041668195,1,110500560101
8.462238378832762,1,110500680101
13.914033735183029,0,110500680102
46.00039345390372,1,110500740201
6.826296661329367,1,110510030101
10.575025499415476,1,110510120202
18.136691918317524,1,110510120203
11.501802257047098,0,110510250101
8.67903840106963,0,110510250102
8.581816805453215,0,110510290201
11.994032166299275,1,110510290202
14.751324489468622,1,110510340101
7.251446087593185,0,110510340102
23.742647172302235,1,110510380201
23.604628132345592,1,110510380202
18.112750568246618,1,110510380203
16.754389842192698,1,110510430201
18.38957426050718,0,110510430202
3.5286070084307344,0,110510470101
7.441644219010639,0,110510470102
18.96988129711021,1,110510600201
6.579646121710661,0,110510600202
15.46773692251175,1,110510600203
22.0068783830625,1,110510650101
4.191718857326049,0,110510690101
21.64009659525289,1,110510690102
19.90412303573267,1,110510690103
12.940670900222848,1,110510780101
21.27817684456354,1,110510780102
8.44529679188883,0,110510870201
2.9138921711147896,0,110510870202
20.528322095025537,1,110510910201
12.573703983913862,0,110510910202
14.185639607345944,1,110511040201
24.21368977201577,1,110511040202
15.36855792507285,0,110520010301
21.706820279917448,1,110520010302
12.395084121250955,0,110520030201
15.475774326388628,0,110520050301
17.358867968032484,1,110520050302
26.48202004673555,0,110520070101
16.89109414071496,0,110520070102
16.85592556139504,1,110520080201
6.117641903308309,0,110520080202
18.41257640541561,1,110520090101
23.752832146998553,1,110520090102
22.26286800080627,1,110520090103
13.69247542152542,1,110520110201
15.451444624690154,1,110520120201
12.490428785140123,0,110520140501
25.17199699068149,1,110520180201
13.271747977483404,1,110520180202
27.177412004742916,0,110520190101
6.473198238424748,0,110520230101
15.161184333686528,1,110520230102
20.795291623199624,1,110520230103
14.070465533380844,0,110520240101
16.4857492943735,0,110520250201
14.377817821908323,1,110520250202
19.41140968541179,1,110520260201
15.594173734612433,1,110520260301
6.690601661502327,0,110530080201
11.30017241822356,1,110530130201
9.58945882351227,1,110530130202
12.146826330542405,0,110530240201
11.61992101666037,0,110530290201
6.194026002151112,0,110530290202
20.15189588758357,1,110530330101
15.471659105417594,1,110530330102
21.31061948203252,1,110530360202
19.69806257741091,1,110530380201
19.979834115852572,1,110530400201
13.632888605141515,1,110530450201
15.667055881466728,1,110530470201
7.444553209721725,0,110530470202
12.72387225921802,1,110530520201
12.890890760022288,0,110530540201
19.44077645187556,1,110530540202
17.76082045302758,0,110540010201
24.096093104339932,1,110540040201
18.782437168380397,1,110540080101
16.305785082562085,0,110540080102
17.44024511459407,1,110540110201
11.191852663438558,0,110540110202
13.476696692648597,0,110540180201
10.314032417321311,0,110540240101
14.845227918553835,1,110540240102
13.886085228632853,0,110540310201
9.822954338890394,1,110540310202
10.030862570685295,0,110540480201
17.56748222931744,0,110540480202
19.11072642610965,0,110540510101
36.05955798666334,0,110540650201
36.58103278680111,0,110540650202
35.8480144832004,1,110550030401
12.767668509798357,1,110550070201
12.58259359072491,1,110550070202
12.841724387242422,1,110550080101
14.20091637750697,0,110550080102
9.317305088780751,0,110550080103
6.507338686973704,0,110550110202
22.55335707137608,1,110550130201
9.696029925337056,0,110550180201
9.884314696496606,0,110550180401
19.44845794997355,1,110550190201
11.908474389073847,1,110550230201
18.57655555848153,1,110550230202
4.340317621606598,0,110550230203
11.832238807911098,0,110550260201
17.19826954120486,1,110550260202
4.596256852669257,0,110550260203
12.13273927996713,0,110550290201
19.522627993337046,1,110550290202
23.39274299678794,1,110550310201
17.831957367108018,1,110550320101
20.503154073513258,1,110550320102
28.342993076563715,1,110560020101
11.456955765539204,0,110560020102
32.89969998976204,1,110560060201
14.690396557438252,0,110560170201
43.40895680472024,1,110560190201
43.127797136839064,0,110560190202
27.174099262798517,0,110560260101
30.98402779112632,0,110560260103
26.309203875605732,1,110560320201
25.492114876468673,1,110560370201
37.03681816090857,1,110560480201
31.452369492975947,1,110560480202
16.231887131277087,0,110560500201
6.469727509055915,0,110560500202
4.122551362209305,0,110560540201
8.932988225768394,0,110560540202
10.529923461921038,0,110580030201
12.226179195141352,1,110580030202
24.81427237919563,1,110580030203
28.507191513120326,1,110580080101
15.279489077048483,0,110580100201
19.68884529073192,0,110580100202
6.634824752868369,0,110580100203
14.33088730296389,1,110580120201
20.723027224520674,1,110580120202
7.259077429121413,0,110580170101
14.012432797839367,1,110580230201
7.221254852859615,0,110580230202
10.354336729318494,0,110580260101
12.269901498951915,0,110580260102
8.450065927960791,0,110580260103
18.025527007508792,1,110580280201
15.357143126972503,1,110580280202
18.19439923198803,0,110580300201
16.842749890634153,1,110580400201
13.184292453888842,0,110580490201
13.73982756480866,1,110580490202
8.000529260819958,0,110580490203
15.722603016338605,0,110590010201
20.105026259111966,1,110590010202
7.312528931759699,0,110590050201
17.21878640366951,0,110590050202
25.31855196517423,1,110590250201
24.798554095697497,1,110590330201
18.635232486888953,0,110590330202
17.479133548486654,0,110590330301
4.704236618319578,0,110590380201
13.378427201462204,0,110590460201
2.9404125690450806,0,110590460202
7.756168749200406,0,110590460203
17.429658411147997,1,110590540201
23.159200653326906,1,110590540202
18.37635343727203,1,110590620201
11.18421316811233,1,110590620202
18.786251176365283,1,110590700201
22.11889862012973,1,110590740201
23.970986121502545,1,110590740202
20.164395232601123,1,110590740701
20.233059800730743,1,110590820201
9.688568927632952,1,110590870201
11.12765468081973,1,110590870202
1.4578475539455127,0,110590990201
18.625092120992242,1,110600040101
8.883438627533344,0,110600090101
17.863030683697595,0,110600160101
16.680287918866956,1,110600160102
19.187364238406083,1,110600180201
26.79671677137828,1,110600180202
29.10595920107581,1,110600200201
18.31022231823431,1,110600200202
13.71271625401129,1,110600230201
16.18857981280552,1,110600230202
13.653100814416518,0,110600250201
18.53815537537725,1,110600270201
10.838353213357276,0,110600270202
11.49043346796323,0,110600340201
14.624620154602018,1,110600340202
1.5668291524951812,0,110600360101
18.10889170476317,0,110600360102
21.453757391986006,1,110600410201
8.953222882248067,1,110600460101
14.660190897938257,1,110600460102
12.62063710081336,0,110600550101
8.17167504686081,1,110600550102
24.411273285168793,1,110610090101
12.707960932729591,1,110610130101
9.490845153359913,0,110610160201
27.159829440728775,1,110610180101
23.51590470769588,1,110610200101
18.424606982729983,1,110610200102
13.027210592173335,0,110620010201
13.919434152498972,0,110620010202
15.579288207445305,0,110620030201
16.156414842468358,1,110620030202
1.4928017756050274,0,110620040301
25.474848998088444,0,110620060201
35.624654057917255,1,110620070201
26.10964972915736,0,110620070202
20.03166872391651,1,110620100201
22.09817969467858,1,110620100202
8.481115898452044,0,110620100203
21.54354680379001,1,110620120201
3.583512171397155,0,110620120202
27.882993043830584,1,110620140401
21.333124739553227,0,110620140402
24.16274212690717,1,110620170201
28.110459560263486,1,110620170202
14.804973716334011,1,110620200101
5.535686502473842,0,110620200102
8.57737715522232,0,110620200103
36.47849349009851,1,110620210401
28.623718803317143,1,110620290201
21.548362774882936,1,110620290202
9.736894773007418,1,110620320201
15.347216912007333,1,110620320202
22.20066595368562,1,110620340201
18.980606506535104,1,110620370401
22.726420759445364,0,110620390201
26.022335108133362,1,110630020201
25.343446375132928,1,110630020202
29.572814468764264,0,110630040201
23.135713937891904,0,110630040202
10.913431215462886,0,110630060201
17.048978664133173,1,110630090201
10.234786579589038,1,110630090202
5.035780478290904,0,110630150202
13.446894536479345,0,110630160201
19.490008085021156,1,110630180201
10.789468099508355,1,110630190201
9.06035888919113,0,110630200201
16.977396952695017,0,110630200202
2.525274871375723,0,110630260201
21.763107368878956,1,110630280201
14.454519555590055,0,110630280202
27.18679548893184,0,110630290201
16.34600052031991,0,110640050201
15.669695095302181,1,110640110201
17.598691601651954,0,110640110202
10.713644014692846,1,110640150201
8.702694635023152,0,110640150202
39.06325181603545,0,110640190101
44.14870150330671,0,110640190102
5.735595500701013,0,110640210201
14.598829582003498,0,110640210202
12.661932767128313,0,110640210203
30.89668461808772,1,110640250101
28.210829712863795,0,110640250102
41.90423665059775,1,110640250103
18.811004568373583,1,110640300201
21.21398425111097,1,110640300202
28.36709398349346,0,110640340201
31.542043926904967,0,110640340202
18.610921739954463,1,110640360201
6.401715329413352,0,110640360202
19.284702422019752,1,110640400201
21.983302173488696,1,110640400202
23.196007109810733,0,110640460201
24.3153443127108,1,110640460202
29.91602844719243,0,110650060201
34.497234155982596,1,110650060202
19.726114342035636,1,110650150101
29.548926534841613,1,110650190201
19.380531114558234,1,110650280201
29.71027226520001,1,110650310301
8.200538989668212,0,110650410201
12.543318383409668,0,110650410202
10.488373391661664,0,110650570201
6.917706369924607,0,110650570202
15.468834613718933,1,110650570203
29.0555636109652,0,110650600201
29.409094292792002,1,110650630201
21.856156176391313,0,110650630202
9.93932028050455,1,110650690101
16.07108010275654,1,110650760301
16.252092830033874,1,110670040201
16.715143536907917,0,110670040202
9.548769676189195,0,110670150101
27.06364390460717,1,110670290101
15.028613817374243,0,110670290102
6.688700492038402,0,110670460201
13.432686285668918,1,110670500201
21.715616649795287,0,110670530201
6.940489292723688,0,110670600201
21.333205692662265,1,110670640301
8.837070484235184,1,110670670201
15.331756748802333,1,110670670202
5.26922374249933,0,110670670203
15.44119629411374,1,110670710201
27.233347968928957,1,110670740201
22.867461420522762,1,110670740202
15.209266695137144,0,110670810101
10.474672150897742,0,110680010201
10.064380734023118,0,110680010202
18.839771004824183,1,110680030201
23.378754096011434,1,110680040201
14.40973982981364,1,110680050201
30.452949005030277,1,110680070201
13.570559868841416,1,110680090201
0.9419420518518926,0,110680090202
20.989277192725297,1,110680100301
8.391709454288378,1,110680130201
17.14132792777454,0,110680130202
22.648350291737138,1,110680130203
9.420363502189693,0,110680130204
5.1462486917487045,0,110680140201
6.23201665442573,0,110680140202
9.136043415934145,0,110680160101
9.276482438535236,0,110680160102
20.672162743047394,1,110680160103
14.58233882219799,1,110680170201
5.119888350686736,0,110680200201
12.08407709287193,0,110680210201
10.376570882949121,0,110680210202
28.208389184878357,1,110680230201
18.217655267303584,0,110690030101
23.404640139541584,1,110690030102
21.40169177508149,1,110690070201
31.950203904594087,0,110690160201
28.024174465982423,1,110690160202
14.145259618952448,1,110690530201
24.66371466482626,1,110690530202
15.305973184456938,1,110690530203
18.69833601823089,0,110690940201
14.02353976489756,0,110690940202
52.465701353243716,1,110690980201
14.610425126150227,0,110700010201
18.34083562754534,1,110700010202
36.05361049104233,1,110700090201
16.619022479197618,0,110700110101
35.9407764816541,1,110700110102
25.07289765337116,1,110700160201
30.307524405175123,1,110700160202
20.554941103902557,0,110700160203
33.28729573466358,1,110700190201
7.115226190394554,0,110700210201
5.520207958929521,0,110700230201
16.97278883935954,1,110700230202
16.758023551467083,1,110700240201
3.6540649085717867,0,110700240202
16.340959062593807,1,110700310201
18.555550165795477,1,110700320201
13.860394056251964,1,110700340201
14.202356142391892,1,110700340202
41.836901548935955,0,110700360201
17.811085562420935,1,110710120201
16.67720681181732,0,110710120202
6.09047388295033,0,110710120203
11.025695306981484,1,110710150201
14.672098225593205,1,110710180202
22.81703678800327,1,110710210201
17.45087788039585,0,110710210203
21.80935573766736,1,110710240201
9.171363936610945,1,110710240202
10.268277648664117,0,110710360201
6.701415560722635,0,110710360202
13.1171303047847,0,110710390201
0.0,0,110710390202
35.140293368068555,1,110710420201
36.0626381464833,1,110710420202
16.56446973010418,1,110710450201
23.31337390436454,1,110710450202
10.406464713832959,0,110710570201
18.110739444747086,1,110710600201
3.310122117412879,0,110710600202
9.39856878113484,1,110720090201
7.406067174628747,0,110720090202
14.636095857759088,1,110720110101
7.904235424709351,0,110720110102
8.985068679761019,0,110720120101
12.896254010915548,0,110720120102
10.93158559844576,1,110720140201
16.867254890558208,0,110720140202
12.353361828565097,0,110720150101
13.597265383621522,0,110720150102
26.031507532281047,1,110720150103
16.5058708221666,1,110720180101
16.571216207046632,1,110720210101
4.519596481523647,0,110720210102
22.154444990537577,0,110730030201
24.197787598366595,1,110730030202
35.375793059762955,1,110730150201
45.69037091691939,1,110730150202
26.405047602470464,0,110730280201
15.205732050019073,0,110730280202
31.314901147629328,1,110730310201
34.99358709952326,0,110730310202
31.606382977258537,0,110730340201
58.9925973085664,1,110730370201
60.52158609498377,1,110730420201
54.762969347778956,0,110730420202
42.40115062116109,0,110730550201
50.127472439782586,1,110740050201
57.20611453598533,0,110740500201
61.4242200244322,0,110740700201
50.03854911665055,0,110740780201
50.98770777580335,1,110740780202
55.856869089938954,1,110740830101
59.04923238479094,0,110740910201
64.4468666259264,0,110740910202
53.51430594020076,0,110740940201
58.167532747626296,1,110741050101
61.431284294649736,1,110750300201
48.574607427615675,0,110750330201
57.96031280695675,0,110750380201
54.05984019701613,1,110750530201
3.5668934762760403,0,110760050201
15.269720984248051,1,110760070701
1.9414988801964501,0,110760070702
11.201234130495742,1,110760070703
13.842657076469141,0,110760110201
10.46551194938172,0,110760110202
18.322292667830236,1,110760110203
16.992205545340163,1,110760140201
3.4521342990016457,0,110760170101
20.76346902130085,1,110760190101
22.368718036536308,1,110760230201
21.507242010228406,1,110760230202
15.657337050329478,0,110760250101
8.936756928846831,0,110760250102
20.282603414962452,1,110760290201
7.363478449857391,0,110760320201
1.2860839087335894,0,110760320202
15.733416966472388,1,110760340101
20.10167448584726,0,110760380201
9.696862804126313,0,110760430201
6.958785196607121,0,110760430202
13.656006446489496,1,110760450201
39.353378330824846,0,110760490201
17.898207503344004,0,110760550201
12.048678533881594,0,110760570201
50.03703364362553,0,110770070101
42.147936621039605,1,110770210101
36.24554027589242,1,110770210102
43.572152596691375,1,110770260201
40.613932036142785,0,110770260202
38.90286865899073,0,110770370201
49.27341864398779,1,110770520201
42.34299625872802,0,110770560101
44.30567668720263,1,110770560102
60.141673600042544,1,110770610201
59.14664778745476,0,110770770101
60.98751730705028,1,110770770102
59.17448070399617,1,110770770103
47.0844324867469,0,110770810201
39.296919824729954,0,110770960202
52.97322085664768,0,110771130201
50.798194763069496,0,110771280101
17.212521656551296,1,110780060101
8.927438838002475,0,110780090201
11.562245556240445,0,110780120201
19.006110638401438,1,110780120202
14.201829954445396,1,110780150601
14.473105961494992,0,110780220201
18.630191916853512,1,110780220202
26.294643888732217,0,110780240201
23.686193932044297,1,110780240202
12.71285284447443,1,110780270201
12.989796138124435,0,110780270202
27.56938082651776,1,110780360201
20.89906496139606,0,110780360202
22.596319600280935,1,110780430201
20.346354716296716,1,110780460101
19.893884606190475,1,110780530201
32.37766410947141,0,110780560201
39.02114419407366,1,110780560202
9.315920574968866,0,110780590202
15.588295560504518,0,110780690202
37.83155949233751,0,110790130101
42.90306315173167,0,110790180101
40.24982576751347,1,110790400101
49.520302083635144,1,110790400102
54.80680320346467,1,110790450101
44.10621180544156,1,110790500101
51.86927669423708,0,110790500102
29.12314307640431,1,110790570201
28.261419007302383,0,110790710201
55.141186371002455,1,110790850201
9.474492597086265,0,110791040101
15.35109678815541,0,110800040201
11.596349371575915,1,110800130201
11.242838565116958,1,110800130202
16.078271226373438,1,110800130203
14.52688342277111,1,110800180201
17.84890374571077,1,110800180202
21.441274126613244,1,110800270201
4.80876578871111,0,110800270202
24.64135590054174,1,110800410201
8.627075860839998,1,110800460201
10.796682942714874,0,110800550201
9.911996901747068,0,110800590201
14.036955324207586,0,110800640201
15.97513375867771,1,110800690201
5.335336488289522,0,110800780201
15.21820749370697,0,110800870201
15.237832690533825,1,110800920101
10.682952169694683,0,110800920102
3.975882252060237,0,110801050201
8.316498187673538,0,110810020101
7.523293992195239,0,110810020102
13.758427605020524,0,110810020103
0.0,0,110810030201
13.729495246982324,1,110810030202
11.297498722188294,0,110810080101
13.210065574504704,0,110810100201
21.49538582167662,1,110810130101
14.510206027864543,1,110810140101
6.946173130281893,0,110810160201
7.165795102133686,0,110810160202
20.244211711608227,1,110810180101
13.790667151981271,1,110810270101
19.327357025383037,1,110810270102
12.838781588061346,1,110810290201
21.193993906931368,1,110810290202
13.390621474473313,1,110810290203
15.897924001911747,1,110810350201
13.216672357746097,0,110810350202
10.29422922029633,1,110810370101
12.109925181744703,0,110810370102
10.103240955590792,1,110810390201
12.974092786667136,1,110810390202
7.189125905860183,0,110810520101
14.482379300196612,1,110810530101
18.55941868293121,1,110820050201
14.700524165865112,0,110820050202
6.682042115895804,0,110820100101
10.157464127582383,0,110820100102
13.213264450337382,0,110820160101
4.125310917015498,0,110820180201
13.84851634935624,1,110820180202
21.97534746901362,1,110820210201
11.753255476749105,0,110820210202
11.852607527197925,0,110820210203
23.194616487626263,1,110820360201
10.288165604352887,0,110820360202
15.666058558789976,0,110820390201
15.158645700722772,1,110820420101
19.184446411202458,1,110820420102
13.237839424239024,1,110820440201
6.801443882675999,0,110820530101
7.926150611668298,0,110820530102
13.42006494128476,1,110820530103
8.585920216942235,0,110820630201
20.388282755270605,1,110820630202
9.620454966396924,0,110820650201
7.5404623836595235,0,110820650202
18.484115195424557,1,110820650203
24.52824601548354,1,110830020101
25.117741534396433,0,110830040301
8.693014272338798,0,110830050101
14.799563884690318,0,110830130201
11.480775984203271,0,110830130202
7.769498190703548,0,110830140201
13.195470017101634,0,110830140202
49.889161052126006,1,110830160101
6.122590906343668,0,110830240101
14.124800249889747,1,110830270101
25.539764042080304,0,110830290101
13.168491711189002,0,110830320201
17.764041540314544,1,110830350101
9.611385363317206,0,110830350102
36.23512878748428,1,110830360201
35.488654605519486,0,110830360202
14.921912915923045,1,110830380101
9.741032560752124,0,110830420201
8.788638330311924,0,110830420401
13.203483369114679,0,110840040101
13.707113593448334,1,110840070201
10.338619233863431,0,110840100201
5.489655786872117,0,110840100202
19.873622519507975,1,110840120101
13.386156646338662,1,110840120102
25.21475790901798,1,110840230201
25.85427075417156,1,110840230202
13.115531005872297,0,110840280201
17.041093716071416,1,110840330101
10.078820914986276,0,110840400201
10.898824573688726,0,110840400202
3.7374813304096035,0,110840450201
10.768158899397097,0,110840460201
18.378607990181788,1,110840460202
16.994107700769597,1,110840490101
15.074382843534075,0,110840490102
12.68346211101102,0,110840680101
20.291554581183142,0,110840680102
27.280615753320326,0,110850030201
15.434918059047654,1,110850090101
15.529940536840716,0,110850140201
17.203033088124855,1,110850210101
19.83354577394725,1,110850230101
10.592178998372265,0,110850250201
13.83449507837552,1,110850300201
10.703390569857472,1,110850320201
4.8211221653655,0,110850340202
15.53294617970342,1,110850370201
13.141998606592058,0,110850370202
17.36565859162676,1,110850450101
15.573893446169068,1,110850450102
15.171391849361335,1,110850480101
10.49495495172349,1,110850480102
37.86491410019097,0,110850600201
3.9754575490593496,0,110860060201
14.116560335994098,0,110860090201
8.598550059201102,0,110860090202
15.122169923927999,0,110860090203
13.193238949747613,1,110860150101
27.318497679167734,1,110860150102
0.0,0,110860180201
9.116635744517271,0,110860180202
11.44056822269365,0,110860210101
15.96591358556321,1,110860210102
11.070642238648865,0,110860410101
2.841020711888251,0,110860470101
24.65051498502171,1,110860470102
13.936881623061542,1,110860500201
12.571659682139671,0,110860500202
12.186643248306796,1,110860500203
9.429478075601434,0,110860530101
22.90101521200482,1,110860550201
14.4357723796963,0,110860550202
6.58446765472671,0,110860580101
13.195465647705959,1,110860650201
18.440762417859183,1,110860710201
14.88537396805399,0,110860710202
12.073054371668515,0,110860760201
11.821865045455853,0,110870120101
12.233581300384959,1,110870120102
18.70408083541778,1,110870170102
18.22622408457505,1,110870240101
16.604455662143955,0,110870290101
12.572020910452164,1,110870490101
9.286751842737178,1,110870570101
17.677577890913565,1,110870700201
7.785936817721165,0,110870700202
14.700756951674524,1,110870740101
11.301688092354096,0,110870740102
15.62563091433389,1,110870780101
14.220548654823585,0,110870850201
18.59602896251888,1,110870850202
23.248173596924087,0,110871000201
32.1365993777565,0,110871000202
16.68084953303884,0,110871040301
11.879768224458147,0,110871040302
35.14395942575824,1,110880010201
20.37576091799433,0,110880010202
14.4990809141735,1,110880050201
16.893002134074134,1,110880050202
34.218195809903285,0,110880200201
37.174876763199926,1,110880200202
18.85388594899469,1,110880220201
12.942246455961886,0,110880220202
8.325813225011817,1,110880280201
9.68665458298885,0,110880280202
38.915547880018515,1,110880340101
25.51002189818351,1,110880340102
17.25545206709264,1,110880590201
51.73135631535553,1,110890340101
59.05574497891772,1,110890380201
28.000893635872288,0,110890500101
59.907288656745784,1,110890720101
51.73916882528264,1,110890760101
50.88179279424299,1,110890760102
61.04961962595873,1,110890830101
45.841552565493224,0,110890930301
57.95788690403087,0,110890980201
5.153389824281142,0,110900070101
16.589284114437294,1,110900140101
7.991756518860684,0,110900160201
9.178695959982887,1,110900160202
12.512959238645092,0,110900260101
21.00909688273803,1,110900260201
24.028548056271937,1,110900280101
7.6336125546519575,0,110900460201
20.94699008379439,1,110900510201
7.332214140064929,0,110900540201
14.52400516584013,1,110900580201
15.360911061239719,1,110900580202
25.669033800615004,1,110900580203
18.886639861295944,1,110900630201
22.697371438604847,1,110900630202
22.803462302981597,1,110900630203
14.299779729968215,1,110900670101
13.505809292157199,0,110900670102
14.936204741924492,0,110910080101
17.239094293116032,1,110910100201
16.993577981189734,1,110910120101
12.303557595993151,0,110910120102
20.851809706674796,1,110910190201
2.975711862962445,0,110910190202
19.022779377022673,1,110910230201
12.693784150765135,1,110910260101
5.462890499696858,0,110910320201
18.518240693025025,1,110910320202
17.00647150922045,1,110910400101
6.536744388800437,0,110910440201
21.20205207485805,1,110910460201
14.309608478690564,1,110920040101
18.552621895426263,1,110920110101
21.336531678304237,1,110920170201
13.268427117803677,1,110920200201
14.885427748903805,0,110920230201
0.0,0,110920390101
14.29659764437937,1,110920390102
8.3369080390487,1,110920450201
14.778565385069355,0,110920480101
15.212877484379177,0,110920530101
12.52153551639808,0,110920560101
17.33443605479342,1,110920670101
9.062837368198183,0,110920670102
17.20179959822659,1,110920720101
3.2153482374580227,0,110930020201
14.188626511311762,1,110930020202
20.63662915085007,1,110930070101
8.421054716772119,0,110930090101
8.724349126707295,0,110930180101
22.25982340895942,1,110930180102
15.645661056496976,1,110930180103
15.146384200132767,1,110930220101
18.97690509643013,1,110930240201
19.699294082644442,1,110930270101
16.438943907865422,1,110930310101
12.356584679722445,0,110930310102
10.44796568584897,0,110930330101
18.099050195716632,1,110930330102
22.116251997014842,1,110930360101
4.475828530514066,0,110930360102
11.433921312907268,1,110930430201
15.275421953952378,1,110930430202
6.5550067657882884,1,110930450101
14.562110101097952,1,110930450102
26.671869708032197,1,110940040101
8.967583798605903,0,110940040102
7.610735523100743,0,110940120201
16.78975832336534,0,110940120202
5.414823686702352,0,110940150201
21.19369535632056,1,110940150202
9.852621283919987,0,110940170201
9.91132504371658,0,110940210201
23.42917404611306,1,110940260201
7.0507538727043855,0,110940260202
20.036891794517924,1,110940360201
14.973960296290732,1,110940360202
18.303596653645258,1,110940370201
8.707588711290185,0,110940400201
13.374407516779367,0,110950060101
14.62800196644697,0,110950060102
13.856245996331953,1,110950080101
17.268572344047513,1,110950120101
23.64685843937549,1,110950120102
8.152169241728545,0,110950130201
10.800962072438274,0,110950130202
12.171964422977751,1,110950150201
8.70382144062406,0,110950170101
9.002831847180861,0,110950190101
5.800031273837365,0,110950210101
16.27557699689912,0,110950210102
7.832756693148092,0,110950210103
5.090564667752251,0,110950220101
13.070145466158813,1,110950250201
17.140689104343913,0,110950250202
9.225492523321869,0,110950260101
10.330510431823322,0,110950260102
34.57000666646155,1,110960050101
30.365315106980233,1,110960050102
54.018448681319335,0,110960200101
40.5204074972171,0,110960290201
51.0801157305852,0,110960290202
57.92936728448313,1,110960540101
57.34683512075819,1,110960540201
59.91185294671296,0,110960790201
62.69244476856376,1,110960790202
50.11082350207816,1,110960830201
2.780584317768329,0,110970050201
22.89976740589338,1,110970050202
15.804110679259553,1,110970080101
13.635073850692002,1,110970080102
20.996520196445083,1,110970130201
15.396983981253939,0,110970150101
9.793029860941036,1,110970220201
21.32374177653021,1,110970230101
12.621698999980152,0,110970260101
7.63176263023014,0,110970270201
12.478546896934771,0,110970310201
18.756768499651933,0,110970310202
12.159080797331821,1,110970320201
0.5204857182942675,0,110970470101
14.287241833742659,0,110970600101
19.576950072735464,0,110970680201
25.443251489314193,0,110970680202
13.252017453447843,0,110970760101
18.99342344790037,1,110970790201
42.16186366586305,0,110980010201
32.81009154679022,0,110980100101
6.621903557041673,0,110990070101
11.842598542540227,0,110990140101
6.3580230700421305,0,110990140102
14.006241625936283,1,110990190101
14.358134082414466,0,110990220101
17.886120736221184,1,110990220102
29.167888927968306,1,110990300201
22.297311163392067,1,110990370101
2.166348031597498,0,110990410201
13.685346930334088,1,110990440202
22.096786099141774,1,110990510101
20.102841218274733,1,110990620201
18.97863726572741,1,110990620202
22.127617764752063,0,110990650201
24.360914002407903,1,110990650202
21.519995920194873,1,110990690201
15.812730646665752,1,110990760201
12.138878473444839,1,110990760202
10.02134452129203,1,110990900201
9.313949516448385,1,110990930101
11.01531083095264,0,111000090101
13.843546441935432,1,111000250101
0.2827544513201765,0,111000300201
19.27992061557267,1,111000300202
7.595353532329507,0,111000330101
28.066723937567236,0,111000450201
35.21279920128702,0,111000450202
15.857542294360323,0,111000470501
25.574625164100336,1,111000520701
20.53718150329372,1,111000550101
32.100987380654225,0,111000600201
31.9839927323493,0,111000620101
36.11634903334235,1,111000620102
14.911601062735835,1,111010110201
22.928920916457557,1,111010150101
16.015677516950866,1,111010150102
16.815227565365124,1,111010340201
9.282028443924723,0,111010380201
14.896929557109619,1,111010500201
12.610968403521246,0,111010500202
16.71040473173626,1,111010540201
11.773261914788364,0,111010570201
15.894421850412083,1,111010600101
13.564468709591099,0,111010640201
13.258647110278707,0,111010810101
17.925692823936227,1,111010870201
14.90725171295991,1,111030050101
16.33486307193687,1,111030080201
13.542567290374965,1,111030120201
13.18461884737745,1,111030120202
17.64357927305505,1,111030240201
13.440373376407726,1,111030340101
15.661422642606535,1,111030490201
10.708391857456292,0,111030490202
18.90707493309845,1,111030510201
20.47286888752015,1,111030510202
18.410397377777027,1,111030510203
15.512586544637411,1,111030540201
7.74783142735371,0,111030540202
19.00210846952347,1,111030540203
13.007865239511375,1,111030610201
20.38933901245114,1,111030610202
17.702167302742517,0,111030730201
10.072383282319077,0,111030730202
11.222389483591963,0,111030790101
11.827701515288005,0,111030790102
17.773667910273513,1,111030790103
19.5078925470979,1,111030820101
17.616364408123957,0,111030820102
7.20713373314401,0,111030890202
21.66255098195297,1,111030890203
11.764365866471264,1,111030920101
39.45839111551956,1,111040010201
16.002834994052066,1,111040040201
13.347906965479634,0,111040040202
24.88688119303439,0,111040130201
37.92439914957861,1,111040200102
38.22138101452258,1,111040350201
30.398612645822972,0,111040350202
34.23489261395934,0,111040660201
36.71494501542769,0,111040660202
11.612950892585177,0,111040710201
10.32673635550061,1,111040850101
40.78613459788717,1,111040890201
55.48884766998335,1,111050030101
51.5042484634555,1,111050450101
58.6474790854175,0,111050510201
51.529781785365685,0,111050570201
58.47110401549439,1,111050670201
58.67669705661801,0,111050740201
37.42582802083347,1,111050870201
28.108478730964798,1,111050870202
58.6442567072545,0,111060060101
38.66839661755499,0,111060080201
29.25943492944527,1,111060110201
32.832953183195684,1,111060110202
63.09410144490732,1,111060250101
34.433875763432425,1,111060280201
33.710201231746275,0,111060390201
36.70818434378726,1,111060390202
48.32698667765745,1,111060440201
50.133159134112105,0,111060440202
60.51329448640198,1,111060470501
33.2645920979538,0,111060630101
14.649013025698412,1,111060660201
7.818195320284428,0,111060660202
22.592142694729976,0,111060740201
46.28401914920721,0,111070160201
56.67228630862483,0,111070190101
54.93736479284738,1,111070190102
46.38138492602272,0,111070310301
65.0982699213731,1,111070350101
55.92791969318881,0,111070500201
64.45458883868918,1,111070500202
54.10392875389696,0,111070620201
52.19823256747225,0,111070660101
45.55455265442845,1,111070730201
43.86394688157979,1,111070730202
45.43504442894832,1,111070730203
33.62012840703999,0,111070730204
46.341370298817836,1,111070770201
61.73742634045859,1,111070980201
60.24620100606473,1,111080070101
60.629367169104036,1,111080070102
57.3119922838864,1,111080240201
61.829706019475324,1,111080350201
36.776623822842595,0,111080610201
54.50433397930079,0,111081100201
39.83412016140712,0,111081290201
61.220300429438254,1,111081340201
65.03644481285495,1,111081340202
58.550526169987364,1,111081400201
56.051191540993294,1,111081560101
49.65300054471729,1,111081560102
39.106583922967864,0,111090150201
47.463961683982696,1,111090300201
47.72978540848013,1,111090300202
34.05417923350745,0,111090660201
32.75116313446426,1,111090790201
29.77265974753949,0,111090790202
32.97172240978268,0,111090850401
33.31404122197676,1,111091050301
42.98643383844389,1,111091050302
51.67522380423288,1,111091090201
45.89949866121044,0,111091090202
49.784820797687026,1,111091110201
45.46637149017644,0,111091110202
39.12702642302287,0,111100050201
17.237306600469722,0,111100140201
16.888841411845636,0,111100140202
16.61425923676006,1,111100170101
17.89477285461382,0,111100170102
27.66328579858077,1,111100210201
45.33173132711296,0,111100280201
23.826603859781162,0,111100520201
28.28316355449751,0,111100520202
57.79794786041442,1,111110150101
24.423215141085116,0,111110470101
33.35617194408919,1,111110550401
58.24057739592686,0,111110590101
43.76066866481531,1,111111000101
59.80634601633197,0,111111030201
48.06941185999772,0,111120660201
50.7153327562949,0,111120750201
55.09051478126286,0,111120950101
59.73981136212003,1,111120970201
38.676978002240205,0,111130130201
43.74252754259029,1,111130610201
52.94831802531209,1,111130740201
49.44662162063627,0,111140490201
51.02741685204718,1,111140560201
53.70798870199344,1,111140720201
41.89654632183697,1,111140790301
59.33741826732365,0,111140870201
55.12303205097165,1,111140870202
62.43705092805582,1,111140870203
46.858296542288514,0,111150340201
42.107387752796825,1,111150390201
41.199160532076334,0,111150500201
43.68472318880828,1,111150560301
40.13897702447267,1,111151010201
37.21978920620759,0,111151220201
32.35662457656237,1,111160040201
34.76046538380422,0,111160110301
34.11005616674869,0,111160320101
52.133154340483415,0,111160710201
4.8256476178135035,0,111160830201
41.59880314407513,0,111170050201
51.8110356729219,1,111170070201
38.25682254734437,0,111170070202
40.23250526989768,1,111170070203
36.15702530508789,0,111170320201
42.52280230590018,1,111170320202
14.948439396029855,1,111170510201
60.86656303970422,1,111170600201
34.5596820662703,1,111170630201
31.522052417301882,1,111170740101
45.64980385806784,0,111180060201
50.404216190241286,1,111180060202
23.656918500396646,0,111180170201
29.92287354442277,0,111180170202
55.7946115213603,0,111180210901
44.13138078027696,0,111180240201
33.573664857773565,0,111180240202
53.890178216620015,0,111180310201
47.86774478579566,1,111180310202
34.70044891260767,0,111180350701
37.70583974354132,0,111180350702
28.271151255431946,0,111180490401
23.994647499532167,0,111180580101
22.80878652342794,1,111180580102
37.55595766729934,1,111180690201
22.14099519996047,0,111180720201
52.40289981373229,0,111180800201
34.76516707434806,0,111180880201
26.472432145958134,1,111180930201
26.62932235698853,0,111190410201
27.443852128922142,0,111190410202
48.709311592674794,1,111190540201
52.31904591827954,1,111190540202
37.5191273745084,0,111190580201
35.33568337910922,0,111190850101
40.90400385400494,0,111190930201
51.762231039596685,0,111191020201
16.783605849317414,0,111200070201
12.463182329702821,0,111200100201
29.109344422346936,1,111200100202
34.711370703298044,1,111200320201
27.823081508854507,1,111200320202
22.527700371770646,1,111200410201
13.032639839858788,0,111200410202
31.240404987433138,1,111200530201
16.074114552036793,1,111200570201
41.60549655059747,0,111200920201
52.386168187479704,0,111200960101
39.79525130360666,0,111210170101
51.49224373200509,0,111210270101
62.617310290808796,0,111210550201
7.797117287371975,0,111210650101
34.43784578347746,1,111210790201
34.95052799267691,1,111211080201
37.170650483551576,0,111211130202
21.594586102963312,1,111211180301
14.662413405217656,0,111220040201
13.051125734701364,0,111220040202
35.047932403481866,1,111220210301
32.270702365854554,0,111220210401
45.28956871859995,0,111220210402
39.83822909366906,1,111220290201
49.7177181724255,0,111220550201
28.147604611908346,0,111220590201
24.308271618673892,0,111220650101
9.20447284057332,0,111220700201
18.228652722255212,1,111220700202
51.13449775560822,1,111220780101
11.689523905862146,0,111220960201
4.073964076814071,0,111220960202
41.892669450960135,1,111221140101
48.57457842644883,1,111230050201
10.556640617210599,0,111230220201
8.570018189819029,1,111230220202
31.477032958188257,1,111230410401
27.80896939834747,1,111230490201
52.64781683663695,0,111230580201
50.266640091857475,1,111230580203
40.325506004840804,0,111230920201
45.50444634070312,0,111230920202
21.93325334984689,0,111231030201
19.760923973717293,0,111231030202
39.54929458296968,0,111231180101
42.93912600719768,0,111231180102
48.46418278680617,0,111240040201
50.63323115538638,0,111240040202
52.97175892435412,1,111240040203
10.62952478353821,0,111240070201
13.336031903099599,0,111240090201
38.39756875220156,1,111240180201
24.61217908220389,0,111240210201
49.039724919006304,1,111240310201
42.21256730805901,0,111240310202
44.74196241951681,1,111240500201
41.05232149590578,0,111240500202
38.235019783299215,1,111240650201
58.75149744679515,0,111250200101
53.34319572558439,0,111250230201
24.472067344588613,0,111250400201
41.431922420264776,1,111250440101
35.40224837527993,1,111250630201
27.537333421247073,1,111250630202
19.55975942285056,0,111250700201
21.024234815700744,1,111250870101
16.194150214251174,0,111250910201
26.999830288485924,0,111250940101
40.48178936363869,1,111250970101
24.603797146804688,0,111260080201
23.2110765338358,0,111260080202
17.22012055062922,1,111260120101
49.952276269485566,1,111260210101
48.28291902455989,1,111260210102
36.25447522815601,1,111260370201
33.45593785174152,1,111260370202
30.764922325466895,1,111260390201
25.195804010337124,1,111260440201
38.495718736875375,0,111260460201
12.852936087960934,0,111260560101
24.937041739989095,1,111260560102
37.87819258076765,0,111260650201
53.686944548724306,1,111260660101
42.85268951751349,1,111270140201
8.23921442066366,0,111270490201
28.3891849560201,0,111270580201
31.876083235726274,1,111270580202
26.078974484021863,1,111270630201
23.09115327629349,1,111270630202
20.163035780541804,1,111270760201
26.11246531942344,1,111270800201
14.197582635683041,1,111270800202
15.607971012607702,1,111270850201
15.541021127808463,0,111270850301
16.623963920477756,0,111270940201
5.353054999426794,0,111270980201
29.23985384731612,1,111271070201
56.68980270077639,1,111280010201
38.59754608075801,0,111280380201
38.66793944665696,0,111280430201
37.112625969630734,0,111280460101
44.28098489017079,0,111280520101
47.459278642469584,0,111280640201
55.307374578670824,0,111280690101
41.32474116112838,1,111280740501
36.536936155480205,0,111280800201
49.678358426549444,1,111280800202
37.587646580967785,0,111280800203
32.22033888496,0,111280850101
29.532132026299145,0,111281130201
55.8885457504171,1,111281310101
60.78095572326082,1,111290030201
32.5490093866373,0,111290290301
45.01209906867901,1,111290350201
23.745705744481842,1,111290410301
30.811299673231225,1,111290410302
21.281227353670005,0,111290510201
26.76547876444024,0,111290510202
20.53976424333952,0,111290670201
25.680328498767725,1,111290670202
40.37240276928195,0,111291030401
28.38053321448763,0,111291160201
42.43954589103532,1,111291340201
43.803092419574874,1,111291340202
53.762938591571604,0,111291410201
34.052213152868546,1,111300120201
40.988034933238445,0,111300180201
45.62125731508757,1,111300180202
42.2518972937969,1,111300340201
51.00496660547853,0,111300340401
38.61759633187423,1,111300370101
32.01602737035577,1,111300500101
41.226196725089494,1,111300500201
36.097446848551414,0,111300670201
9.052754991765614,1,111310050202
32.48006035177053,0,111310170101
20.200903485517504,1,111310220101
12.714299164996948,0,111310220102
26.620014127208762,1,111310510201
32.424709748794285,1,111310510202
19.97466076600405,1,111310560201
18.30067992104242,0,111310560202
13.617223957616229,0,111310620201
19.821923655645207,0,111310790201
31.085042167353684,1,111311240201
19.6103801331371,0,111311240203
36.11293768037457,1,111311300201
31.582497998060102,1,111320100201
11.199841644829995,0,111320100202
20.016590225294067,0,111320140201
21.951141806991544,0,111320140202
15.26428268471285,1,111320230201
8.024719146284506,1,111320230202
24.814726966275703,0,111320340201
40.320879608899865,1,111320380201
26.096151115752864,0,111320380202
38.12907613662158,1,111320470201
44.362382272229546,1,111320520201
49.31995873536292,1,111320520202
28.35851279033272,0,111320710201
20.95430327101246,0,111320750101
17.85206509153079,0,111320750102
31.348364436622106,1,111320750201
33.166587520159524,1,111320800701
16.534874639222814,1,111320850101
24.48372236352698,1,111320850102
9.404424808244224,0,111320850103
25.65829329691916,1,111320900201
44.49920769561195,1,111321070301
29.481193155393413,0,111330010901
34.551523777578105,1,111330090201
36.677360766057326,1,111330210301
19.805052417541063,0,111330260201
27.709648379107172,1,111330430201
30.12300034384237,1,111330510201
23.189977579490733,1,111330510202
31.423474229175433,0,111330510203
13.63447245697913,1,111330550201
9.719755839913715,0,111330590201
11.239395627615425,0,111330590202
15.739003392542838,1,111330590203
37.15342090232992,0,111330720201
13.226349538142195,1,111330830201
11.556620643677018,0,111330830202
13.787136254429116,1,111330830203
1.948162630853039,0,111330910101
9.537914623416912,0,111340040201
14.417637740037659,0,111340040202
29.33189613550646,1,111340160201
22.240396350228316,0,111340160202
9.976332814907819,0,111340160203
29.002555543957726,1,111340810201
15.042792599697009,0,111340810202
25.07461378981241,1,111340870301
32.973578696727955,1,111340940401
26.832242034425633,1,111341150201
47.25249085389394,1,111341370101
43.50868789485792,0,111341370102
25.07998603999141,1,111341400201
21.180600462067556,1,111341410201
45.26951487222434,1,111341480201
58.45640978980472,1,111341520101
62.66910357230848,1,111341520102
36.237408187569166,1,111350050201
11.43150300616998,0,111350050202
30.27955182818529,1,111350100201
37.32238773861356,0,111350190201
45.181857241051524,0,111350240801
49.73828957971576,0,111350370201
43.059978870716876,0,111350420201
26.07518008218565,1,111350740201
25.326866619595833,0,111350780201
33.45479106662977,1,111350830201
38.65463089909613,1,111351010201
40.40358386802835,0,111351060201
40.90186167518017,0,111351060202
34.60636467328161,0,111360270201
23.90770758104335,1,111360360201
43.08556889129261,0,111360410101
29.587255222038362,0,111360410102
41.8704889305165,1,111360410103
39.629011120542955,1,111360460201
15.974592502133763,0,111360500201
28.622779994171175,0,111360700301
24.02598020664914,1,111360781101
26.88784530765762,1,111360781102
24.6851333913636,0,111360820301
16.835600284466278,0,111360920101
19.97736065723318,1,111370170101
42.090062736643674,1,111370220201
51.004213297849034,1,111370330401
37.617205617696925,0,111370331301
26.81238759550112,1,111370450201
34.48866255427746,1,111370450202
27.008916956339387,0,111370500201
30.862308537442694,1,111370500202
34.55409945878831,1,111370550201
38.630658482965835,0,111370600201
50.025622969183694,1,111370710201
39.85171987669972,1,111370710202
34.0151938373011,0,111370770201
32.74648207733816,0,111370770301
49.81352995363786,1,111370770302
49.51687259540345,0,111370820201
51.32746926622381,0,111370820202
34.717316646155346,1,111370930101
25.638764008372796,0,111371100201
31.466068429546446,0,111371100202
41.58537814714941,1,111371300101
38.684460924399936,1,111371300102
29.479294723936157,1,111380100201
14.349624430276851,0,111380220201
18.99572647107242,0,111380220202
35.91387743708516,1,111380260201
32.40549621152995,1,111380350201
28.005797252555094,1,111380430201
13.017784339129939,0,111380500201
25.55199661951099,1,111380500202
16.778118371811594,1,111380560101
24.275079518156264,1,111380820101
21.47867484494248,0,111380910201
24.37212663733788,0,111380910202
34.30857130346458,0,111380980201
20.68410457636844,1,111381020202
15.893514360081394,1,111390090201
17.45850007846894,0,111390140201
12.190674891991446,0,111390140202
20.193232732618508,1,111390140203
16.6296987886304,1,111390180301
26.00417651327319,0,111390230201
38.078911257946565,0,111390230202
25.325204405586074,0,111390420201
32.20632705089247,1,111390420202
26.656280939120883,1,111390440201
27.518698793198194,0,111390440202
26.803949516395416,1,111390520201
42.947596864097854,1,111390550101
18.467281311895725,1,111400030201
39.6922045902288,1,111400120201
34.61777168831861,0,111400120202
27.03612672029137,0,111410010201
37.558255530505164,1,111410140201
41.61156545251416,1,111410140202
28.826299723771516,1,111410190201
32.835729953578635,1,111410190202
16.931195523036422,1,111410300201
17.058564043717187,0,111410300202
27.13526705106149,1,111410360201
11.85547408858475,0,111410360202
17.679064135316175,1,111410410201
12.708417457299609,0,111410410202
40.89711748656035,0,111410460201
57.93757417134114,1,111420010201
49.14897831069633,0,111420040201
50.35790009567922,0,111420100101
47.76452883548512,0,111420120101
43.01353793768828,0,111420150101
42.309239015360276,1,111420150102
33.14319231765643,0,111420150103
47.421162724867784,0,111420220101
57.821845426063845,0,111420270101
53.75905666536445,1,111420270201
47.14940784658415,1,111420310201
53.09921445342576,0,111420340201
43.60005757343326,0,111420370201
49.01649488214192,0,111420370202
51.44944104765459,0,111420430101
61.12570998723834,1,111420540201
52.70146992345591,0,111420540202
61.9996233535981,0,111420560201
60.47141063362055,1,111420560202
41.14548556294879,0,111430170201
56.52217362759756,1,111430260201
46.26720516117654,0,111430260202
55.58976041066994,0,111430320201
41.1843410508817,0,111430690201
36.61004004455852,0,111431060201
55.967546060084025,0,111431090101
58.73871660751865,1,111431090501
13.23391008393029,0,111440020201
24.265332134628466,0,111440060201
46.11699717776496,1,111440110101
48.68132065203583,1,111440110102
41.12139700915905,0,111440150201
31.844669526664234,0,111440150202
39.092173766438776,0,111440450201
40.980581277652455,0,111440450202
26.96124380626956,1,111440560202
37.02973747776092,0,111440690101
41.28456018564618,0,111440690102
46.84313573948381,0,111440880101
56.7721686200902,0,111440990201
61.57821694568929,1,111441150101
12.445253856159496,0,111450450101
25.144067396441223,1,111450690201
20.78242987174381,1,111450690202
20.54566757522202,0,111450790201
18.60762051707313,1,111460130201
20.145707284189353,1,111460130202
15.77753988772647,0,111460150201
18.548982559414682,0,111460200201
17.776366140311325,1,111460210201
13.729409865206298,1,111460230201
11.963266803480003,1,111460230202
13.702333374195074,0,111460250201
13.237946787404264,0,111460330201
14.396141103428103,0,111460330202
25.14861093674791,1,111460330203
23.267796178987382,1,111460350101
24.382464421635333,1,111460360201
17.788972574431188,1,111460360202
26.369437209635784,1,111460360203
24.604546839839642,1,111460410201
62.83794107451043,1,111470040201
29.49540383344176,1,111470240301
35.338640309650735,0,111470280301
30.33861418046036,0,111470310201
21.263047782284172,0,111470310202
41.12167534011008,1,111470390201
47.497450436765895,0,111470460201
41.814992941303466,0,111470460202
58.17673908923197,1,111470610201
57.69048613484572,0,111470850101
58.31253216978344,0,111470990101
54.161792327746305,0,111470990102
54.56109768300823,1,111480290101
49.10626117533801,1,111480470101
36.57469757177312,1,111480900201
44.91269386670908,1,111481000201
45.307385323912044,0,111481000202
39.51641925731741,1,111481320201
42.452307770543456,1,111481320202
60.22195593210238,1,111481380201
45.011014868236224,0,111481430201
5.05451502884145,0,111490070201
14.2427770384428,0,111490070202
9.380226941253587,0,111490110201
22.61163154509441,1,111490160101
12.40429626078034,0,111490220101
17.91414328467514,1,111490220103
23.203220768224195,1,111490270201
18.903558735610908,1,111490270202
15.14930624523653,0,111490290201
23.237583895548465,1,111490310201
14.256222607607155,1,111490360201
8.572697678999544,0,111490360202
20.739064265574736,1,111490410201
25.02163106720793,1,111490410202
9.986607986414914,0,111490440201
36.12210827282594,1,111500070201
16.36168121817276,0,111500070202
55.23544229271746,1,111500150201
45.79253193532681,0,111500150202
45.48044568014734,1,111500360101
30.33744506148446,1,111500420201
32.88992300313831,1,111500540101
33.60309602224818,0,111500660201
27.179876015103783,1,111500660202
27.176923129080347,0,111500780101
29.927426970914365,1,111500820201
41.498337302179955,1,111500820202
26.850431650681173,1,111501160201
15.027976939331877,0,111510150201
23.32125068964894,1,111510150202
13.814829256078346,0,111510180201
9.85775444318609,0,111510180202
17.59221775363197,0,111510300201
26.5435139467927,1,111510300202
12.237502343872027,0,111510340201
12.793060505374012,1,111510340202
14.49069676662398,0,111510370201
12.788230981278945,1,111510370202
20.205716568883325,1,111510370203
4.910838041724359,0,111510400201
21.35229861828237,1,111510400202
14.24760577938219,0,111510430101
16.031921878189447,0,111510430102
19.693566213293344,1,111510590201
16.594129520019905,0,111510590202
23.691764494535484,0,111510590203
15.049724569050937,1,111510620201
8.997120466491426,0,111510620202
11.098090477002907,0,111510680201
11.436408453037387,0,111510710201
18.906409643130456,0,111510710202
20.696093822886084,1,111510750201
18.143148009560065,0,111510750202
7.672027021898647,0,111510780201
10.540560013693966,0,111510810201
9.943050738565814,0,111510810202
28.531081243342356,1,111520030201
10.864498246051635,0,111520040201
23.30778634661745,1,111520040202
17.94837911438301,1,111520050201
23.920825552442913,1,111520050202
29.76906594294976,1,111520080101
46.27549230755501,0,111530010201
38.891982553646244,1,111530010601
47.975912265527256,1,111530050201
20.663091880260545,1,111530080201
28.209409717928462,1,111530080202
26.105230767854344,0,111530080203
26.69697452578683,0,111530100201
23.899441810775574,0,111530100202
34.5979299681999,0,111530280101
48.82504639671022,0,111530330101
39.094208884656005,1,111530370301
37.18125947690157,1,111530430201
30.342131715210982,0,111530430202
26.742204457456396,0,111530430203
33.04903101907277,1,111530460201
46.557887871389696,1,111530510101
43.77117959555317,0,111540010201
34.99769677789586,1,111540050201
36.199477322437396,0,111540050202
44.88057845748167,0,111540170101
37.93910330304253,1,111540350101
14.930227568397402,1,111540430401
28.818660020961048,0,111540510201
18.24718759172179,0,111540530201
5.861033045341432,0,111550020101
26.60771606401595,1,111550020102
8.489862125720366,0,111550040201
13.893194753401655,0,111550040202
15.547472502443593,0,111550040203
9.958062011426609,0,111550050101
16.027771214771953,1,111550080201
3.559789141808685,0,111550090201
13.262414793518523,0,111550090202
9.791538979893815,0,111550100101
11.686168614280886,0,111550100102
2.813525678912363,0,111550110201
20.27724548650374,1,111550120201
17.137208890481993,1,111550150101
16.861924176394275,1,111550150102
10.806033889665523,1,111550150103
9.488946516554385,1,111550170201
5.240560986001407,0,111550170202
11.674215877391052,0,111550180101
4.237707401722157,0,111550180102
15.136004624353873,0,111550180103
6.809435272165124,0,111550190101
14.122927572654833,1,111550230201
9.712554439989216,0,111550230202
22.724501885565452,1,111550230203
8.21634128001112,0,111550250101
13.145811012415162,1,111560080101
10.264035658199996,0,111560080102
13.950536076070591,1,111560160101
17.084186365660365,1,111560180101
7.8763361046493765,0,111560190101
15.854311612829695,1,111560200101
5.634251397029446,0,111560240201
12.85501784008286,0,111560240202
5.642516833194779,0,111560290201
6.97796569615732,0,111560330201
4.507571856828675,0,111570070201
14.033016489209253,1,111570140101
4.115198322928389,0,111570160201
9.495242512218201,0,111570250201
8.15042047267728,0,111570250202
24.12372889191338,1,111570300101
21.936944897561077,0,111570390101
10.480489721037571,0,111570390102
12.461232017257233,0,111570390103
16.64386727176796,1,111570410201
16.958017310007882,1,111570410202
13.825798452668238,1,111570440201
4.435773763535294,0,111570440202
17.4958983202989,1,111570460201
7.483281670675225,0,111570460202
9.753323403007686,1,111570490201
9.952286934685317,0,111570490202
10.097262613692578,0,111570490203
19.00978159969553,1,111570640101
25.6076477725051,1,111580100501
30.462454272862324,1,111580390201
35.14288756319229,0,111580440201
26.58986421344459,0,111580550101
5.528306998889759,0,111580740101
24.66542633583253,0,111581090101
10.578733933943752,0,111590040201
20.87748672893573,1,111590090101
9.84318037638671,0,111590140101
6.578243043718926,0,111590280301
13.950459084686557,1,111590340101
17.541227236380564,1,111590340601
9.884009562179255,0,111590340602
7.927179353912953,0,111590410201
17.279737031860115,0,111590430201
22.039242074130733,1,111590510201
4.691402460366115,0,111590510202
4.799240347734261,0,111590510203
23.207342658353404,1,111590530201
5.23828460284753,1,111590560201
13.889009983960108,1,111590560202
15.185539182912636,1,111590600101
11.828281419940701,1,111590600102
4.084127340079149,0,111600020101
21.065809555291978,1,111600020103
12.205813162821043,0,111600080101
19.53498830932986,1,111600110201
9.609492888209113,0,111600110202
11.221491901036831,0,111600140101
14.028324586288262,0,111600140103
11.591769015680288,0,111600190201
6.060335711470756,0,111600220101
8.254622044760556,0,111600230201
7.719485584030466,0,111600290201
31.50977834609005,1,111610050201
46.86982221075106,0,111610140401
18.693017176905524,0,111610230201
54.307199720450576,1,111610760101
50.38425859604828,0,111610890201
40.77049450188015,0,111610890701
21.23424619037706,1,111611000201
29.23446143757129,1,111611110201
47.34716289312676,1,111611170201
34.33424657328111,0,111620020201
38.49414712970383,0,111620020202
18.494184679110813,0,111620080201
42.83690504068341,0,111620110201
53.60824634293437,1,111620110202
28.934312856331033,1,111620190101
22.745897479051564,1,111620360201
40.152172592888505,1,111620380201
37.944573152392984,0,111620380202
37.97535405733112,1,111620410201
23.51675525846245,0,111630070101
53.847508876570295,1,111630180201
42.429370869521215,1,111630280201
47.014082972313524,0,111630280202
51.94596948532358,0,111630330101
54.358738866818975,1,111630540101
50.176507240952,1,111630980201
53.29817759749581,1,111631130201
33.18001020064634,0,111640010101
24.3625779167943,0,111640250101
34.76079696178805,0,111640290301
21.443386740513272,0,111640460101
40.83319286730305,1,111640480201
27.825368226760073,0,111640570301
45.08106637936943,1,111640600201
20.266206491375616,0,111640760201
62.948199049985966,1,111650020201
60.573630283267335,0,111650160101
51.462157272647026,1,111650400101
46.841249852583076,1,111650490201
41.77533879041535,1,111660050201
50.45354515673622,1,111660110201
41.8199002491435,0,111660160101
52.75844001286326,1,111660410101
48.75855459238849,1,111660410102
35.570894172304115,0,111660470201
19.390519665225625,0,111660550501
59.05418067290428,1,111660700101
28.860636750903726,0,111660880101
36.91524954612193,1,111661000201
54.4576047679466,0,111661200201
51.273717348946505,1,111661310201
43.28899326438277,0,111661310202
45.03778526280943,0,111670040201
30.687447457835482,0,111670090201
39.574347017662745,1,111670150301
38.81428529751813,1,111670200101
38.78522557412031,0,111670200102
40.14237251959568,0,111670330101
38.9754227859073,1,111670380201
12.992681065199768,1,111670640101
12.071717699221722,1,111670640102
36.487160478926604,0,111670760101
39.983347787792674,1,111670970201
48.452659582011684,1,111671030101
42.81919258102001,1,111671090201
32.62099295716898,0,111671200203
0.0,0,111671260201
20.01526275096247,0,111671360201
16.6568413017857,0,111671360202
37.28131347562897,1,111671410201
42.71637577199747,1,111671410202
26.152154714141957,0,111680100201
32.964728198036894,1,111680100202
55.8320271601513,0,111680160301
58.70072613794322,1,111680160302
22.91472675219667,1,111680290201
26.009928897202872,0,111680320101
29.01852280839163,1,111680320102
10.846295609026676,0,111680380201
52.96681097960311,0,111680540701
51.514805088160095,1,111680630201
50.96550633462851,0,111690070301
54.041569616322676,1,111690120201
38.90061340685612,1,111690130101
25.862213070911032,1,111690170301
32.10380905471322,1,111690190101
29.36021606425864,0,111690190102
37.06585242012362,0,111690200201
39.51314693490939,1,111690200202
30.399956355488474,1,111690250201
42.96525584724858,1,111690250202
49.29801482310162,0,111690260201
42.42813179556708,0,111690260202
48.13732970697501,1,111690300201
54.60873757124908,1,111690300202
41.13062968989598,0,111690320701
14.567163354138106,0,111690360501
14.727115196364668,0,111690360502
13.95763910793885,0,111700020201
18.09813231492891,1,111700250201
30.661577601424433,1,111700250202
22.360980928506137,0,111700280201
31.96452552301719,1,111700400201
24.128494217096573,0,111700400202
27.76984225619724,0,111700400203
14.274989115044903,0,111700490201
29.728517555206693,1,111700800801
20.840415188169544,0,111700800802
47.20902368740601,1,111700900101
26.06011073031908,1,111710050201
17.45550293645773,0,111710050202
22.504462156814114,1,111710050203
52.250740803684224,1,111710110201
42.59062251037904,0,111710110202
44.35156527801564,1,111710140201
36.8331655667045,0,111710140202
40.618067929943905,1,111710170201
41.197047355511735,1,111710200801
41.63341946644541,1,111710200802
36.745085797830576,0,111710230201
18.62269592889983,0,111710290301
20.94894066953367,1,111710320201
24.968949069760118,0,111710320202
41.54287072399499,1,111710420201
12.501916347171345,0,111710480201
25.360289300236918,1,111710480202
17.245716419147513,1,111710570101
54.42256376951359,0,111710690201
40.66196193498366,1,111720030101
42.799680555996666,1,111720060201
55.42381156344192,1,111720160201
58.27658303170701,1,111720160202
61.02020979138155,1,111720200101
54.51065658274197,1,111720330101
32.25768515357034,0,111720360201
32.16369796390848,0,111720530201
22.815672653396785,0,111720570301
34.521612574868996,1,111720700201
62.0587499736758,1,111730010201
46.56134290324367,1,111730090101
47.90318627422293,1,111730210201
43.266068525761014,0,111730380201
37.39388393760999,1,111730380202
52.20153840441077,1,111740010401
49.7447519124721,0,111740070201
27.91050931435482,0,111740140101
26.614362797568397,1,111740330201
47.24075745722507,1,111740350101
53.17623768801756,1,111740350102
48.385341503224126,1,111740380201
34.62596649990161,0,111740400301
39.22346778861741,1,111740400302
40.712041449801724,1,111740400501
46.815481164136365,0,111740460601
39.56462579474034,0,111740460602
54.620540275045975,1,111740510201
50.54994845844552,1,111740510202
48.10007478266077,1,111740510203
25.048633078570123,0,111750070101
49.38503534295246,1,111750090201
25.244959222853165,1,111750190201
33.09602005541477,1,111750240201
30.66103925307906,1,111750240202
21.71904292347125,0,111750310101
32.683090358766464,1,111750400201
29.72315299962272,1,111750420201
16.44774802665375,0,111750420202
30.867151679945444,0,111750470101
18.52323559402057,0,111750490201
29.52867748364437,1,111750520201
20.93081119308294,0,111750520202
28.807190061735085,0,111750570201
18.924780639519483,0,111760030201
53.226273747980706,0,111760320201
15.16989349763415,0,111760350301
11.3122282454455,0,111760350302
36.990869043133166,1,111760390201
32.396224550152276,0,111760390202
10.324191691853061,0,111760500101
44.12791254584219,1,111760570201
47.840427805310156,1,111760640201
20.580829918615088,1,111760750201
18.907471235663795,0,111760790101
15.497967121813108,0,111760820201
22.843840754027173,0,111760820202
8.194186222417766,0,111760860101
12.131729693877837,0,111760860102
40.226868286868964,0,111760890201
57.835482880007646,0,111760890202
32.936298284074006,1,111770030201
37.12198382139899,1,111770030202
58.584266110238474,0,111770130201
32.09423770187114,1,111770190101
51.627183520974555,0,111770360301
19.986995424437836,1,111770390201
49.2151129047097,1,111770450201
41.32401001032489,0,111770490201
49.45458064280641,0,111770650201
39.3420035409876,0,111770650202
55.187644991224595,1,111780070101
59.625651434426196,1,111780420201
56.20020917325271,0,111780600201
59.62168298600828,1,111780670201
52.37127823080201,0,111780700101
51.69203286431486,0,111780700102
49.926558397251284,0,111780740101
66.50040434578489,1,111780740102
47.17279326197146,1,111790300201
49.65658311460665,1,111790450201
66.64684573341393,1,111790630201
67.13697165234477,1,111790740201
56.40567605230664,0,111790780201
64.1088932183173,1,111790810201
38.48147598413715,0,111790890101
33.935390395833366,0,111800170201
33.55427513400855,1,111800170202
58.642613871067965,1,111800300201
51.47897588658198,0,111800330201
61.85776496589273,1,111800330202
59.152565938011236,0,111800570201
55.16498492910124,1,111800640201
53.84169903530078,1,111800640202
51.27618441099097,0,111810080202
58.162673564289385,0,111810100101
58.37553034555547,1,111810330101
57.0217403205251,1,111810360101
48.62490668469765,0,111810410201
61.224820573776334,1,111810410202
62.52820271230593,1,111810430201
43.12623613347425,0,111810480201
49.2577466228958,0,111810540201
60.87291581944899,1,111810610201
41.00167703570052,1,111820080401
57.17057955954292,1,111820230201
54.94737710022216,1,111820230202
55.200745354797796,0,111820280201
50.423178714071526,0,111820280202
52.059169422636266,0,111820370101
62.025947033722375,0,111820370102
52.32533589008546,1,111820420301
64.85972741593943,0,111820420302
36.678451618989804,1,111820470201
35.24727319954917,0,111820810202
43.25376041332699,1,111821000201
23.862053864917925,1,111830020101
32.77204548639181,0,111830070201
50.429152287062955,1,111830250201
48.2364420368647,0,111830390201
34.447969948282235,1,111830530101
45.60806737319137,1,111830730201
33.95307474250513,1,111830770201
31.51729209922984,1,111830960201
54.151161330968876,1,111831140101
45.63678659391387,1,111840060201
25.237376047471823,1,111840290101
17.249967902177318,0,111840290102
27.311197633902623,1,111840290103
31.87004015884232,0,111840480201
38.81658214303172,1,111840610402
41.41066876801085,0,111840740201
49.7053480670123,0,111840800201
13.387612015220288,0,111850030201
33.66288909976167,0,111850060101
36.418807359952424,1,111850200201
26.328448961665067,1,111850280201
61.04600493010387,1,111850310201
41.47301122238251,1,111850370201
36.66497030944292,1,111850400201
49.863603912015186,1,111850430101
48.80372385424673,0,111850540201
37.245109492895,0,111860320201
48.76821338189717,0,111860400201
43.818885470191084,0,111860900201
49.0713375420084,0,111860900202
40.50777959252612,1,111870030201
41.115562554009216,1,111870030202
32.99062838934919,0,111870090201
34.2334838993622,1,111870320201
36.19705840941452,1,111870340201
26.381563412094657,0,111870340202
22.01343700415543,0,111870360201
30.303132061918262,0,111870460201
16.690317554436927,0,111870500401
36.33913718020764,1,111870520201
54.64206529574362,1,111880040201
65.99152177046422,1,111880100201
53.74424546925931,0,111880100202
50.245521735335515,0,111880150101
62.14325130959508,1,111880310101
54.0919845108755,1,111880390202
52.47392437525608,0,111880530201
63.25039470125874,1,111880530202
49.482595654612425,0,111880610201
58.88516967808927,1,111880660601
35.09602921249024,0,111890050201
36.435268981839165,0,111890050202
56.64601536217577,1,111890270201
27.05646583805447,0,111890300201
31.50517127118697,1,111890300202
29.523313087613477,1,111890410101
48.03601822828088,1,111890500201
27.45852321214301,1,111890530201
27.224346765277367,1,111890530202
34.74952956313814,1,111890670201
60.22136098599387,1,111890700201
33.14239304201136,1,111900050101
18.449125467444837,1,111900280201
22.32741160563963,0,111900280202
21.323566015854404,1,111900280401
15.356310624101493,0,111900280402
34.42541933689753,1,111900300201
23.9358544107084,0,111900300202
12.741396281911095,1,111900320201
38.561248035564525,1,111900340101
57.66849921771558,1,111900410201
18.11751668508952,0,111900430201
26.199869101490165,1,111900520201
23.421767433991306,1,111900520202
24.845756120160523,1,111910010201
24.530069355740764,0,111910060201
24.86395950425953,1,111910080101
56.383732726664775,1,111910140201
26.10734916846389,0,111910190401
28.70463235589463,1,111910190402
49.30545437015052,1,111910230201
50.30913149406381,1,111910250201
49.674295367834134,0,111910280201
43.13299024788237,0,111910500201
44.94002067067664,1,111910500301
36.88244416959871,1,111920090401
27.161707259169855,1,111920160501
7.403651879018198,0,111920440101
8.011454950367138,0,111920510201
35.23035034708704,1,111920550201
28.190004672806044,1,111920620201
47.89342592813449,0,111920730201
21.727523458847948,1,111920760201
51.738444713917424,0,111930340201
56.17732057375064,0,111930340601
50.963534462304295,1,111930810201
42.196583590748446,0,111930850201
46.850599008314134,1,111930850202
41.308071191394255,0,111940050201
58.2816616012785,0,111940090201
39.26603352666491,0,111940420101
44.6131598153235,0,111940510201
62.610348914829814,1,111940530201
58.45039321861043,1,111940550201
60.30115107878096,1,111940570201
55.66465798768913,1,111940600101
47.64949003041882,0,111950030201
51.84212343202452,1,111950030202
12.701587947855872,0,111950070201
41.504353589772,0,111950120201
14.072102640805834,0,111950160201
20.252307568266563,0,111950250501
38.97288124956951,0,111950330201
24.86863299641607,1,111950420201
35.53797540073787,0,111950550301
53.536976030394385,0,111950600201
30.03904063330547,0,111950640401
21.329083549782073,1,111950730201
16.058551659483893,0,111950730202
47.2203522872526,0,111950770201
46.8840710558955,0,111950770202
43.73499089911295,0,111950810201
31.158412537888466,0,111950950201
42.31800266778778,1,111950950202
45.26102965682128,0,111950990201
48.527461543689206,0,111951030101
13.812767963570701,1,111960040201
43.18224866610952,1,111960130201
41.7030997379665,0,111960170201
52.96863393122052,1,111960170202
40.98061714332303,0,111960250301
42.92803247093353,1,111960380201
23.14863511230807,1,111960420101
6.929445156706392,0,111960420102
39.8302197263786,0,111960460201
33.07324110418605,0,111960460202
27.23540251203553,0,111960630202
23.665600691636342,0,111960790202
46.72333868211531,0,111960830201
38.61950906582386,0,111960880201
54.16593015626705,0,111970010501
28.25664180298597,0,111970140201
44.59060126691779,1,111970290101
44.559949436498925,1,111970290102
11.986978829411607,0,111970400101
21.947360587099542,1,111970400102
35.21137617130005,0,111970480201
35.80346937473733,1,111970480202
41.37390067591307,1,111970500101
33.13768028085886,1,111970550201
34.02542175015797,0,111970550202
39.531547944751104,0,111970580401
52.49781729206029,0,111970630301
47.29313274356021,1,111970630701
31.801716834774826,0,111980060201
13.104930858832535,0,111980110101
9.084075951185573,0,111980110102
51.53845863514105,1,111980160301
58.37556970807711,1,111980270201
61.44392921203546,0,111980270202
43.02773261723055,1,111980320301
27.076721919313908,1,111980370101
24.749478086875826,1,111980440201
26.713605705010863,1,111980440202
37.6813425843319,0,111980510501
36.093431796559734,1,111980530201
42.21178147070374,1,111980530202
40.85747325169616,0,111980560201
26.686018568332784,1,111990030201
19.045386029255205,0,111990030202
12.233329951854612,0,111990110201
8.25889544855922,0,111990110202
26.633355616087194,1,111990190601
24.42934192771466,0,111990191101
19.180168899833625,0,111990191102
26.547408076076593,1,111990191103
28.10032848950426,0,111990240201
32.7737011621461,0,111990240202
25.573777911942223,1,111990280201
43.52689762988755,1,111990440301
43.53974180144442,1,111990440401
43.7360900185106,1,111990440402
40.21388089502407,0,111990570201
34.29552755216182,0,111990610201
43.763384533070024,1,111990610202
25.752328332579232,0,111990780301
39.26804271809367,0,111990940201
17.97500546993009,1,111991030101
30.968149937846484,0,112000140201
19.822419282303677,1,112000160101
14.696491460272647,1,112000160102
20.616041149339832,1,112000170201
29.309858814727022,1,112000190101
35.433154609499795,1,112000200401
51.47618969268879,0,112000310201
38.348682690155414,1,112000340201
57.24981181464726,1,112010010201
34.72578038593887,1,112010190201
36.582599855757564,1,112010190202
56.23918043292676,0,112010330201
56.27387897707471,0,112010460201
62.537836276865036,0,112010460202
57.907965015016686,1,112010610201
53.65803321486205,0,112010610202
49.03202235750382,0,112010850201
46.665618100829796,1,112010850202
39.12529083650924,0,112011140201
48.24744364827242,0,112020270201
48.900252855917635,1,112020270202
53.388677997150225,0,112020350201
55.451384774046694,0,112020350202
37.02008377272943,1,112030380201
36.03567694642193,1,112030500201
32.84495209932856,0,112030500202
51.19549346701902,1,112030580201
53.93605202345736,1,112030760401
43.30904719068318,1,112030810201
45.06605288093736,0,112030910201
44.12454899733409,0,112031280201
46.40811769367072,1,112040090101
63.05657036776712,0,112040190201
50.413183599349146,0,112040190202
49.40871710050994,0,112040420101
58.586520577302515,1,112040600201
31.20349423664542,0,112040860201
61.07423089936244,1,112041020201
41.086983815538375,1,112041190201
60.05538648846737,1,112041210201
49.0164261555516,0,112050060201
55.537812613434774,1,112050130201
29.246691217269095,0,112050320201
34.70337616467279,1,112050320202
49.71307627563906,1,112050390101
35.41087821421747,1,112050420201
54.34741742225156,1,112050720201
27.251411625901998,0,112060050201
28.194597543098332,0,112060050202
34.05431484787172,1,112060050203
12.44416922787769,0,112060090201
18.288168211171843,1,112060090202
8.667456447356958,1,112060170101
6.771745803982279,0,112060170102
28.664999446416196,1,112060170201
23.553949813694054,1,112060330201
44.45975476515644,0,112060370101
45.54210740903763,1,112060370102
44.79393043571133,0,112060490201
49.809421011964815,0,112060490202
45.66126387883621,0,112060490203
43.181324456036315,0,112060570201
12.046027800445174,0,112060690201
20.474635005333887,1,112060690202
16.823352814644974,0,112060690203
27.189904906264708,1,112060940201
20.80878405803069,0,112060940202
12.889041655299144,0,112060940203
12.132625077883821,0,112070040301
22.829629439915948,0,112080050201
26.704329074474014,0,112080110201
39.38935862469591,1,112080110202
45.74593788525477,0,112080160201
49.77513313897447,0,112080160202
35.92436735196537,1,112080190101
22.61821564880951,1,112080220101
17.92657834397351,1,112080380201
34.55035000472141,0,112080410201
34.36232343595895,0,112080490201
45.729063007085145,1,112080490202
17.01906019540451,0,112080520201
17.38651641413305,0,112080520202
15.882101342722894,1,112080550101
17.592984932868582,1,112080550102
33.47597835744702,0,112090050101
55.129986312313164,1,112090350201
55.48684082725144,0,112090460201
51.95026772327797,1,112090530101
58.583879410997284,0,112090530102
63.51341414812222,1,112090600201
57.136552758412996,1,112090600202
25.14888672752241,0,112090670301
25.562501834336704,0,112090670401
43.147510023132504,0,112090750201
26.36519485222293,0,112090780201
43.310551376398806,1,112090820201
27.0986292040921,1,112100570201
30.63536919416258,0,112100570203
34.80684866234436,0,112100740201
47.63968444323277,1,112100740202
35.88656498038507,1,112100780201
25.928322339650745,1,112101040201
20.832817207635735,0,112101040202
22.673101917150344,1,112101080201
13.101925113712948,1,112101080202
13.826416888399775,1,112120020201
20.91296956086718,1,112120020202
14.425937070881846,1,112120110101
24.22630911566843,0,112120140201
29.25434815841046,1,112120210201
13.366153649674485,0,112120240201
19.79600412671596,1,112120240202
14.489260279462473,1,112120370201
14.454273607003586,0,112120370202
14.804425598078005,0,112120400301
17.71883412159761,0,112120530301
17.405586782298048,0,112120600201
9.001083594563905,0,112120760201
24.014913415178988,1,112120790101
24.712381579127108,1,112120790102
36.69631036619364,0,112130090201
28.88437237100665,0,112130210201
33.097798605751535,1,112130210202
30.820692967899397,0,112130250201
38.34390051933532,1,112130290201
37.82551049228973,1,112130410201
45.635295309880334,1,112130410202
34.72367922513719,0,112130570101
41.287075591284896,1,112130570102
24.173414504467136,0,112130610301
30.257437037735123,1,112130650201
44.05344823824978,1,112130730301
45.429483675036664,0,112130730601
24.33453476013889,0,112130770201
17.87457081642306,1,112130850201
35.74881931642783,1,112130850301
29.422673451958907,1,112140020201
21.587573453913876,0,112140020202
23.385427911950913,0,112140050201
11.311477507212249,0,112140080201
25.99194514368551,0,112140160201
8.416028758432061,0,112140290201
39.355156505734854,0,112140340401
66.48417720591321,1,112140370201
33.91932448057206,0,112140390201
41.5121287496283,0,112140390202
32.37528544670513,1,112150100201
23.494079340442145,1,112150200201
26.05425150490133,1,112150200202
10.879047537941302,0,112150230301
33.06449755447514,1,112150260201
15.164211100427917,0,112150310301
42.561566510250294,1,112150330201
39.1701674266527,1,112150330202
39.230546250976694,0,112150360201
12.752878233042042,0,112150520201
25.724525456601036,0,112150540201
53.29921390791701,0,112160190101
21.42347876313692,0,112160290101
57.03619145424605,0,112160330101
56.68602224480152,0,112160330102
40.54039383218146,0,112160400101
44.15436024320978,0,112160400102
43.42624760418258,0,112170050201
6.544568779173211,0,112170160201
18.45134389823553,1,112170190201
47.67583052451746,0,112170380201
55.326589498991154,1,112170430201
29.290644359136955,1,112170540201
31.099284722876,1,112170540202
38.661762266096524,1,112170640201
19.6876015602023,1,112180040201
19.974732327336483,0,112180180201
32.18703756381721,0,112180190201
33.47337541620462,0,112180190202
24.60584102912663,0,112180220101
10.939353924733336,0,112180290201
9.682435545341233,0,112180290202
16.725972088000905,1,112180290203
37.15970530911732,1,112180310201
17.13749159373377,0,112180350201
15.516090130153914,1,112190040201
13.740470607860825,1,112190040202
16.497983204599254,0,112190070201
11.132934214449634,0,112190070301
11.549991806348904,1,112190100201
22.00927046496034,1,112200020201
15.440973435177145,1,112200020202
22.298173499881806,0,112200060201
16.55192311911907,0,112200080201
16.694943955163964,1,112200080202
10.159197802479241,0,112200130101
18.660730547081343,0,112200280201
33.525275331942034,1,112200410201
21.709585024519818,1,112200450202
22.915572021691688,1,112200450203
29.303167059026826,0,112200520201
22.67758164049302,0,112200520202
25.509684193948438,1,112200520203
33.258291872207735,0,112210070201
38.83011652713993,0,112210070202
48.29652666679708,0,112210130201
24.787985743326736,1,112210230201
18.517979534657147,0,112210270101
28.168094929618434,1,112210330101
37.347849329279015,1,112210390501
31.951430975026437,0,112220020201
50.35306023445983,1,112220020202
17.81578718426578,1,112220050201
59.73278981625436,0,112220270401
43.44522142360404,1,112220320201
52.142740953759784,1,112220350201
40.94024169553826,1,112220370201
22.060668007286253,0,112220530201
34.70275107446189,0,112220560201
31.98719067461179,0,112220560202
22.364040282921486,0,112230090201
50.099968021466786,0,112230200401
50.84404639414152,0,112230200402
24.149889775236534,1,112230310102
29.771431612648158,1,112230310103
34.918306786081715,1,112230380301
30.853353724732624,1,112230380302
35.00715210604214,0,112230450201
25.69008189990758,0,112230520701
32.49164013509697,1,112230520702
6.87825082469803,0,112230560101
28.858835881314395,1,112230590101
35.23606289928775,1,112230590102
34.53243465927111,1,112230660201
34.16041312172863,0,112240030201
51.93112998969039,1,112240070201
41.765218321396226,1,112240120201
40.67981321529921,1,112240120202
54.42842211171219,1,112240200201
52.57627938646837,1,112240200202
41.29846777104102,1,112240250201
54.69732502749692,1,112240330201
58.532674420386336,1,112240330202
59.04408486008482,0,112240380201
54.600385166804735,1,112240840201
58.366021678410405,0,112250240201
58.501828614379356,1,112250270201
54.84316603056165,0,112250270202
57.55314350170593,1,112250270203
70.59721074197041,1,112250330201
37.414812986784256,1,112250660501
30.55248567412173,1,112250690401
30.126270087004464,0,112260040201
35.11221796090957,0,112260080201
44.084237722000374,1,112260080202
56.62859219075492,1,112260300601
22.90335793302137,1,112260490201
27.760502759327306,0,112260490202
28.271085213420314,1,112260670201
14.194121351109343,0,112260710201
28.790517997525157,1,112260710202
45.17823438353531,1,112260850101
29.501154298886664,0,112260890301
45.05528234112073,0,112270020201
28.79652332888677,1,112270050201
39.828696307642446,0,112270180201
18.9302850047205,0,112270310201
38.414450117882815,0,112270360201
52.32593341121272,1,112270440501
54.65394404198714,0,112270580101
42.157466127719545,0,112280050201
27.023455993657812,1,112280170201
19.161252646307023,0,112280170202
66.34813511790429,1,112280290201
52.90586868534146,0,112280350301
37.96672137112596,1,112280410201
50.593477059592125,0,112280650201
55.08905748217126,1,112280650202
16.901998626326222,1,112281000101
15.725491527675118,1,112281000102
34.55532833132483,1,112281180101
32.668023981174706,1,112281240201
16.388148478109454,1,112290010201
14.037656352398706,0,112290010202
23.457260390889246,1,112290010203
17.856291661145917,0,112290050201
16.665136273621535,0,112290050202
40.891270793098194,0,112290100201
26.576536830199785,0,112290360201
32.33764910589199,0,112290360202
26.634019533234692,0,112290360203
24.025890411019315,1,112290400101
15.37219696692083,0,112290400102
15.019223630988327,0,112290490201
22.011688687587164,0,112290490202
42.1620959084091,1,112290540201
43.87881142404961,1,112290620101
48.14524532985851,1,112290710201
48.67186397273501,1,112290710202
37.00411648935429,0,112290760201
42.61106187143434,1,112290930201
11.938117988709308,1,112291020301
17.46231292318261,1,112300070201
13.615195702823552,1,112300070202
6.025595102990845,0,112300100101
14.437578710599631,0,112300160201
15.81935982136282,0,112300160202
28.36379628223456,1,112300160203
20.008549100378023,0,112300220201
31.530612811190313,1,112300270201
25.93505387827188,1,112300270202
14.938519589005987,0,112300300201
26.625635020906152,0,112300300301
22.211842628105728,1,112300330201
14.726608661364885,1,112310030101
24.475851470366752,1,112310030102
21.574418049402112,0,112310190301
29.5998601873283,1,112310190401
8.458394469783181,0,112310220201
36.154159727615635,0,112310320201
33.89064083731369,0,112310320202
41.97773146063993,0,112310350101
32.64044099615328,0,112310380201
28.15606628269531,1,112310410201
22.037923807925342,1,112310540201
18.623097262860526,0,112310540202
31.361124215502148,1,112310730301
42.368723993887855,0,112310760101
50.74349154282236,1,112310760102
33.96069465402219,0,112320240201
39.52816483062182,1,112320470201
35.86479459882409,0,112320470202
58.094747804535295,0,112320560101
71.49215766153098,1,112320560102
48.3589701794355,0,112320610201
42.316247052642524,0,112320610202
9.912156708448004,0,112320650301
32.62329019065216,1,112320650302
48.191219326574796,0,112320890201
35.47403720174779,1,112321120201
19.816314428279238,0,112321160202
25.790208633241164,0,112330020201
20.497423375622155,1,112330050201
21.79999331722404,1,112330050202
42.973065754274785,0,112330060201
39.21052508435906,1,112330060202
45.36189354220484,1,112330080101
21.90785386601081,0,112330090301
48.51403556079126,1,112330100401
24.38775614015179,0,112330110201
27.587473975800798,0,112330110202
41.720216858186866,1,112330130201
34.92296111955986,0,112330150201
57.65356665038516,1,112330160201
8.886038679785948,0,112330190501
53.64498201295329,0,112330200201
50.35085067911013,1,112330240201
13.002000850804485,0,112340010201
35.01295651631568,1,112340040301
52.13577184027309,0,112340060201
27.567070487809502,0,112340090101
25.44297652765691,0,112340160201
33.580306089441216,1,112340160202
32.99644323846872,0,112340230201
34.118249405673794,0,112340230202
19.999456648044855,1,112340330201
21.326328706980306,1,112350030201
15.428128531592387,1,112350030202
44.031272581030464,1,112350040201
19.449067794562772,1,112350080101
30.171680230280728,0,112350090201
29.868352036283987,1,112350090202
8.550534748754718,0,112350130201
20.427834711198976,1,112350130202
18.42381276230512,1,112350140201
25.34417212260447,1,112350180201
16.833667027412833,0,112350180202
33.25757536034859,0,112350210201
36.88325614094812,1,112350210202
52.835310162959,1,112350240201
42.94352124841049,1,112350240202
47.924159228930705,1,112350240203
14.694237866167793,1,112350290201
6.078765774181532,0,112350310101
23.531660776290526,1,112350390201
19.653271735723287,1,112350410101
9.686559377286024,0,112360060101
19.252819642192073,0,112360200201
51.28375059807345,1,112360300101
33.369490271270344,0,112360510202
53.58495698802915,1,112360560101
39.853565128901245,0,112370120201
53.83432214910464,0,112370170301
36.31389859013248,1,112370220201
36.32857519920354,0,112370220202
47.82115363982189,1,112370270201
38.04466375821646,0,112370270202
50.49164758735939,0,112370430101
51.607638855103254,1,112370430102
60.975281687531094,0,112370490101
58.32072154912535,0,112370490102
32.67614381411095,1,112370750201
34.9570247080404,0,112370860101
38.33747230542966,0,112370860102
37.59845982039359,0,112371070201
45.67850250194616,0,112380030201
44.56085639350943,0,112380030202
39.185562458351754,1,112380050101
26.652478457546707,1,112380250201
30.859499427920586,1,112380310201
24.766347170345686,1,112380310202
19.191473973584248,0,112380350201
27.578190735790287,0,112380350202
50.585482099064606,1,112380380201
21.35165801275758,0,112380420201
34.19928457767125,1,112380560201
24.81124476835666,1,112380670201
19.42249099916484,0,112380670202
45.08769384055679,1,112380790201
44.51068613068383,1,112380830201
27.712183441260972,0,112380861001
35.727060653203544,0,112390080201
30.586347121618765,1,112390080202
23.757841911910603,0,112390440201
46.27264886373655,1,112390500201
42.37363222369771,1,112390560401
35.485226105209655,0,112390610201
3.388745527109265,0,112390670101
5.313605418989548,1,112390670102
0.2757541629600322,0,112390670201
49.03817467036721,1,112390810201
25.656795559614928,1,112390930101
7.002516667664547,0,112390990101
27.284124027449693,0,112391050201
37.825279366348106,0,112391110201
46.34773161247496,1,112391110301
36.34622917738771,1,112391230201
32.897467792420024,0,112391230202
35.760483962594094,1,112391290201
24.949810619578734,0,112391350201
29.21512717678899,0,112391350202
33.868569336971966,0,112400300201
25.624591609514056,1,112400340201
31.387620053382435,1,112400370201
42.5898550688025,1,112400440301
40.22326208185214,1,112400440302
20.52510453047941,0,112400470301
61.97172178668895,0,112400580201
47.0509778019996,0,112400640401
36.273849153821196,0,112400680301
39.91392499669247,0,112400710101
40.84528209312191,1,112400710102
4.983018822256226,0,112400850201
22.690011625419455,1,112400850202
21.73978241320432,0,112410150101
11.052685880340764,1,112410240201
8.68082118987169,0,112410240202
20.998516482629135,1,112410280201
42.38302285627176,1,112410490301
40.722209089131496,0,112410550201
33.58354437257171,0,112410550202
35.24572911967428,1,112410630201
29.044732634516865,0,112410810101
31.259850617944778,1,112410810102
51.58040315744552,1,112410890101
44.15938052373699,0,112410940101
31.78514246156731,1,112411060101
26.602570775680604,0,112411060102
32.58394095652534,1,112420010101
53.06528957951485,1,112420040201
13.492395215997048,0,112420060201
28.199502347871586,1,112420220201
19.343468292616695,1,112420220202
24.97586603258084,1,112420220301
34.1828278715119,1,112420270201
34.48836351837171,1,112420290401
37.79336272437948,0,112420290501
25.036247521954728,1,112420390301
20.98688756730053,1,112420460201
24.986184119526378,0,112420460202
30.379028900511535,0,112420560201
32.30363842841306,0,112420610201
44.76051879474999,0,112430190201
57.50674818407805,0,112430470201
42.46488507090955,0,112430620101
44.869606750810036,0,112430620102
44.94203884045549,1,112430900401
43.14251425673861,1,112431140201
45.87516975628081,1,112431310201
24.959948971754535,0,112431390201
31.7470518772895,0,112431390202
50.07824020895514,1,112431410201
48.364696517304466,0,112431410202
54.12595552175458,1,112440250201
40.98743677248256,0,112440250202
47.018939182906394,1,112450170201
50.95429110691883,1,112450410201
53.78272252874294,1,112450570201
50.36882365512324,0,112450720201
59.71317906276363,1,112450820201
53.75187487873599,1,112450920201
40.63859977595487,0,112451000201
31.56936233699268,1,112451050201
54.99530601247672,0,112451220201
61.070763985221305,1,112451270201
23.05644810576317,0,112460180202
6.866522221372053,0,112460350201
22.484077575272035,0,112460400101
27.35086245842229,1,112460400102
30.106860105952087,0,112460520101
25.399580128485347,1,112460630201
23.226955024527598,0,112460790201
21.557957444232667,1,112460850201
25.325394016806317,1,112460850202
24.638037322379777,1,112460880201
22.060846528864474,0,112461030201
25.72475721898177,1,112461090601
22.683872371350716,1,112461200201
44.362471471997615,1,112461250201
63.40470167967763,1,112470050201
48.0775982952131,0,112470140201
30.243608393802592,0,112470470201
17.751570275469106,0,112470990201
26.65592246076963,1,112470990202
30.641077002406938,0,112471040201
36.61313077649524,1,112471040202
30.273476376320083,1,112471220201
29.294092896010056,1,112471220203
57.18007914206542,1,112471260201
43.912931645423214,0,112480080301
50.159951649825864,1,112480120201
57.12049470662243,0,112480150101
54.38924355533671,1,112480180101
59.59291068560161,0,112480240201
61.28897615684477,1,112480310201
65.04626979391827,0,112480310202
61.10171500865683,1,112480310301
59.375174558796274,0,112480400201
56.68602749452853,1,112480460201
57.70633526285691,1,112480460202
45.80743434565335,0,112480490201
47.00436378584823,0,112480690201
43.68872558073973,1,112490160101
25.542373207473755,1,112491070201
18.258435328073546,1,112491180101
15.032665787144467,0,112491180102
51.242076800477534,1,112491240201
46.02981964924719,0,112491240202
31.736747012225074,0,112491470101
31.79752160435679,1,112491470102
40.61545544857095,1,112500040501
40.5304261885932,0,112500040502
35.021340845745286,0,112500090201
15.483088903484731,0,112500130201
9.873742486777003,0,112500130202
32.89900513495883,1,112500360301
32.24654003098112,0,112500360302
50.69210420292836,1,112500540201
30.79513376760645,0,112500580201
34.35131804347682,0,112500720201
41.029258128876165,1,112500810401
39.556648070713734,0,112500900201
27.25814571273102,0,112501120201
43.9518490219773,1,112510160101
46.76455605345774,1,112510200201
26.719248742033923,0,112510390202
21.48555928557221,0,112510450201
25.824278539386185,0,112510610401
37.7423663404002,0,112510630301
34.694576077883184,0,112510670301
25.89290661315583,0,112510730201
35.85736947700366,1,112520020101
38.79891946017921,1,112520060101
36.160575443608074,0,112520230301
36.06270076362727,0,112520230302
31.420616038600706,1,112520330101
28.019050722971226,0,112520370101
15.405225994381283,0,112520400201
14.5687851186659,0,112520400202
29.42830241567528,0,112520470201
21.040662165370662,0,112520470202
61.67366343959981,1,112520570201
33.509946587762585,0,112520740101
57.109192212269235,1,112520850201
41.714826225950276,1,112530100101
42.777716935650574,0,112530130301
23.90373721788711,1,112530300201
34.71850701061337,0,112530380101
30.262188827085943,1,112530450201
19.331918370105587,0,112530510201
0.3826446522067126,0,112530510202
60.94057173769322,0,112530690101
54.74285515826111,0,112530690301
35.18984504890285,0,112530780201
38.524267504282776,0,112530780202
31.712586444444945,0,112540040201
36.214189134498625,1,112540240101
36.951475509413584,1,112540340201
32.869815986018814,0,112540340202
43.41970670935976,1,112540390101
23.71874652489382,0,112540510201
39.80009736549036,1,112540550101
37.365509388482955,0,112540550102
40.86699898846753,1,112540620201
26.869507315056765,0,112540740201
22.44325282066857,1,112540740202
41.05331997573157,1,112540800101
26.62223026121313,1,112540910201
44.17809842266719,1,112540970201
31.316508634462895,0,112541040101
26.280597174967873,1,112550260201
32.688854860425785,1,112550480201
15.878941850527658,0,112550480401
45.49648731284112,1,112550620201
42.84141419630384,1,112550750201
44.59011583413797,0,112551090201
50.951655969506,1,112551550201
34.72235470107435,1,112551700201
23.274816016578534,0,112551700202
19.93590202169092,0,112560180201
51.1104483556629,1,112560380101
51.73091580932147,1,112560380102
16.14691389989411,0,112560750101
56.475414706267365,0,112561000201
59.40111307873822,1,112570220101
39.968723209540954,0,112570260101
48.088101136060274,1,112580120201
38.48617502274865,0,112580240201
41.806841510195746,1,112580310201
36.920627817067476,0,112580450201
52.23878268145117,1,112580520201
53.636941555091084,0,112580550201
25.928869585821218,1,112590050201
32.264660100011085,1,112590050202
24.221751730179328,0,112590100201
31.44112124859911,1,112590100202
30.150371896503785,1,112590180201
25.45812810927295,1,112590180202
10.255909680078613,0,112590400201
31.55279911946652,1,112590490201
33.55059360074605,1,112590580301
38.82846620125976,1,112590710401
42.40740529806702,0,112590750201
42.4364417726364,0,112590750202
44.44392953113643,0,112590800201
55.542584821459414,1,112590800202
46.8092853135155,1,112590840201
25.36462729697858,0,112590880201
4.213508077282454,0,112591010101
36.71785607484564,1,112591060201
43.281051181155306,0,112600080201
53.41072167636813,1,112600080202
33.852977890413975,0,112600120201
51.85003230754497,1,112600180201
13.946597433230089,0,112600320301
31.480077465298887,1,112600560201
45.46646118537093,0,112600740201
25.86093689985676,0,112600790201
34.156709433961794,1,112600790202
50.40070774790976,0,112600930201
21.158074021740873,0,112601020301
30.832749569682562,1,112601020302
38.774497519572506,1,112601190201
60.58216183925535,1,112610010201
59.3817541180494,1,112610010202
55.163072107197365,0,112610040201
67.17678449479679,1,112610090301
44.386342958952234,1,112610120201
24.560092652303002,1,112610150101
15.22339105540388,0,112610350201
31.620802782208454,0,112610380202
28.487775442055096,0,112610490201
26.10384299055128,0,112610490202
43.51579039610967,1,112610520201
29.99921943096335,1,112610550202
35.86446192036949,1,112610550203
30.8203503607808,1,112610610101
23.33493592396965,0,112610610201
36.02234124301981,1,112610660101
38.455667599565686,0,112620040301
17.50068072370266,0,112620090201
18.73302895303592,0,112620090202
21.356133649041183,1,112620270201
19.765865282889102,1,112620380101
39.78968265389242,0,112620480201
9.993468634304511,0,112620530101
39.1076981599939,1,112620600201
31.338451838416553,0,112620600202
32.960045888479435,0,112620600203
25.40475094221403,1,112620770201
19.52630637824342,1,112620770202
12.973076298635634,1,112621320201
11.980975186535627,0,112621360201
14.174259283079126,0,112621360202
39.455840849673024,0,112630050201
30.52903542324082,1,112630050202
43.579676586314505,0,112630130201
39.1762593702021,0,112630260301
38.35692106966163,0,112630300201
32.548260996084,0,112630380201
28.965919937458466,1,112630380202
48.40696634688419,1,112630420201
46.821403095976294,0,112630550201
60.13173551291289,1,112630670101
45.43310898015832,1,112630710301
37.4576254088836,0,112630820301
43.7289715264776,0,112630820501
31.876243330831922,0,112630950201
48.21406531275789,1,112640050201
42.81217345342249,1,112640120201
31.592946464113172,0,112640210201
38.06910155116956,0,112640350201
34.37249311226046,0,112640400101
46.25290537493607,0,112640450201
37.130650955794074,0,112640470201
45.81349390912561,0,112640580201
48.74943715616586,0,112640580203
23.48847444001526,1,112650120201
52.28482014210171,1,112650140201
17.221085143359662,1,112650160101
30.81902597151787,1,112650230201
14.070116091174821,1,112650300202
21.27757538268822,1,112650300203
4.501736346026132,0,112650460201
22.9636119614741,1,112650460202
13.861589774202807,1,112650480201
39.67557393103275,1,112660020201
29.754759900642988,1,112660020202
44.48437077746086,1,112660070201
27.54255187315501,0,112660120201
43.81084962799985,0,112660160201
23.845745908206688,0,112660360201
21.46101425095807,0,112660360202
30.581865522789847,1,112660440201
15.20528253593572,1,112660510201
42.89226319704682,0,112660550301
66.88485137436578,1,112660700301
39.78062967450563,1,112660780101
23.517427041178507,1,112660850201
24.814467313713855,1,112660850202
38.50723673635207,1,112660890101
38.839522188344944,1,112660980101
34.25567899511609,0,112670130201
38.05937590735618,1,112670130202
20.0718541298763,0,112670130203
27.570092606382513,0,112670240101
31.056543818505308,0,112670310201
26.65813271856465,0,112670310202
37.493874111871975,1,112670520101
22.29332817045419,0,112670620201
29.924907432280747,1,112670650201
35.151788678016494,1,112670720301
30.95125599600607,0,112670780201
37.95554580115406,1,112680020201
19.175838630101293,1,112680070201
18.244780417917855,0,112680070202
19.128740079031868,0,112680100201
13.349294654343932,0,112680100202
31.37583845630608,0,112680130201
34.052950827153495,1,112680150201
33.42688189482268,0,112680150202
32.908719130437994,0,112680180201
27.163324301061582,1,112680230601
35.53600821083741,1,112680320201
25.176175357419325,1,112680320202
28.673299801601882,0,112680320203
31.314059662673955,0,112680340201
38.407216313011695,1,112680370201
22.506044141407756,0,112680420201
16.972707062344742,0,112680450201
30.765200090743303,1,112680450202
24.56598274183527,1,112680450203
20.225005178356597,0,112680500201
25.3833964486678,1,112680500202
28.38134519518591,1,112680560201
24.80906353514503,1,112680560202
23.81010791012692,0,112680580201
47.17691741365947,0,112680610201
26.410264145329784,1,112680640201
29.32269212205216,1,112680640202
27.55165424364013,0,112680660101
43.77345200545017,0,112690010201
49.40885170474209,1,112690010202
44.70109274659428,0,112690010301
43.7898320309805,0,112690030201
56.85345673265177,0,112690040201
62.17515571540689,1,112690040202
50.16957255540933,0,112690050201
44.49278646656709,1,112690060201
56.35644221845691,1,112690070201
42.43463939086784,1,112690080201
30.403410844605645,1,112690130501
25.493998424300052,0,112690130901
37.489812313020664,0,112690140201
27.028590339140216,0,112690160201
25.900235898360485,0,112690170301
47.00008493829791,1,112690170302
21.406007962168157,0,112690190201
29.28073815519234,1,112690190301
20.38392867607248,1,112690200201
33.60898859668206,1,112690200202
23.52318189024217,0,112690220201
25.190130965146153,0,112690220202
43.48094107468002,0,112690230501
46.86031820473355,1,112690280201
9.096096011751076,1,112700060201
7.93594058749251,0,112700150101
12.958273818913185,0,112700170201
28.55718067142489,1,112700170202
39.24207968294751,1,112700190201
5.763425798229587,0,112700230201
10.574767795022645,0,112700230202
5.636637300368166,0,112700250201
36.43242096973537,1,112700280201
24.306297475683866,0,112700300201
22.950714781911067,1,112700400201
23.72279365066418,0,112700400202
21.387832755771424,1,112700400203
10.869864476611593,0,112700430201
17.53641659673566,0,112700460201
18.354247413448178,1,112700460202
16.796876529639526,0,112700490201
9.853690940520151,0,112700590201
11.749739209315788,0,112700640201
50.40384103816092,1,112700670201
20.148136522875784,1,112720020101
14.317575830295379,0,112720090801
12.226167622603098,0,112720250101
14.509005705972834,1,112720530201
21.86682770612325,1,112720630201
17.98151840905218,0,112720660201
23.262512878366135,1,112720690201
21.069483900500863,1,112720690202
20.876463987458763,1,112720730201
18.192185026141445,1,112720760101
8.745451792675379,0,112720790201
49.90853251915758,1,112730030201
46.03745018293005,1,112730060201
36.665968536200175,1,112730060202
44.15061727803002,1,112730080201
58.69708324935006,0,112730100101
42.67663401028956,0,112730110201
39.97742882352499,1,112730110202
62.021595089217854,1,112730200201
61.362425362381174,0,112730200202
40.733399754193194,0,112730340201
41.58808888405705,1,112740190201
36.36282626892539,0,112740410301
21.402608591256463,1,112740460201
28.82388571855239,1,112740680201
41.85437785762412,0,112740810201
37.75210696154122,0,112740860201
38.9115799786874,0,112740900201
33.80376702457962,1,112740940101
54.347975779768326,0,112740990201
45.874380172479285,1,112750080201
41.31276124446225,1,112750130201
37.66901502348185,0,112750180101
39.93137485775311,1,112750210201
45.6903343742646,1,112750430201
12.772950465158056,0,112750580201
23.505659041373328,0,112760020201
38.925657603277614,1,112760040101
32.550438168230514,1,112760060201
33.59810782525939,1,112760100101
25.60238429602653,1,112760150201
31.149925429859724,1,112760210201
24.294285203654468,1,112760250101
22.49661105209497,1,112760250102
31.332589825836706,1,112760340101
38.62681771023372,1,112760360201
36.24886363223775,1,112760400201
27.091850822350295,0,112760440201
18.715012626981775,0,112760460101
35.416304071523925,1,112760470201
42.4496188901796,1,112770090101
34.36174011187197,0,112770500101
37.9879036233704,1,112770500102
49.4406415718861,0,112770550201
50.763597932644984,1,112770600201
44.013345213016635,0,112770650201
60.082615750943226,1,112770960201
36.606250403155734,0,112771060201
39.50610765113696,0,112771120201
31.4766342787267,0,112780580201
20.079868021146147,0,112780620101
26.522109005803202,0,112780760201
31.740347925889573,0,112780900201
42.433465298306416,1,112780900202
42.169016694397996,1,112780940101
51.90703837445749,1,112780990101
24.45795201750458,1,112781080201
36.23095957461616,1,112790030201
41.8180660813338,1,112790150201
37.62911160856102,0,112790220201
50.21752445945745,0,112790400201
47.96074698036487,0,112790400202
18.45076389956933,1,112790520101
39.48583257206306,0,112790680201
35.83396777934038,0,112790710201
15.951840723618414,1,112800070201
12.550511475895002,0,112800110101
21.37405324990948,1,112800140201
11.992761298014267,0,112800140202
9.8945304080989,0,112800170201
13.266382299040007,0,112800170202
4.40586662507462,0,112800200201
8.384491564765934,0,112800200202
15.83548369470278,0,112800230201
19.90874127711259,1,112800230202
22.699627665055345,1,112800290201
33.33157583794812,1,112800320201
10.964133138318092,0,112800380101
28.41548637742568,1,112800410201
8.530859229488364,0,112800440201
21.066379935956824,1,112800500101
18.306243388470076,1,112800530201
19.57674811316157,1,112800560201
19.47597452031351,1,112800560202
17.01881879695066,1,112800620101
20.75188522164327,1,112800650101
21.071913284059512,0,112800680101
22.574110488014064,1,112800740101
17.88717631052325,1,112800740102
37.04943891262814,0,112810100201
56.33114969262056,0,112810320301
58.621420177965106,1,112810390201
41.45027658216224,1,112810420101
40.569917978450555,0,112810420102
46.42386575455173,1,112810420103
60.34138789894864,1,112810620101
58.79495539351332,1,112810710101
60.60005627492913,1,112810810201
63.53168130377863,1,112820010201
59.86341473325391,1,112820220201
57.9348891813935,1,112820650201
61.212587683310474,0,112820730101
62.928531424983596,0,112820730102
57.0973177759376,1,112820860201
61.104439673127224,1,112820950201
62.039762791661715,1,112820990201
47.46407272043115,0,112830140201
58.09646619933944,1,112830220201
61.0091677176173,0,112830220202
57.31428163275907,0,112830370201
59.1922353528483,1,112830570101
50.57082968384668,0,112830570102
60.27944714368121,1,112830600101
64.0637745692557,0,112830720201
65.71344697704278,1,112830760101
57.49849876927775,0,112830760102
56.76395349171838,1,112840170201
45.75276943999106,0,112840260101
48.02520082312432,1,112840260102
64.61068459048693,0,112840290201
57.55170924992086,0,112840290202
46.282636097647206,1,112840340201
58.957662214803364,1,112840370201
51.65245227297909,0,112840540201
39.309212836296595,0,112840570101
48.960703785605645,1,112840570102
58.793784024499125,1,112840600201
56.940294348200084,1,112840660201
52.653483941665336,1,112850010201
59.9506177411911,0,112850040201
54.845831258444555,0,112850080201
50.81427986148386,1,112850110201
46.834221674324134,0,112850290201
43.40605916282245,1,112850360201
37.36295800720768,1,112850570101
33.69305158240354,0,112850640101
5.784157941525542,0,112860110201
33.82007281833889,0,112860300201
55.14152191363276,0,112860380201
47.00484175812011,1,112860530301
40.393152894513555,0,112860530302
44.53011371122561,1,112860840201
65.14082932759793,0,112860870201
57.78270338126686,1,112860910201
66.50819144507587,1,112860910202
53.2979344098095,0,112870060201
56.764719667650446,1,112870190201
55.819954058596565,1,112870240201
64.40818083148687,1,112870260201
55.695525941142144,0,112880040201
61.17271240368095,0,112880170101
59.553074284392686,0,112880220101
64.78534309681802,1,112880220102
59.410364212412524,1,112880380101
45.221848483512154,1,112890270201
44.29705137626061,1,112890270202
44.73341782674135,0,112890270203
63.22782649418247,1,112890360201
42.81272294213374,0,112900020201
28.50953293242816,0,112900070201
23.414207636476192,0,112900070202
48.19989785190928,0,112900140201
42.49871950498474,1,112900260101
50.12964461714556,1,112900290201
42.006775272019425,0,112900310201
51.73799318716399,0,112900390101
49.70534930601555,1,112900390201
48.73259321404756,0,112900480201
46.89294360266667,0,112900530201
30.69619854545595,1,112910080201
25.32053495780699,0,112910080202
29.13854046123325,1,112910080203
28.568792515227447,1,112910080204
25.74699686318344,0,112910260201
38.62206518034684,1,112910280201
25.99204795926281,1,112910280202
42.33029750830913,1,112910390201
33.70871696400247,1,112910440201
30.531296236541003,0,112910470101
27.84659839722277,1,112910520201
49.45556916543034,0,112910650201
23.427416195674844,1,112920020201
21.02092608639138,1,112920020202
10.669721614742045,0,112920060201
3.765420351237231,0,112920110201
7.280907208138224,0,112920110202
14.511129527006624,1,112920110203
21.146303980690586,1,112920150201
16.375751204609912,1,112920200201
16.60843057188434,1,112920200202
38.57410598494522,1,112920330201
37.68281055625858,0,112920330202
20.799673383757877,1,112920380201
5.645945150593255,0,112920380202
22.7147310190166,1,112920380203
33.354545859943926,1,112920420501
21.27145277919741,1,112920470101
19.26916995155328,1,112920600101
20.548683281345735,1,112920650101
15.179566629271465,1,112920650102
7.034217650717922,0,112920690101
26.91750240698021,1,112920730201
31.938702731623124,1,112920780101
28.222585677907198,1,112920780102
19.460021942587773,0,112920820201
35.63665483357518,1,112920910201
31.73477817452072,1,112920910202
25.080715690004624,1,112920960101
20.16420857221452,1,112920960102
31.86964337817978,0,112921000201
37.13780050171939,1,112921000202
14.514968391394543,1,112921050201
20.88096796243079,0,112921090201
26.08416438796371,1,112921090202
33.94678296839828,0,112930020201
28.603060221889493,0,112930080601
24.570231437853142,0,112930100201
19.435598214678766,0,112930100202
31.175898193013555,1,112930100203
27.233673447894255,0,112930120401
28.897796076813336,0,112930120402
39.98007564800307,1,112930120403
36.742539831258995,1,112930160201
21.710806250540877,1,112930490201
20.14192017154763,0,112930490202
24.06032467846444,0,112940070201
19.4432561074658,0,112940100201
13.911472066385684,0,112940250301
25.70835778517108,1,112940280201
13.268588357378862,0,112940310201
13.88892885245366,1,112940400101
46.398818735495446,0,112940490201
50.887558070749876,0,112940540201
46.18189356061657,0,112940540202
32.84929065370551,1,112950150201
26.311728600513465,1,112950180201
41.45145814068584,1,112950210201
40.28753028112118,0,112950210202
48.30229251561926,0,112950240201
47.79378962306858,0,112950330201
25.95600439745614,0,112950360201
22.1316217904687,1,112950700201
51.547736508357794,1,112950730301
38.164407331567936,0,112950760201
31.52077365557896,0,112960070201
27.675821402148586,0,112960140201
30.971017639712645,1,112960170201
22.47346308069349,1,112960170202
28.531605451232053,0,112960270201
34.98481438143093,0,112960270202
45.10379204328804,1,112960300201
16.674511397159513,0,112960400201
26.294843814822304,0,112960430201
30.110766083923064,1,112960430202
29.397208190648488,0,112960500201
29.14760162262609,1,112960500202
25.322924014002385,1,112960560201
7.251945049673555,0,112970010101
23.684552084052388,1,112970030101
9.87613260036045,0,112970060201
14.451500814750048,1,112970080201
13.047282007517907,0,112970100201
6.823122001087009,0,112970150101
24.474699823446358,1,112970150102
15.978801074918827,0,112970150201
7.601199956172065,0,112970170101
16.273657449436268,0,112970190101
23.2481832033761,1,112970280201
16.629295128490828,1,112970330101
46.3786309517069,0,112970440101
15.29654521257261,1,112970490101
18.324575442001613,1,112970490102
13.623948512476321,1,112970510201
24.76543744783758,1,112970560101
21.146560356630808,1,112970560102
15.701788523583966,1,112980020201
15.712013596371609,1,112980020202
15.905284031622305,1,112980020203
9.889852048638685,0,112980030101
11.46499927637056,0,112980060101
8.59716768979509,0,112980070201
14.190858191102613,1,112980070202
4.243970662490782,1,112980130101
16.075813795467667,0,112980200101
21.172205834049148,1,112980200102
14.793743007986116,1,112980210201
8.13070578686806,0,112980280101
15.642321810684564,1,112980310201
11.22110805533347,0,112980330201
14.502711857799937,1,112980340201
33.43378652378544,0,112990560201
41.62950975934186,0,112990630201
34.320479000089065,1,112990710201
38.889701860107905,1,112990710202
36.052668818787836,1,112990860201
45.43196689408129,1,112990860301
37.72410963047051,1,112990860303
34.26429358419291,0,112990900201
31.04161452878385,1,112990900202
29.792217088417132,0,113000030201
15.307088818044711,1,113000200201
14.845588142001837,1,113000200202
15.463704628912291,0,113000270201
23.72656240404954,0,113000370201
30.715374799071636,1,113000370202
25.918807717374502,1,113000400201
9.310611563307342,0,113000470201
9.505848894105753,1,113000540201
10.11180311704452,1,113000540202
20.94779273278966,1,113000570201
11.673153693214555,1,113000570202
8.017158255710717,0,113000670101
9.10206818567159,0,113000740101
11.534875195842124,0,113000770201
22.15517522275016,1,113000800201
11.399705092808102,1,113000800202
30.551764107541956,1,113010210101
23.68916330246124,1,113010210201
37.566594520400486,1,113010280201
35.10965801378512,0,113010590201
24.51219822272988,0,113010660201
33.1430605951423,1,113010660202
21.799817519474928,0,113010700101
40.685569164966836,1,113010730201
43.93953424102268,0,113010770201
32.6559319708574,0,113010840101
30.31459471888505,0,113020280201
47.91098762064474,1,113020440201
47.8832416573196,0,113020440202
18.816130028043005,0,113020480201
13.421726544681025,0,113020650101
41.24162592522484,1,113020690201
29.82028018213503,1,113020730101
15.063390044522453,1,113020770201
13.969425464547479,0,113020770202
40.01495190629763,1,113020810201
44.76108291071753,0,113020940201
18.730066489652714,1,113020980201
27.663155097575704,1,113020980202
56.530148958632076,0,113030180201
40.11417034813463,1,113030810101
55.417354360128485,1,113030960101
58.37938855857399,1,113030960102
49.982019712555626,0,113031110201
56.172928079268395,0,113040860201
62.1825715361214,1,113040910201
61.761512027014355,1,113041030201
61.419461747860815,1,113041140201
43.04000695806585,0,113041430201
67.54478546120137,1,113050010201
49.6815226982674,0,113050280101
56.23641687615148,1,113050710201
49.05421840959581,0,113050710202
60.688802517960426,1,113051200201
60.2612353610522,0,113051200202
52.38658839043688,0,113051310201
60.00243826857711,0,113051310202
37.99975356035003,1,113060110101
54.00290874893692,1,113060110102
40.200280108695864,0,113060150201
63.14408315101875,1,113060340201
48.92304873799097,1,113060340202
55.11009360576875,1,113060400101
66.8030363591822,1,113060470101
61.09177688565039,1,113060500101
46.11889363407116,0,113060540201
40.35504583164624,0,113060560201
49.5829022167346,0,113070450101
47.85852078439565,0,113070490301
56.919876664691984,0,113070820201
58.17094768581504,1,113070900201
57.76775428572325,0,113070900202
63.06546205580918,1,113070980101
60.386219658005906,1,113070980401
59.478450053957474,0,113071020101
49.67886209050359,0,113080070201
50.847440671342746,0,113080070202
53.122770598114556,1,113080160301
54.3266258650781,0,113080320201
60.3265588143436,1,113080390201
56.0258348469284,1,113080420201
60.761250003625285,1,113080580201
54.02520807654129,0,113080670101
58.30811172916461,1,113090050201
65.45055071944773,1,113090160201
51.77325471942149,1,113090240201
53.82603981669929,0,113090270201
60.327495925569515,1,113090310201
55.52779222989766,0,113090650201
58.784042969761515,0,113090650202
56.82912812644972,0,113090680101
65.53753742059239,1,113090680102
54.94910174327836,1,113090790201
55.288172447561294,0,113090790301
56.53462075143093,1,113090870101
27.720269308366102,0,113100090201
41.44101900861031,1,113100280201
59.52073691797112,1,113100430201
56.0128354217927,0,113100460201
46.982979172681844,0,113100590201
46.80007048159625,0,113100590202
39.91970055138629,0,113110460201
51.74185136803776,0,113110530201
65.28764072871496,1,113110570101
52.499849529335755,0,113110650101
52.95979408844366,1,113110760201
47.18800286529576,1,113110870201
43.14953146569452,1,113110870202
36.161171707250666,0,113120180101
36.370364669771305,0,113120390201
59.49368375647312,1,113120420201
25.093282279992685,0,113130110101
16.948884798526088,0,113130230201
41.08951991638575,1,113130260101
24.182965581148803,0,113130290101
31.329245072354887,1,113130290102
34.698617683325296,0,113130380201
43.08214014596229,1,113130380202
8.357088542398847,0,113130470101
14.457298144238568,1,113130590201
20.776823879123565,0,113130710201
15.36406455291436,0,113140040301
54.53263879546848,1,113140100201
50.16817182657988,1,113140170101
30.616690675364133,0,113140240201
34.380559104560916,1,113140470801
33.43870001837987,0,113140640201
22.598337088614322,0,113140670201
35.2487578644773,1,113140670202
23.539250030119494,0,113140780201
24.161585833934772,0,113140780202
46.65859300232766,0,113150080101
41.331284694355205,0,113150120201
52.66140944773309,0,113150210201
51.59051577221313,0,113150240101
50.55551941342262,1,113150360201
53.30772589874652,0,113150390201
46.16805143504486,1,113150420201
54.39502009921888,0,113150450201
57.58052314674787,1,113150450202
36.70591026269589,1,113150540201
36.2442782327069,1,113150600201
17.35869679519969,1,113150630201
43.30676784108711,0,113150720201
36.704518555103085,0,113150720202
49.01030605143584,0,113160040201
61.36171231298433,1,113160190201
45.10521725746004,1,113160530201
44.87242885051431,0,113160530202
61.27998721717848,1,113160580201
49.06249021784862,1,113160980201
42.52827345673447,1,113170130201
39.73167729971403,0,113170230301
57.33285559100312,1,113170450201
54.57589501804486,1,113170730501
25.719798064365868,0,113170860201
24.447674598167563,0,113171050201
32.36567039347131,0,113171050202
55.612317861370734,1,113180140201
59.95627066509202,1,113180140202
49.63888084665722,1,113180640201
70.98711219491136,1,113180790201
57.196500107567374,1,113181050201
28.009607333570585,0,113181150201
43.63768339284776,1,113190070101
39.327534445445394,0,113190110101
40.47185583740667,1,113190110102
16.796134413545857,0,113190180101
12.966972994990162,0,113190180102
28.614482568208043,0,113190340101
42.8473194423536,1,113190410201
37.00328917510097,0,113190600101
50.43158753476639,1,113190790201
51.77825497880117,1,113190790202
63.10242080930717,0,113200040201
62.356954743524234,0,113200040202
57.39683693083591,1,113200440201
50.51867278735084,0,113200520201
60.76958720443619,1,113200700201
59.245159950869365,1,113200920101
43.2239543056747,1,113201000101
43.36900933026919,0,113201050201
60.35111643661659,1,113201090201
50.986985303762374,1,113210130101
65.89527966675048,0,113210200201
54.83904150207993,1,113210260201
53.7933548693903,0,113210330201
42.08970318096308,0,113210560201
48.94440502837859,1,113210560202
57.69871348880616,0,113210590101
64.54375861187977,0,113210660201
54.319857031942156,0,113210660202
50.97354126034668,0,113210690201
57.470206771066756,1,113210790201
34.49417340663731,1,113220510201
30.475656190250728,0,113220510202
40.48452368318593,1,113220550201
29.441581270350653,1,113220550202
38.563123778462945,1,113220710201
30.179897845918894,1,113220710202
30.087868430360018,0,113220710203
42.70977505535028,1,113220830201
26.616927110195945,1,113220970201
29.323115149145313,1,113220970202
64.78065248727154,1,113230030201
48.51465854661914,0,113230550201
28.681243752995858,0,113230650101
54.752828894979196,1,113230730201
55.61798095481814,1,113230770201
57.63966974579729,1,113231030201
51.35855661913356,0,113231150101
64.92266005433797,1,113231200101
50.066552522174774,1,113231270101
47.671665715704364,1,113240040101
34.258179740761875,1,113240060201
40.30124841364289,1,113240090201
42.62292530472644,1,113240090202
40.43451049552407,1,113240090203
36.57514640840532,0,113240110201
48.7222320229271,0,113240160201
44.908137812264115,1,113240180101
49.57025292417649,1,113240180102
55.35863470876298,1,113240210201
52.972486835798364,1,113240210202
37.87233630832618,1,113240280201
29.491409520171246,0,113240280202
46.475568344442536,0,113240300201
46.756681030593256,0,113240300202
31.603827885238452,0,113240330101
29.21094292039188,1,113240330102
42.816078346506416,0,113240370301
46.653746677944284,1,113240400201
46.388354963023424,1,113240400202
35.91420983499802,0,113240420201
48.75732564527697,1,113240420202
28.40794188883214,0,113240450201
35.32400001237397,0,113240450202
38.73556936129628,0,113240470201
36.53293720791695,0,113240470202
61.092875405403106,1,113250050101
54.24017734027599,0,113250050201
52.146046161676544,0,113250080201
51.21906659727488,0,113250080202
37.32468003943509,0,113250150201
46.06384762975602,1,113250150202
38.197942702463735,0,113250430201
50.60077498208735,0,113250460201
63.10828215780455,1,113250490201
52.431543899444584,1,113250550201
47.92578527835635,1,113250580201
55.111135606741755,0,113250630201
50.03072752169469,0,113250660201
56.34834521937516,0,113250730101
60.14145754253602,0,113250730102
53.19118168116313,0,113260030201
41.63627151730187,0,113260420201
61.359634627192264,0,113260480201
65.56519562982768,1,113260570101
49.57383020894484,1,113260690201
48.786753455343124,0,113260720201
65.3101331491268,1,113260720202
44.62216804502428,1,113270040201
43.95560216570992,1,113270130201
53.54709483714502,0,113270130202
31.949826417587836,0,113270390201
28.274011696497418,0,113270390202
39.74726287470912,0,113270750301
26.62583673104438,1,113270790201
30.830355615939823,0,113270920201
35.66421932711006,0,113271100201
44.26254085125632,0,113271100202
59.3345425373825,1,113280450201
61.19639547499511,1,113280860201
20.840071386698696,0,113290030201
25.35197623205437,1,113290110101
38.869394858694584,1,113290200301
45.44000959558515,1,113290240201
27.770803167332847,1,113290360201
34.210410001860296,0,113290520102
38.92481321781449,0,113290680101
38.4648891658242,0,113290770101
36.02393523814153,1,113290770102
48.14248128920178,0,113290890201
33.890017507336225,0,113290930201
30.39206582861747,1,113290970101
42.39386112504454,0,113300020201
35.43269455088018,0,113300060201
27.9459039362487,0,113300060202
34.94568183754125,0,113300090201
38.44167283119383,1,113300280201
32.512780740423814,0,113300360201
31.737354078636624,1,113300390201
30.426476796796397,0,113300390202
52.46847356189668,1,113300610201
50.888211913609695,0,113300610202
46.7651024034918,0,113300680201
24.887497785341836,1,113300820101
16.51694410784694,0,113300820102
32.8230556302762,0,113310040801
35.85384496198474,0,113310040802
29.23956133230648,1,113310080201
32.448646893352446,0,113310210201
34.78131294404311,1,113310210202
19.532981756149223,0,113310530201
38.69420999587999,0,113310570101
38.707396435639055,1,113310610201
34.085553920983635,0,113310610202
17.31427965233423,0,113310740201
22.348427905304717,1,113320030201
12.557887984911485,0,113320030202
19.508712895633614,1,113320030203
28.023859289791055,0,113320200201
30.599568340299292,1,113320200202
32.54098195185889,0,113320220201
23.965537028389406,0,113320220202
32.38334045615885,1,113320230201
17.565086814749627,1,113320250201
7.213733312569612,0,113320250202
14.529251717832757,0,113320260101
19.07682502905575,1,113320260102
8.625532990108768,0,113320280101
9.336871991358512,0,113320280102
26.06603549393944,1,113320300201
30.178872661810775,1,113320300202
28.688055301522198,0,113320330201
27.91583897711842,1,113320370101
15.292691050001974,0,113330070201
18.569768226703985,1,113330070202
15.368946396299679,1,113330190201
7.572893083642861,1,113330210201
13.652535353038665,1,113330210202
18.32950189487982,1,113330240201
10.796938712234013,0,113330260201
13.422773552697691,1,113330280201
23.03509896235529,0,113330310201
27.722585762760954,1,113330310202
18.524658215362756,0,113330310203
28.907116420367295,1,113330330201
17.37807127844679,1,113330380201
5.5490839322557015,0,113330380202
27.239251892910623,1,113330450201
27.545647825006096,1,113330450202
13.075242190293473,0,113330470201
5.625174175436284,0,113330570201
31.754821289927172,1,113340010301
30.946017411425306,0,113340040201
22.250074609512115,1,113340040202
6.4088747191218705,0,113340100201
19.75846734323691,1,113340100202
15.918384715390294,1,113340150201
20.504018396016285,1,113340150202
13.753187089746904,0,113340170101
21.480631536509534,1,113340310201
14.638314684981767,1,113340310203
26.418787331198814,0,113340360201
40.46942857375097,0,113340400201
30.80724549721843,0,113340400202
16.3508269497449,1,113340450301
9.543842501616242,0,113340450302
10.679823592172179,0,113340450601
27.64615870344243,1,113350020201
25.18163057282466,0,113350020202
57.796976804272184,1,113350110201
49.06194255841633,0,113350130201
37.95634429248844,1,113350250201
41.98376360696721,1,113350500101
41.31803383840141,1,113350530301
38.476026240252025,1,113350590201
31.055819424334352,0,113350590202
40.060007206041135,0,113350620201
31.39883538270807,0,113350620202
56.33395252639842,1,113350650301
52.54287267554832,0,113360010201
27.42150446821158,1,113360060201
20.02169133382748,0,113360060202
23.241495733678203,0,113360190301
31.51654960663018,0,113360190302
43.372336733643145,0,113360230301
28.7567621278442,1,113360280201
27.88371010746731,0,113360280202
36.68507905285461,0,113360750201
40.41757497202042,0,113360800201
28.87368866608621,0,113360840201
28.53400972530013,0,113360970201
53.11454041765277,1,113370040201
30.273788641311803,1,113370050201
51.39944652668018,0,113370110201
49.326501898445784,1,113370110202
24.659260858679136,0,113370160102
53.184766763075224,1,113370190201
41.218468659360155,1,113370290201
31.18286319935761,0,113370300501
49.58491764203977,0,113370320201
37.170478743889944,1,113370330301
37.91826688351928,0,113370350101
41.781025977056075,1,113370350201
47.17623231356972,1,113370360201
44.30758794466617,0,113380450201
43.51309212032196,0,113380450202
50.59502555555145,0,113380670101
59.80142807294606,0,113380710201
55.06745421169051,0,113380860201
48.10111903838794,0,113390010201
64.44728788602194,1,113390050201
15.032924305050445,0,113390100101
26.537679532979055,1,113390100102
37.48483035721723,0,113390150201
35.67159347934723,1,113390150202
62.5886032661607,1,113390240102
43.70959613575211,1,113390430101
40.00011288433354,0,113390430102
46.78728933943737,1,113390480201
53.638226526305445,1,113390480202
47.92228923071214,0,113390570201
44.32011114328468,1,113390670201
45.394617062713934,1,113390670202
51.23123533770758,1,113390720201
56.1106851036994,1,113390810201
35.34920181794631,1,113391000201
57.54669712049468,0,113391140201
69.52748345321622,1,113391140202
42.57020299423379,1,113400040201
23.69801454883868,0,113400090201
28.246962074785014,1,113400090202
28.351186017464308,1,113400240201
21.670442618013002,0,113400240202
24.361168943117235,0,113400290101
34.661849845697645,1,113400390201
29.515031276982867,0,113400390202
33.309490058214124,1,113400490401
35.48930966965848,0,113400590101
2.6740850872415205,0,113400640101
18.023780268111597,1,113400690201
27.484976903857184,1,113400740201
23.279441677895544,0,113400740202
38.34281641070177,0,113400790101
47.48408738113271,1,113400890101
42.59247439581074,1,113400990101
24.38152704143645,0,113401090201
28.28627905478068,1,113401140201
41.98946787126886,1,113401240801
47.277553646453505,0,113410060101
50.38270037297567,1,113410090201
19.822229152006834,1,113410130201
23.077418431671042,0,113410131201
22.081152173519094,1,113410131202
25.55111914785072,1,113410160201
19.199581027950458,1,113410250201
6.067209526658114,0,113410320101
8.573779547593233,0,113410410201
4.41912556895124,0,113410440201
20.783403289117,1,113410440202
11.842384854776144,0,113410440203
15.578171506216048,0,113410470201
14.99499155523409,1,113410510201
7.276133126896575,0,113410540201
4.748577210176061,1,113410540202
17.516738093691426,0,113410570201
12.249087917474817,1,113410570202
8.79418568231718,0,113410630201
7.112531819390256,0,113410630202
17.235013163701172,1,113410660201
13.057167422750597,1,113410660202
21.81870389186603,1,113410700201
18.791152673321,1,113410700202
9.483303126061662,0,113410790201
58.34339651845822,0,113420900201
56.73352661692261,1,113420900202
57.992484876029735,0,113421100101
52.35784366149545,0,113421140301
62.2460920225617,0,113421330101
61.30059617242823,1,113421330102
48.598915690433216,1,113430010101
44.81593995134279,0,113430190101
41.22648746681004,1,113430360201
36.4206155007213,1,113430390201
41.32817129539771,1,113430390202
55.78870121489062,1,113430460101
47.527686036065745,0,113430490301
60.48199440058521,0,113430520201
58.79634735534338,1,113430670201
32.68789147019489,1,113430730201
58.1630631193559,1,113430790101
48.74872210950393,1,113430810201
64.94017223848127,1,113430830201
53.722579698921926,0,113430900201
63.12094902013267,1,113440300201
49.721171485546044,0,113440300202
65.91270802369107,1,113440320201
56.40601715578832,0,113440580201
50.0557784744651,1,113440600201
54.94386903957805,0,113440600202
53.169432529928386,1,113440660201
55.69985299382292,1,113440690201
56.47894206774315,0,113440730201
61.47352810088145,1,113450340101
55.87760056102615,1,113450380201
50.98088925598466,0,113450500101
52.679775716231106,1,113450650101
57.285081484658505,1,113450650102
49.60914206804684,0,113450690101
50.2215808924087,0,113450850201
58.35513202871079,0,113450890201
42.33125785530454,0,113451040201
29.618931076424296,1,113460270201
46.71655294931382,0,113460390201
49.141996068773864,1,113460780202
42.94616275941835,0,113460780701
42.47414285909648,1,113461160201
60.88945225854496,1,113470060301
33.505575693370396,0,113470190201
66.71820996874565,1,113470770201
52.154469558892416,0,113470860101
56.50280607203378,0,113470910201
64.95943716160855,1,113470970201
35.43280032481325,0,113471200202
42.526014646479794,1,113471210101
37.77840536468308,0,113471210102
21.288127778164142,0,113480020101
18.50628175315952,1,113480060201
16.53340676359311,1,113480080201
8.697905676957935,0,113480120201
19.77641603124887,1,113480120202
17.024156055613396,0,113480160101
20.72180443330538,1,113480160102
37.13173539542648,1,113480200101
42.233371493512905,1,113480200102
10.062053945952725,0,113480220201
18.55092688524509,1,113480220202
17.1262320911946,1,113480240201
5.774847303605455,0,113480240202
9.804751935262354,0,113480260201
10.0581220185886,0,113480280201
15.111841897995907,1,113480320201
11.138318059414253,1,113480320202
14.980820022744636,0,113480360201
17.846692519552562,1,113480380101
13.176334609374967,0,113480380102
21.46105371974905,1,113480400201
15.199372975082582,1,113480400202
20.425960401233283,0,113480420201
10.348257336548773,0,113480460201
13.626596141803054,0,113480460202
16.006381111840483,1,113480480201
8.29413543653305,0,113480480202
11.877834899864144,0,113480480203
10.818627525243452,0,113480500101
0.0,0,113480500102
18.90282307746535,0,113490010201
18.93575554630702,0,113490010202
12.328791581926437,0,113490030201
17.343038891486977,1,113490030202
7.670717889160809,0,113490030203
7.847785875698028,0,113490050201
10.088519470810521,1,113490050202
10.161877123609198,0,113490070101
8.733801602524,0,113490070102
7.93551616622985,0,113490090201
12.542325020716511,0,113490110201
16.156375052518605,1,113490110202
15.912762819824218,0,113490130201
28.867053933318356,1,113490130301
24.406787222239068,1,113490140201
24.207321626738533,1,113490210301
29.86249069596432,1,113490210302
31.210295893531722,1,113490300201
19.78513121668138,1,113490380201
20.619858223369366,1,113490380202
11.987980520603738,1,113490380203
0.4065697577022398,0,113490400201
9.904092442976337,1,113490440101
5.095815699008653,1,113490440102
15.387336763888936,0,113490460201
3.21392471492413,0,113490460202
23.511122591423366,0,113500020201
15.240983125791644,0,113500110201
15.515837768793865,0,113500110202
30.58143777342783,1,113500130201
24.515860242376235,1,113500190101
30.975164445618418,1,113500190102
19.656032788576756,0,113500210201
25.78766439238053,0,113500240101
16.484372739661378,0,113500280201
24.812602889439802,0,113500330201
16.187672219325975,0,113500330202
27.28535050390733,0,113500370101
44.30961154215526,1,113500370102
27.243914283500633,1,113500390201
29.294472875845806,0,113500390202
0.9102661480501695,0,113500460201
21.63859357440331,0,113500490202
48.65513952777867,1,113500540101
43.257927829271004,1,113500570201
11.672431170347856,0,113500590101
40.678634732907874,1,113500650101
31.75445012057048,1,113500730201
37.40480424884979,0,113510020101
25.99943867143281,0,113510140201
26.76962300664433,0,113510140202
17.61067559231212,1,113510950201
3.212527369958516,0,113510950202
21.149739013237845,1,113511060101
8.845928022578303,0,113520040101
9.7887168878326,0,113520090201
15.360803007752324,1,113520110201
12.85263621073607,0,113520110202
4.2393583919329165,0,113520130201
21.12524446934543,1,113520130202
14.015135071548652,0,113520170201
10.997224373855534,0,113520170202
15.159007931439234,1,113520310201
3.677369208528111,0,113520310202
19.524066699231867,1,113520330201
20.587453256280234,0,113520360201
18.31987141378886,1,113520360202
12.980322650619968,1,113520390201
15.451878094022796,0,113520390202
21.424843402614492,1,113520410201
18.107737773412524,1,113520410202
19.294637803667683,1,113520450201
13.581894527791427,0,113520450202
12.476536124738406,1,113520520101
15.90370437381399,0,113520520102
12.889075392135911,1,113520570201
9.961830473787767,1,113520570202
35.407981196896145,1,113530010201
31.014595528217413,1,113530010202
19.53413491115959,0,113530050201
11.028341452416015,0,113530050202
15.528470550961316,0,113530100201
6.668551055565642,0,113530140201
14.885838893210778,0,113530140202
10.264008956550198,1,113530200201
4.520487672479158,0,113530250201
19.25617169657778,1,113530250202
12.33702981031218,0,113530290601
3.3158631672093346,0,113530290602
21.38077135820186,1,113530390201
10.362729498897078,0,113530390202
19.420146468847143,0,113530480101
17.540774664151897,0,113530570201
15.601356795599312,1,113530570202
14.01027115053709,0,113530610101
5.33706766286245,0,113530610102
6.911656835303586,0,113530670201
11.625973157485582,0,113530670202
8.192558014684806,0,113530710101
5.459359196722754,0,113530840201
11.643000936200705,0,113530840202
9.924750401624163,0,113530970201
21.579578809091558,1,113531060201
17.542066616491518,1,113531110201
28.479505912565273,1,113540090201
22.730660565573704,0,113540200201
18.95518353126045,1,113540200202
32.827386842420296,1,113540250101
36.10849477696289,1,113540300201
41.71625523655458,1,113540300202
54.570864919760055,1,113540360201
21.970926301896768,1,113540410101
9.54180404560176,1,113540410102
35.549513821915596,0,113540620101
20.082047721300125,1,113540720201
8.496619437206133,0,113540830201
12.858266522317033,0,113540830202
47.72795128013693,1,113540990201
27.0491389574402,0,113541040201
16.762907713512302,0,113541090101
15.961301562741564,0,113541090102
27.63294893244469,1,113541250201
26.373270651618824,0,113541250202
49.72642358616353,1,113541300201
47.38206587080727,0,113541300202
29.028093332928947,0,113550110201
25.48440101206482,0,113550280201
48.377855465933074,0,113550400201
43.27818638435791,1,113550400202
13.208194180491478,1,113550490101
14.438923577263955,1,113550490201
36.59722813056905,0,113550560101
39.020946432023806,1,113550560601
47.30734654417673,0,113550840202
41.411751292229894,1,113550910101
39.476848805366714,0,113550960201
38.2480524246592,0,113550960202
37.64643980163244,0,113550960203
28.365800049294222,1,113551030201
34.94579150061827,0,113560140101
44.18950459523483,1,113560140102
36.85649654281889,1,113560140103
42.97085173751565,1,113560170101
28.03052076310798,0,113560170102
53.70316622426642,0,113560490201
19.844334388017273,1,113560530201
18.84310224344836,1,113560610201
15.91556033987388,1,113560610202
10.380118387017086,1,113560760201
19.393789662582602,1,113560760202
16.892527991784462,1,113560790101
5.6194917797636545,0,113560820101
14.9927644525509,0,113560880201
38.245087109136634,1,113561060201
41.08536716614928,1,113561060202
57.73596652949245,1,113570120101
52.12329153365814,1,113570120102
45.094166109379636,1,113570300201
38.96677664627935,1,113570300202
45.77357477358481,0,113570350201
49.221176416384985,0,113570350202
63.044759008458584,0,113570400201
30.926513245714652,1,113570570201
39.063934835771995,1,113570870201
35.17430362915212,0,113570870202
10.672192554383761,0,113571050201
22.61765007814202,0,113571050202
48.348171493385124,1,113571190201
45.49805346274956,0,113571240201
44.26012632663049,0,113571240202
38.6302852813945,1,113571350201
29.50537523676196,0,113571420201
38.07391321236312,1,113571420202
31.293597853359884,1,113571420203
42.339672855226425,0,113580480201
40.7890749691733,0,113580480202
18.72540958609301,1,113580510101
18.606479312316527,0,113580510102
28.7828298545031,1,113580510201
21.361815225219736,1,113580510202
46.38697726433401,1,113580560101
37.18282645620498,1,113580630201
34.37207359546322,1,113580700101
33.9242123622849,1,113580960201
36.84303620236464,1,113580960202
43.44399477849656,0,113590170101
41.79717819803723,0,113590360201
44.59914487827528,1,113590400201
58.30608323262611,1,113590400301
37.37054110225501,0,113590510101
42.46266250308726,0,113590590101
54.92291699715466,0,113590920201
55.62686222520256,1,113590920202
49.66439272366502,0,113591220201
40.740861883449426,1,113591260101
20.39900979300446,1,113600030101
25.082801978465536,1,113600030102
9.929571947476951,0,113600060201
16.401752393568007,1,113600060202
11.422019016702267,0,113600110201
17.71764133691866,0,113600140201
29.217420937343626,1,113600140202
12.683005029576357,0,113600170201
11.377713394602141,0,113600170202
14.656698094298484,1,113600170203
22.95857844887237,1,113600230201
22.039408798276327,1,113600280201
28.181210991137085,1,113600310201
17.556281851747805,1,113600310202
47.507754572299405,1,113600340101
16.546424911107188,1,113600370201
29.902699606201338,1,113600450201
30.9003345211762,1,113600450202
19.66909694387213,1,113600480201
6.542412492491412,0,113600480401
18.994546225645657,0,113600570201
20.52628775946711,0,113600570202
23.750567973488327,0,113600600101
34.26659796382329,1,113600680201
34.8296514557713,0,113600710201
53.24697059332564,0,113610020201
49.43422357273281,1,113610020202
9.528326704718943,0,113610210201
5.984082009656962,0,113610310201
9.527802166586497,0,113610350201
15.348680594069144,1,113610350202
9.061393958242192,0,113610450201
7.168989072221281,0,113610500101
24.536564626394327,1,113610550201
24.459523164290736,0,113610550202
14.597445463212239,1,113610600201
20.13040534139128,1,113610600202
15.83688218895779,1,113610700201
21.325753800716285,1,113610740201
15.186146057878108,0,113610740202
12.996497921024286,1,113610800201
9.55830392962437,0,113610800202
19.224052973433565,1,113610850201
13.0457929728987,0,113610850202
9.027713140081339,1,113611080201
29.67029814159713,1,113611130201
10.391727004585807,0,113620050101
11.841949500742405,1,113620050601
11.572665367528533,0,113620050602
6.625308809821739,0,113620100101
13.474059154595835,1,113620100102
20.611863608308017,1,113620200201
19.58336095163427,0,113620240201
25.806558678073564,1,113620240202
0.8163139810237929,0,113620280202
25.78739718123355,0,113620320201
19.01988877912858,0,113620320202
35.94163609765336,1,113620370201
27.52204906748454,1,113620410201
13.647270780716912,0,113620410202
13.513316145384213,1,113620430201
8.18397633354966,0,113620480201
22.318911197631735,1,113620480202
14.467061811860347,1,113620480203
10.953108176307113,0,113620540201
6.814895499863148,1,113620570201
40.18110220411435,1,113620590201
9.439613897839768,0,113620610101
12.717757955425046,1,113620610102
25.664923633245344,1,113620640101
18.46810984266289,1,113630150101
7.101471953480755,1,113630150201
26.37185914203973,1,113630190501
16.71728246259772,1,113630230201
11.326638274512723,0,113630230202
22.30523913989566,0,113630280201
23.428123232610453,0,113630300201
24.683798268792643,1,113630380401
43.36001289070219,1,113630450201
8.225784262185586,0,113630470201
36.444941332911974,1,113630490201
40.930374295554465,1,113630490202
9.774600087833123,0,113630510201
20.967764576295444,1,113630510202
30.563063839150367,0,113640050501
24.905709226966216,0,113640080201
35.847156258522965,1,113640110101
31.81758729176173,1,113640110102
20.39970597667217,1,113640150201
52.396086481835546,1,113640180201
45.782478598837216,1,113640180202
15.030795836038845,0,113640210201
34.69794703098472,1,113640310201
23.096511527340517,0,113640310202
32.65752665592788,1,113640310203
20.034728280466375,0,113640390201
22.947647871339726,0,113640390202
28.295563293291373,1,113640390203
21.135865339129477,1,113640450201
12.91583862858805,0,113640530201
17.779121517775323,1,113640570301
22.337963581320977,1,113640570302
20.610054586708173,0,113640570303
8.680903225690152,0,113640610101
34.247403070825015,1,113640710201
47.19134599342637,1,113640740201
45.35826935694079,1,113640740202
27.984553435939773,1,113640780201
23.32685911750477,1,113640780202
10.047615481728537,0,113640820301
14.53911927415089,1,113640860201
16.90049676364017,0,113640860202
26.795516732584577,1,113650040201
14.817798871863761,0,113650040202
17.756977629086965,1,113650070201
11.079069433655244,0,113650070202
6.266412186118057,0,113650070203
20.79699174533303,1,113650140201
17.375035740757895,0,113650240201
12.517813075482582,1,113650340201
26.380477685400894,0,113650370201
18.59340317766708,1,113650370202
16.74704623295968,1,113650370203
24.97759916579282,1,113650390201
25.208105339266133,1,113650390202
33.43613896091545,1,113650420201
33.17181687115033,0,113650450201
48.81730615342383,1,113650520201
37.014555144616324,0,113650520202
42.93657216355545,1,113650520203
40.29095083529342,0,113650560201
34.04835005126923,0,113650560202
8.5300184282213,1,113650590101
29.822489963503106,0,113650620201
31.787701196630714,1,113650620202
31.27520392469425,0,113650650201
12.485067079671325,0,113650680201
34.16328717469571,1,113650710101
31.718245222565272,0,113650710102
4.673906500206036,0,113650740101
30.00627545891706,1,113650760201
19.675954366581244,0,113650760202
15.027834392613821,0,113660020201
26.520987871271544,1,113660020202
18.707061810371265,1,113660060101
26.57928854749171,1,113660060102
35.25401103373988,1,113660140201
23.364015491094758,1,113660180301
22.422645737935248,0,113660180302
6.515894696662039,0,113660220201
2.8067197547487757,0,113660260201
24.058109369293746,1,113660380201
10.211137477822353,0,113660380202
27.1387806118632,1,113660420201
12.336326282962286,0,113660500201
9.17051954286335,0,113660500202
18.34404388975378,0,113660870201
17.335218141934803,1,113660870202
20.533904542310538,1,113660950201
22.440281388272066,0,113660950202
21.261456933585126,1,113660990201
25.738769299845494,0,113670010101
33.30248853020187,0,113670120101
6.48904441074464,0,113670140201
26.90758229873475,0,113670390101
28.930654370693926,1,113670390102
3.414799279612497,0,113670410401
8.879090688275706,0,113670540201
10.544617856479347,0,113670570101
18.68157981804695,1,113670570102
54.14780547125796,1,113670620101
11.491354029393545,0,113670640201
51.54101644358032,1,113680110201
52.14475549903449,1,113680110202
49.531921002190806,0,113680180201
35.412953023892854,1,113680830201
38.376052588987996,0,113681320201
45.669913638655636,0,113681320202
45.92692426246328,0,113681390201
51.08654822434532,1,113681390202
20.50794574086521,0,113690040201
9.89305484447232,1,113690050201
8.59906104484345,0,113690080201
11.81249675350523,0,113690080202
29.548589992114582,1,113690100201
11.42486718667083,0,113690130201
18.42806833665501,1,113690130202
29.628937199027867,0,113690140301
32.52074302026706,0,113690220201
27.424422591195693,1,113690230201
41.33622697716583,1,113690260101
26.659676677471776,0,113690300201
27.812522703225305,1,113690340101
19.316445314944165,0,113700030201
18.524136128223166,0,113700030202
20.849460908657488,0,113700030203
44.68529344298495,0,113700070101
10.573749922931322,0,113700150201
7.178904788771639,0,113700150202
33.802257799834734,1,113700190201
22.17358445548144,0,113700230101
24.62864358923141,0,113700230102
38.697962181091206,1,113700310201
19.613533073693148,0,113700520201
16.432801292661868,1,113700560201
13.665658112359548,1,113700560202
29.721143341887853,1,113700600201
17.80402813491393,0,113700600202
14.473129213722034,1,113700630201
17.689497109051914,0,113700710201
55.917594530579585,1,113700850201
46.39505844784574,0,113700850202
40.32602989512037,0,113700960101
31.265302017356362,1,113701000201
21.447707954268793,0,113701000202
17.703704662554138,1,113710120201
21.987073684786104,1,113710190201
16.594465379793053,1,113710250201
12.851880559956845,0,113710250202
6.09107955615414,0,113710250203
8.1325082315214,0,113710410201
12.514939350417983,1,113710570101
11.054025546536957,1,113710630201
14.477448053274735,0,113710680201
14.318989680383119,0,113710680202
19.13126114688813,1,113710680203
15.915047874029375,0,113710760201
10.860997349085455,1,113710820201
17.420143516443247,1,113710930201
19.76160962248502,1,113710930202
5.527118722310229,0,113711000201
21.746000385565356,1,113711000202
40.928021107696885,1,113711050201
12.171135869094718,1,113711160301
17.942800522206735,1,113711160302
16.625990478964972,1,113720020201
13.540921741218035,0,113720020202
10.599332502888137,0,113720050101
12.409119490966212,0,113720050102
15.616534427789533,1,113720080201
17.609191035059585,0,113720110101
16.466144726783146,1,113720110102
20.82493351087849,1,113720110103
22.292727210554965,1,113720140201
14.562762168761541,0,113720140202
17.064871614003497,0,113720220201
16.09475594296329,1,113720220202
12.28696363189731,0,113720220203
18.52353353262579,1,113720280201
11.60309066798723,0,113720280202
15.893626755047437,1,113720320201
12.923887646519798,1,113720360201
8.035826543462546,0,113720390101
12.807993122111107,1,113720390102
9.657635867209788,0,113720390201
19.659082044814376,0,113720390202
10.952763037055451,0,113720420201
16.792990814745902,1,113720420202
18.21723159578973,1,113720480201
7.41722235812612,0,113720510201
14.336692485131934,0,113720540201
11.893065464696663,1,113720600201
13.392653097236847,0,113720640101
7.718092384135719,1,113720640102
6.697317785405835,0,113720640103
14.62172733094236,1,113720730201
13.267883023913777,1,113720730202
19.394964031632277,1,113720730203
15.254406074857602,0,113720790201
39.28263973098922,1,113730030201
52.45180655807269,1,113730070201
44.951848501908586,0,113730070202
44.536562968278226,1,113730150201
37.579253165691355,0,113730190201
52.85317134262514,1,113730220201
33.87409072566824,0,113730250201
32.37459130547519,0,113730250202
26.20488423306044,1,113730410201
24.05998766045781,0,113730470101
32.13485248954893,1,113730580201
51.529499399205804,0,113730710201
31.704968298098645,0,113730800201
6.314704654135428,0,113730820201
27.05420465728158,0,113730840201
17.466511473687934,1,113740040101
15.148956271000483,0,113740040102
15.738500444740719,0,113740140201
11.921321641375243,0,113740140202
7.619321277894659,1,113740200201
13.758662420439254,1,113740200202
18.629767801256257,0,113740250201
24.068600054584238,1,113740250202
16.08349983562424,0,113740250203
25.550661033876406,0,113740250401
57.58881243260652,1,113740360201
54.446015729356816,1,113740360202
34.49138757659747,0,113740710201
41.91208853259707,1,113740710202
11.218629752513953,1,113740780301
11.033370504823068,1,113740780302
20.717736335985155,1,113740780303
16.38981785701326,0,113740830201
8.719924056077701,0,113740880201
28.040715402351136,1,113740930201
15.428847974982887,1,113741020201
6.731248080551115,0,113741070201
14.005367524784347,0,113741070202
15.23377977173861,0,113741120201
21.2280879670917,1,113741120202
13.691923064142022,1,113741170101
7.3757096002910565,0,113741170102
20.61678180917732,1,113741170103
16.87340464005124,1,113741210201
22.914165402767928,1,113741210202
28.15164882153558,1,113741340201
14.78395170640945,0,113750010201
26.30444323962405,0,113750030201
19.8588148403478,0,113750030202
35.15380685574546,0,113750050201
37.92880819723481,0,113750060201
33.09052719545806,0,113750060202
26.29461208342225,1,113750070201
35.7030843065681,1,113750150201
31.801602962149108,1,113750160201
28.284169848615168,1,113750160202
16.337410265954773,1,113750190201
21.61093259965034,0,113750210101
16.428228848044522,1,113750240301
13.891333743263443,1,113750240302
17.167274471893112,1,113750250201
8.274834334740586,0,113750250202
27.23400269123802,1,113750280201
30.70576964175167,0,113750320201
26.137894200018362,0,113750330201
15.585203440301171,1,113760010201
6.837061053114672,0,113760010202
14.33539846298429,0,113760030201
11.681140686884628,1,113760030202
12.76003515665912,0,113760070101
17.8810716524143,1,113760130201
4.995330263775371,1,113760180101
14.560788038881267,0,113760220301
22.406167193691754,1,113760220302
10.374120486515762,0,113760250101
16.874846712924302,1,113760250102
6.304636366221798,0,113760290101
10.167467578643414,0,113760290102
24.910463435848648,1,113760410201
24.937854483944655,1,113760410202
6.723274460462726,0,113760470201
10.116702946168514,0,113760470202
56.608106995815724,1,113770110401
61.55439346715785,1,113770140201
58.03266486124847,1,113770140202
46.823360862932084,1,113770290201
52.87699469462761,0,113770420101
57.18101820978768,0,113770450201
61.12513654286427,1,113770450202
56.55975793210881,1,113770550201
54.82598834451963,1,113770550202
56.90557928277531,1,113770550203
60.073243880139444,1,113770630201
60.249776738823456,0,113770630202
49.88520756552934,0,113770660101
56.1383035657879,0,113770660102
33.67349313696903,1,113770730101
7.594425444710536,0,113780040202
19.621656538361155,0,113780100201
14.943184482505519,1,113780250201
8.857229480532984,0,113780340201
15.43796520812055,1,113780340202
14.47560406366797,0,113780380201
16.042489915640132,0,113780510301
6.74093578310533,0,113780510302
9.861934007123095,0,113780510401
4.273903227801251,0,113780510402
16.17334761465797,0,113780560101
11.98758387188304,1,113780610201
9.457645349849791,0,113780610202
12.705159945360073,0,113780660201
17.015048113883893,1,113780660203
10.450507689632357,0,113780750101
7.010958703847015,0,113780750102
12.410766707167035,0,113780790101
4.6491150249067035,0,113780790102
15.769178817097192,1,113780830101
13.435587222554766,1,113780830102
8.045202596665133,0,113780880101
16.660916390580304,1,113780920201
9.491733019243682,0,113780920202
13.006585030187322,1,113780960201
9.900943898636598,0,113780960202
9.989580667106942,0,113781000101
29.062049632080964,1,113781040201
33.94908938758057,1,113790030201
23.957716539830336,0,113790030202
26.613732278550557,1,113790280201
24.463591145695194,0,113790280202
38.70941773199809,0,113790340101
62.007365539229085,0,113790740301
56.24403183503028,1,113790740302
61.86554096737448,1,113800220201
53.318052615484014,1,113800360201
28.104630943283098,0,113800380201
34.755996177095504,1,113800380202
31.622198969779653,0,113800380203
43.20723741655622,0,113800440201
37.853697980238124,1,113800540102
49.382801044678686,1,113800570101
64.51711024972487,1,113810030201
17.149184149759627,0,113810060301
22.416880288204275,0,113810180101
19.02481128362718,1,113810370201
29.161587732676022,1,113810370202
33.632335139436535,0,113810430101
12.717499152638844,0,113810570101
7.843512994547323,0,113810670201
23.802733208501493,1,113810700201
27.980981064344267,1,113810730201
15.707851726775761,0,113810730202
13.010008336326646,0,113810770201
29.163458370013828,0,113810800201
29.657117487210577,0,113810800202
7.557424915647293,0,113810830201
14.043269589335903,0,113820020201
9.255076206839721,0,113820020202
7.27711871119603,0,113820040101
10.081886672601556,0,113820040102
16.53996615534261,1,113820080201
8.73674714804237,0,113820120201
19.394749207364324,1,113820140201
20.14911626429373,1,113820140202
16.761401720435277,0,113820140203
11.07175523686898,0,113820160201
20.509579130465937,1,113820180201
14.977149441341552,0,113820180202
18.033477910288138,1,113820200201
10.828278240246004,0,113820200202
7.676470020151041,0,113820220101
18.591013665023855,1,113820220102
9.39906564435212,0,113820300101
6.94732100729664,0,113820340101
10.801576179479135,1,113820360201
22.009449777452126,1,113820450101
7.6945323590457075,0,113820450102
19.073204208967788,1,113820490201
10.16009145281038,0,113820510201
12.975206583261416,1,113830010201
19.843173025482976,1,113830010202
17.503376368473102,1,113830010401
11.404353114957804,0,113830040101
9.814310717768379,0,113830040102
9.799675664472957,1,113830110201
17.174979346460248,1,113830130401
12.727318682782684,0,113830170201
19.995564375703733,1,113830270101
11.08095210676941,0,113830270102
17.329385884137352,1,113830300101
12.982637292451006,0,113830360101
12.149901759987932,1,113830360102
20.063297340637767,1,113830420201
12.861217599421504,1,113830420202
18.420099297525717,1,113830450101
14.659485530739616,1,113830540301
10.760472061339907,0,113830640101
21.058254186275946,1,113830640102
26.91106714795968,1,113830660202
10.703386694185273,0,113840010601
16.674465347416522,1,113840010602
5.3054903478148665,0,113840100201
3.7671564441724303,0,113840140201
5.852781008651842,0,113840140202
21.298773180072672,0,113840350201
24.608642051244757,1,113840350301
12.003425641593985,0,113840430201
21.165747802704374,1,113840430202
28.98584475808643,1,113840460201
30.47871249320083,1,113840460202
24.869815268679446,0,113840480201
20.25218244491232,0,113840480202
39.320585862529455,1,113840510201
12.600495110308294,0,113840540201
8.541756272414434,0,113840540202
13.494334115915604,1,113840570201
26.89493350871507,0,113840620101
26.674755578638557,0,113840620102
46.08733737257168,0,113850010201
45.937720346080866,0,113850070201
49.47041361418189,1,113850100201
40.75147870145039,1,113850130601
43.26565435805938,1,113850420201
36.04922755859389,0,113850700201
25.385982313541696,1,113860030201
24.69650742200996,0,113860230301
5.557327315233336,0,113860260201
18.959272002203207,0,113860390201
22.7720307264402,0,113860390301
19.074212410750338,0,113860390302
38.180469231747,0,113860560201
25.339677783627067,0,113860660201
29.180624846103612,0,113860660203
22.02495532564547,1,113860760201
5.801852290734144,0,113860760202
29.184446485887108,1,113860820201
22.159312159206742,1,113860820202
9.159522444219412,0,113860860201
17.090967818711114,0,113860940102
19.987989307396937,1,113870090201
12.803663280870545,1,113870090202
20.996652566931306,1,113870100201
17.43702059498844,1,113870190201
13.191216659688601,1,113870190202
24.674057275292128,1,113870190203
14.874703477180724,1,113870230201
7.3456652826617415,0,113870240201
11.087633441299047,0,113870240202
12.147754110320655,1,113870260201
19.4724098015743,1,113870260202
17.334994471476445,1,113870270101
6.147598531722053,0,113870270102
10.464194005408764,0,113870300201
12.219867297755869,0,113870300202
13.116238179620844,0,113870310201
0.3963387380397059,0,113870310202
2.78053710004259,0,113880050101
11.657475583630127,0,113880050102
23.013733051693478,1,113880090101
4.764193495018921,0,113880090102
8.767989517173977,0,113880090201
11.23550127213273,0,113880120201
14.270107398962992,1,113880160201
18.115474896699993,1,113880340101
19.789652393141075,1,113880340102
16.272103708650093,1,113880340103
14.321911539538712,1,113880450201
13.620876255409406,0,113880450202
8.722654429762878,0,113880530201
3.195227499880769,0,113880560101
6.1228980678037495,0,113880640101
3.8402695407366503,0,113880640102
6.108462725024887,0,113880740201
10.381495874696467,0,113880780101
38.313543519559474,1,113890230101
39.64557645124112,1,113890230102
48.24262791257813,1,113890260201
45.76866170634806,1,113890280201
52.94846932604828,0,113890430201
60.61459661683899,1,113890510201
57.125387979482085,0,113890600201
60.683420875946695,0,113900030101
60.608520083433326,0,113900080101
42.65177088016323,1,113900490201
52.880150031533724,0,113900600201
40.62282906926576,1,113900600202
58.69691342979991,0,113900900101
55.893822673962646,0,113901300201
55.532007194674506,0,113901350201
53.07723081290027,0,113901350202
53.42998108458779,0,113910040201
57.2119170447347,1,113910430201
51.13573314511439,1,113910520201
50.90902027699744,0,113910720101
51.53890241150928,1,113910720102
51.56379049318542,1,113910720103
51.22871383856397,0,113911310201
59.81668308722249,1,113911360201
49.626033507949174,0,113911360202
53.968225510350024,0,113920160201
65.74778942990113,1,113920210201
65.99277901775349,1,113920330201
54.6367704196428,1,113920420201
56.545967336251145,0,113920530201
54.4329333687918,0,113920700201
56.516325979940206,0,113920740201
56.72853959352665,1,113930200201
58.4093893244264,0,113930410201
61.60983326814578,0,113930510101
57.78635075471351,1,113930570201
59.406794583776474,0,113930650201
57.43191193617059,1,113930960201
56.808447163734364,1,113931030201
60.23234541838496,0,113931080201
35.115147783121316,1,113940070201
34.78824631341102,0,113940160201
37.52944253591795,0,113940160202
15.508293226745725,0,113940330201
18.96301688452231,0,113940330202
44.94455636378658,1,113940350201
24.47846817078182,1,113940370101
42.27453599283265,1,113940420301
19.427326123782116,1,113940480202
30.930412966780967,0,113940520201
33.06266832560085,0,113940520202
42.89444216016466,1,113940560201
39.79085606532972,0,113940560203
27.398091817065847,0,113940580101
23.385953806259682,0,113940600101
35.44121070239771,1,113940600102
39.780010750342065,1,113940620201
26.22829290606206,1,113940630201
31.799859291986998,0,113940630202
28.305084832584715,0,113940630203
25.264521266597683,1,113950020101
7.166900446217689,0,113950020102
15.233711694276707,0,113950100201
6.158557787341426,0,113950130201
9.34185096424007,1,113950130202
21.824779514787863,1,113950200201
19.496411839692904,1,113950230101
8.867083227638004,0,113950290101
9.427822958663167,0,113950290102
11.22508264293223,0,113950310201
9.19926514200163,1,113950310202
18.983436056663827,1,113950500201
19.655168638760397,1,113950550101
22.055370667718776,1,113950550102
19.78855493692881,1,113950570201
15.793402148414001,0,113950590101
22.01664054891082,0,113950590102
4.336613619447872,0,113950660201
15.857404028448084,0,113950750201
45.5078444581395,0,113960070201
27.137609637131813,0,113960110201
53.348381393491884,1,113960160101
54.27766854197652,0,113960180201
51.555398231887516,0,113960230201
58.06204505658015,0,113960230202
51.62602817140224,0,113960270201
57.037553859836024,1,113960330101
59.891784592129,1,113960410201
54.2834464251637,0,113960410202
57.932697028509814,1,113960450201
59.12929329739649,1,113960640201
62.11135916582374,1,113960670101
59.25588022867445,0,113970390201
64.56708284071765,1,113970590201
49.857157177489086,1,113970640201
52.95041382033824,0,113970690201
58.240321575637246,1,113970790401
38.88068416500074,0,113980030501
56.9327329416056,1,113980320201
48.721188506360434,1,113980590201
48.27262537875178,0,113980920201
48.97706172064943,1,113980970201
70.82534658757702,1,113990090201
55.3174126899546,0,113990280201
59.56121020823575,0,113990350201
56.388456667461234,0,113990600201
65.72456569440907,1,113990790101
58.83842281731655,0,113991190201
61.625721968233044,0,113991250201
62.39961723990726,1,113991340201
51.17101337272186,1,113991560201
55.726221480112144,1,113991560202
59.62064147946908,0,114000020101
60.24543537675352,0,114000060201
47.05997488898809,1,114000160201
45.766229645315924,1,114000240201
52.17538205970743,1,114000470201
55.293469660534996,0,114000470202
47.66216852807821,1,114000570201
54.249409434675705,0,114010090201
62.78281922198314,0,114010090202
57.88677099054704,0,114010430101
40.35497279654793,0,114010940201
60.811624721036175,1,114010980201
67.03334608561048,1,114010980202
45.619275944172514,0,114020010201
43.27637961814153,0,114020060201
49.95119050254984,1,114020120202
64.75059518210199,1,114020420201
59.517232588870364,1,114020460201
51.770957886167636,0,114020490201
44.411931344643584,1,114020530201
51.73572116698096,1,114020530202
38.003328068205896,0,114020640201
53.26834402980516,0,114020770201
60.020402861905396,0,114020820201
50.297701056039,1,114020890201
46.46114651387718,0,114020890202
63.48304708631146,1,114020920201
43.53411337498093,0,114030060201
50.53018858989835,1,114030060202
37.98869883935068,0,114030160201
49.595252948579386,1,114030380202
47.350021911389135,0,114030380203
38.14178116068872,0,114030410101
38.0205884011602,0,114030560201
30.070690287920364,1,114030630201
27.26248374943201,0,114030630202
44.90131959024217,0,114030720201
39.67800224716698,1,114030720202
43.28054477168545,1,114040230201
41.685263313124764,1,114040330201
61.69486440318861,0,114040560201
62.051596156303575,1,114040630201
63.61261397815416,0,114040630202
56.99306038372634,0,114040710201
42.33177503880624,0,114040900201
50.68442421639977,1,114050310101
61.129730962982414,1,114050720201
59.26356223177565,0,114050720202
52.472394056690206,0,114051050101
57.83830149412675,1,114060070201
63.534431334025825,1,114060310201
55.126834022982095,0,114060650201
50.28989456733738,1,114060650202
56.806816979303,0,114060680501
59.017884510785166,0,114060710201
56.62194244988689,1,114070010301
55.236118649642926,1,114070120201
53.7410512920366,1,114070120202
61.44947550283613,0,114070220201
60.32978458106158,0,114070250201
48.00958339969258,0,114070400101
58.59405373111501,0,114070510201
56.065470192862236,1,114070510202
45.54241368888819,0,114070670201
63.76410460006691,0,114070780201
38.15351206524815,0,114070880201
59.138043421399765,1,114080220201
54.850788750108116,0,114080330201
54.860600303958634,0,114080390301
49.26593709090533,0,114080440101
53.41423558125064,0,114080700201
52.700521838626614,0,114081390101
15.915962329918264,0,114090270201
30.3126685151658,1,114090400301
15.029118212242633,1,114090450202
30.837404916577395,1,114090550201
33.93603740837544,1,114090550202
15.069639135341014,0,114090770201
29.118583847968935,1,114090830201
21.30276707916156,0,114090870201
23.387978401873177,1,114090870202
25.202842976626382,0,114090970201
28.03035906418908,1,114091160201
57.182775804184594,0,114100100201
53.35914417462219,0,114100220201
43.77935940213547,0,114100310201
57.20761408141115,0,114100350201
50.58726535750366,0,114100400201
52.10344193362674,0,114100400301
50.17124039260812,1,114100530201
23.6161875565201,1,114110060201
48.761871649639055,1,114110170301
9.340638006541909,1,114110290201
7.220413127816553,0,114110290202
24.625642374902938,1,114110320201
18.269526563601843,0,114110320202
6.0725592639641945,0,114110430101
13.050235328481229,1,114110460201
20.14267173732756,1,114110510101
12.128222318348158,0,114110570201
3.1030448754316904,0,114110600402
14.67382306091167,0,114110640201
15.297481300158003,0,114110640202
13.378754252689838,1,114120080201
7.570001997864834,0,114120080202
22.950316515281642,1,114120120202
21.286746422736325,1,114120220101
26.052076996059398,1,114120290201
27.924728023948425,0,114120290202
41.82557743527471,1,114120330201
35.37780247533861,0,114120330202
26.92474486689812,1,114120470201
27.055420769087164,0,114120470202
23.032761846732065,1,114120580201
39.48438764221242,1,114120650201
31.80706231463072,1,114120690301
26.58724567128687,1,114120760201
10.03950292537113,1,114120860201
33.065203474296084,1,114130100201
34.953970062035744,1,114130100202
70.03705523991428,1,114130350201
62.79086963260504,1,114130350202
17.294924186723414,0,114130430201
38.70306882449218,1,114130620101
31.62541667148952,0,114130900201
29.167736959571926,0,114140280201
57.703590272415006,1,114141050201
49.18678278444516,0,114141100201
44.845729652297514,0,114141250201
15.238719360309174,0,114150090201
51.37400935394303,1,114150130401
49.34405115960714,1,114150210201
51.15037138383633,1,114150380201
53.23021881672584,1,114150380401
63.25445641259117,1,114150460201
44.02562212225618,1,114150550201
28.949930807039465,1,114150720201
22.954284890836234,1,114150720202
37.11393912539517,1,114150800201
39.958788241778095,1,114150920201
21.77999209636951,1,114160300201
11.762184623057653,0,114160330201
18.617607651927678,0,114160450301
22.543171931750386,1,114160510201
28.640673443372805,1,114160510202
34.83705687314582,1,114160640201
31.758493137315234,1,114160640202
9.828400443063767,0,114170220201
49.141147658802126,0,114170380201
51.089486909168016,0,114170460201
11.349218880688145,0,114170580201
27.211734027847648,1,114170580202
18.522089138843317,0,114170660101
21.354336785165025,0,114170660102
50.09683877461788,0,114170850201
55.62129266467169,1,114180160201
46.914848176889436,1,114180260202
44.551277508256355,1,114180260203
30.261619852382857,1,114180380201
49.85382204130765,0,114180500201
46.86678764319524,0,114180650201
40.42812718712791,1,114180780201
57.71161205432236,1,114190120201
61.92806826486942,1,114190150201
52.0095429561758,1,114190180101
53.072205147425315,0,114190280101
55.03733888147454,0,114190280301
65.94998514482938,1,114190350201
57.286893040870474,1,114190550201
62.98779135865783,1,114190550202
63.18120500590563,1,114190700201
53.06805380157872,1,114200020201
58.968437886382496,0,114200060201
52.26891010607163,1,114200060202
60.68834774884236,0,114200150201
64.87731132694807,1,114200280101
62.743151080313744,0,114200280102
62.670844187579874,0,114200630201
55.79932744191574,0,114201140101
21.3496959562868,1,114210160201
14.265872883635712,0,114210210201
4.5632730883348875,0,114210240402
20.229570824666805,1,114210270201
47.51105569257802,1,114210300201
22.85484891448305,1,114210470701
55.8099320741436,1,114210620201
27.618870701630534,0,114210710201
45.67916348032716,1,114220100101
37.89703707695258,1,114220130401
27.203985594008056,0,114220150201
19.265733540302275,1,114220330201
25.710406281966012,0,114220410201
33.23676847257355,1,114220570201
30.381820144920454,0,114220570401
24.352917039819104,0,114220630401
37.75247401842233,0,114220630402
29.679557084965683,0,114230070201
45.43898547703206,0,114230420301
18.9865567487358,1,114230720201
11.426073094376944,1,114230720202
53.19332330747808,1,114230970101
41.9497754306128,0,114231070101
51.55589497284358,0,114231120201
62.641724768299646,1,114231120202
62.3107538319359,0,114231250101
58.40699522734155,0,114231250102
33.3049944868297,0,114240310301
36.926659547011546,0,114240470401
32.83784088227422,0,114240470501
17.320382561026015,0,114240520201
23.044790183878277,1,114240570201
13.108167643091612,0,114240730201
30.332425334654086,0,114240780201
23.59113579916434,1,114240870501
15.555097412342224,0,114240920201
24.68535680985143,0,114240990201
55.25792918575756,1,114241140401
46.32331940170691,1,114250010201
16.668046153584985,0,114250110801
36.328491703571125,1,114250170401
10.944342534981766,1,114250290201
50.09285889374451,1,114250350201
41.92926053336718,0,114250400201
27.846550763484757,1,114250830201
23.49094278143464,1,114250890201
28.73588008508203,0,114250990301
19.968578543522437,0,114250990302
21.959195895831094,0,114250990402
34.15213984091626,1,114251160201
26.594229042200155,1,114251160202
21.421674415205327,0,114251280201
49.51199605980166,0,114260010201
49.76948696214583,1,114260400201
32.01120441166643,0,114260570101
36.00029184691217,0,114260570102
37.071011701428255,1,114260710101
36.06317437185671,0,114261010201
22.534890056573435,1,114270030201
28.165246479011167,1,114270080201
21.82838261672445,1,114270150201
5.162988272728426,0,114270150202
38.505605756406666,0,114270200201
40.84843475865345,1,114270200202
17.03551179049289,1,114270290201
26.388839528219474,1,114270340201
33.348323172146706,1,114270440201
25.449758814820143,1,114270700201
16.09879702703185,1,114270700202
20.40293699929706,1,114270860201
6.444356867859559,0,114270860202
10.898148321075194,1,114270930201
9.585496854548104,0,114270930202
6.401280147842033,0,114271030101
12.695562601754508,1,114271030102
20.635613285333186,1,114271030201
16.857497868744925,0,114271080202
14.27660545010369,0,114271130201
18.81162118309355,1,114271130202
26.06236362949068,0,114280140201
20.780352548118657,1,114280190201
23.247939074515422,1,114280210201
27.70041123803015,1,114280280201
19.289777629641787,1,114280330201
12.455509152169252,0,114280330202
30.97347068892493,1,114280350201
31.071957295386536,0,114280350202
29.101653846611338,0,114280510201
29.012436023289784,0,114280510202
6.682735531988748,1,114280560201
36.31402735562098,1,114290020201
37.06692125811044,0,114290020202
38.23038429783561,1,114290320201
30.61853528142211,1,114290350101
44.6599132283103,1,114290400101
32.63083490789341,1,114290460201
30.390437532281354,0,114290460202
32.39660337167285,0,114290500201
48.60661928884948,0,114290650201
15.365563226601743,1,114290680101
15.642727062478048,0,114290680201
27.079926240867163,0,114290890201
26.456679480723007,0,114290890202
39.89243554773142,1,114300020101
42.478633863132764,1,114300070201
24.792122386569496,0,114300160401
21.323823486214515,0,114300330201
16.162820973965065,1,114300370201
14.279881326844228,0,114300370202
15.681425732732071,0,114300370203
26.950533516886072,0,114300410201
20.669522936918714,0,114300410202
40.100756021941436,0,114300460201
50.489219510810265,1,114300460501
28.4883476048637,0,114300510101
27.246548227112854,1,114300550301
31.959738500829804,1,114301040201
25.034447079671025,0,114301040202
6.682220874391859,0,114310100201
7.564718778584682,0,114310100202
25.091235536680895,0,114310180201
12.37700009360454,1,114310240601
26.547245973905227,0,114310580201
21.278774455717212,0,114310580202
28.444047523751202,0,114310610201
14.903097741031617,1,114310690201
24.07105205837174,1,114320310101
28.202322449838586,0,114320350101
24.156935190335986,0,114320350102
28.389057232448913,1,114320700101
35.97327706781003,0,114320700102
58.4444674367229,0,114320930201
46.239028114609056,0,114321250101
52.13984510476966,0,114321250102
50.809717146167294,0,114321250103
46.02040876091896,1,114321250501
35.168357070817095,1,114330160501
40.04320645501332,0,114330210101
32.544043045233416,0,114330240101
8.87752210802144,1,114330280401
23.59011346746366,1,114330320201
25.93592881872985,1,114330320202
20.7683471622448,1,114330390202
25.285134134006626,1,114330430101
24.589258782360318,1,114330500201
15.686811750277965,1,114330500202
13.919512688265286,1,114330500203
5.7479005457439465,0,114330570201
10.292590516991435,0,114330620201
10.442955930011914,0,114330660201
17.75073242849763,1,114330660202
15.85395622851449,0,114330780101
11.65948618151674,0,114330860101
31.582473023163978,1,114330900201
29.173967179348928,1,114330900202
21.122671067632254,0,114330900203
22.225162591618844,1,114330940101
20.968494684125005,1,114330940102
18.43566430751426,0,114330940103
34.565550173932245,0,114330970301
19.44160728224179,0,114340570201
33.497125330642646,0,114340570202
19.122393159755337,0,114340670201
35.19988251924806,0,114340900201
19.99366498981503,1,114340980101
14.867523205676354,1,114340980102
22.167507118460676,0,114341010201
36.74275681505898,1,114350100201
34.08297546177272,1,114350150201
41.36087509415869,1,114350210101
35.54182916030205,1,114350440201
31.565415244198515,1,114350440202
15.25007263793043,1,114350500301
24.82835785338359,1,114350960201
21.144271312267982,1,114351240201
14.428188408115474,0,114351310201
25.279244925675382,0,114351360201
27.670376129814954,1,114360080201
23.126036612345032,0,114360120201
13.11219900944162,0,114360320101
8.370482338026326,0,114360320201
16.71160808888282,0,114360320301
17.53681591421395,1,114360320401
21.040035127048043,0,114360360201
24.428028866604254,1,114360520101
23.547241226809305,1,114360620201
28.227670672698185,0,114360620202
22.967980014303407,0,114360720201
21.561970973023538,0,114360720202
13.041321978635555,1,114360800201
19.998196836146864,0,114370020201
52.83285020148606,0,114370050301
3.8096225823669947,0,114370150201
24.89784233615512,0,114370270201
29.610249033465504,0,114370270202
29.37706187600664,1,114370300201
50.181988145004865,0,114370420101
48.951159075889684,1,114370470201
28.24948484704721,0,114370530202
24.21965661156897,0,114370630201
27.78003455961001,1,114370630202
35.348968529106884,0,114370790201
27.600436523117818,0,114380280201
24.7443337408208,1,114380280202
56.26641193498153,1,114380330201
52.56593801017213,1,114380330202
12.761501372618731,0,114380380201
16.44685315887775,0,114380380202
36.31093873458255,1,114380430201
28.649154470363253,1,114380430202
29.401910159849137,1,114380730201
31.513000711697526,0,114380730301
27.270267145348107,1,114380780201
36.740396593268436,0,114380980201
25.17660564319891,1,114381120201
27.222193592837204,1,114381170201
24.278173248858845,0,114381170202
28.34791124678479,0,114381210202
38.22649508180145,1,114381230201
29.027462801490245,0,114390140201
43.33442179990207,1,114390140202
42.86995061807863,0,114390140602
39.702331436093175,1,114390170201
59.83129147595013,1,114390260201
34.45819838369736,0,114390440201
35.930576389608945,0,114390500201
33.921589861994214,0,114390500202
22.879816911418644,0,114390530201
43.70612373870637,1,114400040201
29.495985038089945,1,114400130201
10.986343432653918,1,114400170201
6.467208218549388,0,114400170202
17.47051127380033,0,114400230201
11.034768439458396,0,114400410201
36.791542143520346,1,114400500201
17.212396206421573,1,114400600201
20.589325633351457,1,114400600202
38.681167468116094,1,114400640201
35.253117392104855,1,114400690201
17.251332297283195,1,114400820301
22.94342814236071,1,114400820401
50.305285009386196,0,114400910101
54.872629323638606,0,114400910102
27.37340604413529,1,114400960201
22.01776582446757,0,114401000201
33.92626989607757,1,114401140201
31.153962728622837,0,114410130101
40.76621135368124,1,114410130102
40.11565877018361,1,114410680101
38.0964584422005,0,114410730201
41.74510712431618,0,114410730202
35.41896352504272,0,114410830201
40.02890576964315,1,114411270101
38.62920654632905,0,114420030201
47.81042411181631,1,114420070201
43.02906666608997,0,114420110201
48.42199467958971,1,114420110202
32.655372232133146,1,114420400101
29.910706160881325,1,114420400102
36.60714499884235,1,114420430201
34.79279335289051,1,114420430202
45.0941724926778,1,114420520201
41.9934111181609,0,114420570201
39.65900835367743,1,114420740201
31.151621388918862,0,114420740202
29.259705213104592,1,114421050201
42.769117692170006,1,114430100101
44.825767725189024,1,114430100102
31.28404205247085,1,114430130101
19.785516529073625,0,114430130102
42.33126330467817,0,114430470301
21.512079487926137,1,114430510101
36.75441816973052,1,114430540201
36.551037687470945,0,114430570201
36.463806110050356,1,114430600301
27.806346361974967,0,114430660101
38.96743938379199,0,114430660102
41.16870919717045,1,114430660103
48.68437933624274,0,114430730201
44.55973755648287,0,114430760201
44.58213947431618,0,114430760202
33.12954384382228,1,114430760203
50.703821374836295,1,114440020201
38.308991838216926,1,114440370201
38.776243354358,1,114440530101
32.15449401057491,1,114440800201
36.87727515736814,1,114440800202
27.57325963150587,0,114450050201
41.120911301473896,0,114450080301
33.402153571241456,0,114450160201
26.638560546241738,0,114450160202
28.840122972233985,1,114450160203
26.957092814416434,1,114450190201
41.15702152787368,1,114450330101
43.11830355614639,0,114450360201
31.476925503141253,0,114450400201
31.308968897404245,0,114450400202
24.57607631643599,1,114450430201
48.621495934880805,1,114450500201
45.75571695482971,1,114450530201
52.99502134688626,0,114450600201
46.75593838963675,0,114450600202
49.03499957465207,1,114450600203
30.290142056083944,0,114450640201
34.441241098003545,0,114450640202
7.042208656479588,0,114450740201
37.37551134762351,1,114450770201
11.47318545499954,0,114460050201
36.59362013916855,1,114460550201
29.872897894406787,0,114460880201
20.367800982008326,1,114470040101
28.411374022004626,0,114470110201
39.32531968275131,0,114470150201
28.572265830526103,1,114470220301
44.0344955930151,0,114470320201
49.194186775184086,0,114470440201
47.1039071902543,1,114470440202
55.138116211634404,1,114470440203
54.68557033923199,1,114470680202
50.05182616907246,1,114470680203
45.17184259299256,0,114470730301
40.54093162295644,1,114470770401
38.98999071137351,1,114470770402
23.033076453751473,1,114470850101
21.3019951717374,1,114470850103
41.52940838157438,0,114470890201
29.388195812602774,1,114480010201
40.07335819898825,0,114480070201
30.36594051027965,0,114480070202
44.0995070766659,1,114480100201
37.65798748405633,1,114480100301
42.463421952105776,0,114480180101
39.32286467967749,1,114480210201
10.65285597584135,0,114480270201
27.943557031922595,0,114480350201
45.722154740438526,0,114480380201
49.46936874287935,1,114480440201
33.920572661361035,1,114480520201
27.977845244176663,0,114480520202
28.587382961574534,0,114480520203
25.59953755911325,0,114480690201
29.686748841580545,1,114490010201
26.041860835626107,1,114490020301
19.36944587268536,1,114490050201
31.181353300976955,1,114490060101
26.134543760983185,1,114490080201
18.412726050843517,0,114490090201
18.479448189090405,1,114490090202
32.787491660521724,0,114490130201
20.494769590492012,1,114490190201
30.479328620760214,0,114500160901
21.504326933601128,0,114500310101
24.13819700857087,0,114500410201
8.873761094159617,0,114500410202
30.89791581242117,1,114500460201
21.523768334586393,1,114500510201
18.337425288641146,1,114500510202
35.387473214980865,1,114500660101
38.758219110815205,0,114500760101
12.116181269456677,1,114500810101
46.69374286566375,1,114501010101
37.346840721780424,1,114501010102
23.90020581771198,1,114501060201
22.04207364583138,0,114501210401
24.46079950195376,0,114501250201
35.011299309075426,1,114501250202
54.935332616856826,1,114510040201
54.39396980676546,0,114510160201
45.70445037340472,1,114510220201
63.269807266618685,1,114510380101
59.07804223377807,0,114510730101
47.99800290825936,0,114520050201
55.87531646191021,0,114520380201
19.60717020736502,0,114520790101
50.26642893445112,1,114521140201
40.60416218862706,1,114521140202
50.432560078549656,0,114530020101
35.29900286900647,0,114530060201
30.428991242321256,1,114530060202
10.842973615616149,0,114530100201
7.943030725364228,0,114530100202
16.512961024874944,1,114530180101
17.52277391314648,1,114530180102
28.305917576934192,1,114530220301
33.35724478533733,1,114530430201
22.06236354788431,1,114530680201
35.44049832781505,1,114530720101
27.350830139052324,0,114530720102
60.98077017425133,0,114530760201
55.7659002594717,0,114530760202
33.170011933814656,1,114530990401
22.37706469660653,0,114540020201
31.95234796300807,0,114540080301
19.050136436872958,0,114540160101
32.207652117460626,1,114540160102
27.357651533283683,0,114540250201
26.191501475537734,1,114540250202
26.087608442457352,0,114540340201
25.465993537893382,0,114540430202
10.635826972783484,0,114540650101
9.323921397330064,0,114540730201
7.31771329093028,0,114540730202
26.069810319500625,1,114550150201
10.834705504576707,0,114550230201
19.166151673322126,1,114550230202
9.36647108295076,0,114550360101
45.614251053394256,0,114550480201
31.858581068616203,1,114550520201
6.081261561437426,0,114550560201
25.86435704081629,1,114550640101
24.145734050696465,1,114550680201
26.369148881519816,0,114550680202
32.19152079536366,1,114550720101
45.48890474424185,1,114550760201
18.696499834896116,0,114550890201
20.111644996832027,0,114550890202
42.17514210810343,0,114550971001
23.176564599913235,1,114551010201
25.04587125893335,1,114560030201
11.90920933967632,0,114560030202
28.434662099026525,1,114560080202
24.46641841322671,0,114560170301
0.6903973121047002,0,114560260201
20.953127424694863,0,114560350101
15.06011361711424,0,114560350102
22.49558093958812,0,114560390201
22.65317139556706,0,114560390202
36.97190791519663,1,114560440201
30.417514187249857,1,114560440202
30.521166985292446,0,114560480201
25.43830876684988,0,114560480202
27.67629253661316,1,114560570201
46.481095140566175,1,114560660201
36.66937023234162,1,114560710301
42.25692100553658,1,114560710302
37.02043615931512,0,114560880501
32.82107930742191,0,114560930201
21.127730854417706,1,114560970201
9.943879207448093,1,114560970202
50.32061985890785,0,114561060201
36.301166336903236,0,114561110201
42.97705641413228,1,114561110202
8.707957611289446,0,114570490201
16.750054690009637,0,114570550201
16.493158722670998,1,114570690201
19.63103978528762,0,114570690301
26.141907845022747,1,114570750201
24.440572843010894,1,114570750202
20.056704545190527,0,114580100201
35.44812202350546,1,114580100202
8.03427726656517,0,114580250101
20.14218646693838,1,114580340201
7.812335202434525,0,114580340202
48.7126675080132,1,114580440201
45.50131059815577,1,114580580201
50.989163371178314,1,114580580202
23.054669029594216,1,114580630201
17.286703528708536,1,114580680201
21.38903890957684,0,114580820201
45.607231483057525,1,114580870101
23.985352439747874,1,114580920201
33.26239072329561,1,114580970201
37.000057541701175,1,114581060101
15.181858366089621,0,114581100201
10.839460917012078,0,114581120201
26.644987271187038,1,114581120202
11.357151562939475,0,114590170201
29.950703396683064,1,114590240201
26.542379810122366,1,114590320201
18.260561512364625,1,114590320202
32.858881419517914,1,114590570201
15.837899554213495,1,114590640201
6.466843895093,0,114590640203
29.91814213460077,1,114590750201
40.377361124993946,1,114590750202
23.78149864327835,1,114590820102
30.92139623352458,0,114600030201
24.98333627194941,0,114600030202
44.2850133830042,0,114600200301
66.1193637133583,1,114600510201
32.92577387540635,1,114600550201
20.1486052967967,0,114600550202
21.69485943943706,1,114600760201
48.54246428646825,1,114601000201
23.144783413713142,1,114601160101
2.7761969863063927,0,114601230101
31.193369903567255,1,114610060201
21.262975912719416,0,114610100201
21.405486279842403,0,114610130201
25.753576991326973,1,114610200201
41.28339689215713,0,114610260401
37.1336682070544,1,114610300201
42.40821461914195,1,114610300202
51.32398544074407,0,114610400201
17.340647675876635,0,114610460201
28.92889643110487,1,114610460202
27.05774253659757,0,114610530201
20.63562879397298,0,114610560201
31.859648687036085,1,114610560202
32.25811331031723,1,114610600101
42.616613254024166,0,114610730201
31.569357031731048,0,114610760201
42.14369774692127,1,114610760202
28.141928516413476,1,114610790201
24.46085414314892,1,114620070201
48.95595531905196,1,114620140201
50.78196592898216,1,114620230201
28.753307343378474,1,114620250201
32.714491404911044,1,114620320201
39.20133050722281,0,114620320202
26.500706241426624,1,114620430201
46.80990674564368,1,114620460101
5.882489014766439,0,114620500201
25.478931933548836,0,114620570201
39.333093054910854,0,114630070201
57.83000291069821,1,114630570101
47.6636623933084,1,114630760201
31.172451821348645,1,114630810201
61.069093944213954,0,114630890201
58.27987192276855,1,114631250101
30.370761466689654,0,114640050201
31.81594142810281,0,114640050202
46.403600037335785,1,114640140201
32.763465191577,0,114640140202
36.612828501161886,1,114640230201
31.336470983365047,0,114640270201
18.552609918399774,1,114640360601
22.713328501419443,1,114640500101
11.051968381854032,1,114640600101
19.738344295240367,1,114640690301
45.77760993433978,1,114640780201
24.340578548823164,0,114640910201
35.151221169147995,0,114650030201
36.40618084497762,0,114650030202
23.03756447029391,0,114650070201
13.292022726506753,0,114650070202
23.480284418227477,1,114650110301
22.123706977724304,1,114650150201
33.059099937281275,1,114650220201
41.60794439091944,0,114650220202
32.28629202213981,0,114650220203
33.19797835482146,1,114650260101
35.62418364318911,1,114650260102
20.77299443665777,0,114650380201
23.94207828073814,0,114650420301
17.048343232581963,0,114650490201
31.851529926707926,1,114650610101
29.604890509921436,1,114650610102
31.24213881339581,0,114650610103
28.427600412074497,1,114650680201
26.22658831401378,1,114650720301
18.247406947706676,0,114650760201
25.83386305111749,0,114650960301
23.871006861331374,1,114650960401
15.966825108988271,0,114660040201
28.619842153993645,1,114660040301
7.768158402902917,0,114660070201
7.015986350824323,0,114660100201
32.321126287837075,0,114660140201
35.61088965123394,1,114660140202
11.447098343383365,0,114660200201
15.64002002875168,1,114660200202
28.10901794927497,0,114660240201
20.866816785412343,0,114660370201
17.309061963488247,0,114660400201
22.314089971058586,0,114660400202
18.0390809808977,0,114660400401
23.390299267279897,0,114660400601
31.66868815854074,1,114660470201
30.35206952795326,1,114660540201
26.389610853476096,0,114660540202
25.355531191203937,1,114660570201
35.427492787278204,1,114660570202
20.114449242331663,1,114660700201
12.424475966733077,0,114660700202
30.111149345179633,1,114660770401
12.103979975726782,0,114660830201
48.620663314685466,1,114670090101
11.846293829780905,0,114670170101
7.022869793978003,0,114670210201
19.0160681141159,1,114670290201
26.6703318043365,1,114670290202
17.030259565756666,1,114670370201
21.527602333676292,1,114670370202
14.46405144405419,1,114670410101
4.060247226847873,0,114670410102
9.646244215855482,0,114670410103
57.04446957769916,1,114670970201
45.182595031853765,0,114670980101
57.891853424988966,1,114670980102
25.890139899801287,0,114671030201
21.797169463355388,0,114680030201
43.48378932725512,1,114680080201
44.151439707245984,1,114680080202
11.781997234477666,0,114680160201
11.497264019829743,0,114680160202
5.8690696841711025,0,114680160203
25.603157291127374,0,114680390201
4.794747525406129,0,114680480201
20.53742583379511,0,114680710201
14.550423704147331,1,114680760201
9.161409352167666,1,114680760202
10.018924955835423,1,114680810201
8.575854025125352,0,114680810202
19.04530819890345,0,114680860201
5.788826280122137,0,114680900201
19.480007608890098,1,114680900202
25.037940465921455,0,114680990201
16.62020505119745,1,114681030201
7.522533989211122,0,114681030202
27.04738050659276,1,114681120101
20.961213086206172,1,114690020201
5.1240768454664165,0,114690020202
8.640578341593649,1,114690020203
25.69024021322575,1,114690070201
21.027250887418084,1,114690070202
8.072986340906613,0,114690110201
18.203815172890934,0,114690160201
9.7838758434111,0,114690530201
25.98344487874491,1,114690580201
13.409942291612342,0,114690630201
13.759675169638188,0,114690670201
10.437068815620899,1,114690810201
6.502440193083147,1,114690810202
12.426653073723113,0,114690860201
12.506440602787722,0,114690860202
13.1866823146498,0,114691110201
18.28304379670977,1,114700060201
25.99010738243266,1,114700060202
12.62703086341671,1,114700120201
12.457942389607737,0,114700120202
27.65229573151421,1,114700180201
23.715893638100226,1,114700640201
9.61219645208114,0,114700870201
12.260819116821185,0,114700930201
25.250981881844147,1,114700990301
23.164022252547532,1,114701050101
4.379941302039549,0,114701160201
7.076155016024872,0,114701160202
9.482113354473615,0,114701280101
15.363556927514171,0,114701280102
12.749347297425892,0,114701340201
8.740675509999125,1,114710070201
5.17220994913851,0,114710070202
6.070609549420977,0,114710100201
11.187147083151258,0,114710100202
17.688911221994935,0,114710140201
30.621822636318754,1,114710150201
8.24507455991398,0,114710160201
26.522753984765693,1,114710200201
35.82860911536105,0,114710220101
15.221599846108584,1,114720070201
17.386024237833702,0,114720090101
29.452221221816064,1,114720130101
17.693320069380416,0,114720180201
31.788365594333918,0,114720200201
20.88576079465651,1,114720220201
22.1087477220414,0,114720270201
25.033624899604632,1,114720270202
18.70604367201038,1,114720290101
28.730065436874796,1,114720350201
15.90041441969272,1,114720380201
6.691398231764053,0,114720400201
16.54727860401914,0,114720420201
32.340517313815866,1,114720490101
19.1365821525023,1,114730100201
31.90301187048066,1,114730300201
28.143692233845222,1,114730300202
22.603209396701924,0,114730340201
33.44263619492855,1,114730370101
26.34616145942982,0,114730370102
22.12710064026265,0,114730410301
38.14766960934219,1,114730540201
18.66116320825626,1,114730580101
26.835472848304338,0,114730580102
38.733043752659555,1,114730610501
25.672514451246556,0,114730680101
37.325003152324214,1,114730780101
21.302713722687265,0,114730780102
32.498712494231036,0,114730820601
20.076614023244943,1,114730850101
16.45466022912545,0,114740160201
17.727812281593877,0,114740160202
14.013732508509465,0,114740160203
23.176259639027524,0,114740200201
16.250917345964442,0,114740480201
27.02834767556481,1,114740550201
12.132016221080837,1,114740620202
24.30783143313448,1,114740730101
16.850465503106108,0,114740730102
19.70175038499721,0,114740770201
32.727574581854945,0,114750100301
31.569987274251694,0,114750130201
44.70927176608648,0,114750170201
39.46895384079095,0,114750240301
31.97936424464535,0,114750300401
30.268069770393165,1,114750340201
14.804827079387668,0,114750340202
48.630019437940305,0,114750410101
26.351030428365743,0,114750440101
37.95973635373812,1,114750510201
35.60430656074603,0,114750580201
35.41089170708321,0,114750580202
30.303107160315665,1,114750710201
21.458656396259734,0,114750710202
38.19150095837927,1,114750810201
38.91402522427465,1,114760120201
47.62398804363317,1,114760170201
27.240927640479434,0,114760220201
22.188984984454123,1,114760220202
49.94736086571485,1,114760550101
55.07361250308797,1,114761080201
26.988317664265775,1,114761180201
16.615452178625986,0,114761180202
35.79285501592555,0,114770120101
41.924969474428984,0,114770120102
15.646885341924465,1,114770190201
25.051451323167385,1,114770190202
44.603761130487534,1,114770220101
15.413205667904542,0,114770310201
31.109725304525057,1,114770310202
36.94068803141438,0,114770330201
37.34082378970348,1,114770360201
33.369160328325236,1,114770360202
28.127745333290452,0,114770380201
50.08790013821819,1,114770400101
37.32349039534665,0,114770470101
29.406423375947206,0,114770470102
43.28012651489379,1,114770470103
35.38356021062722,1,114770540201
25.603879452297907,0,114770540202
56.16135206545654,1,114780100201
46.68470739263969,0,114780100202
49.32013307542589,0,114780910201
59.59260689708842,1,114781060301
27.546775326720166,0,114790190201
48.825835195943704,1,114790260201
45.7146271605298,1,114790340101
58.824306078874734,1,114790420101
60.558514742959474,0,114790480201
57.45408003917585,1,114790600201
40.37464772030854,0,114790660201
39.36142949024103,0,114790660202
54.95828926314753,1,114790690201
36.58379618702209,0,114790780201
41.23204387128236,0,114790790201
53.51624589081351,0,114800150101
46.54396140169997,0,114800420101
53.55850577664312,1,114800460201
50.14499635425485,1,114800460202
42.626648613246786,0,114800530201
28.687738489869947,1,114800600101
40.552973629028216,1,114800730201
46.14022559498048,0,114800770201
59.53427143520729,0,114810030201
51.33060289929193,1,114810170201
53.869745585919816,0,114810280201
12.914905850735227,0,114810490401
47.64821423353691,0,114810640201
60.67194184814804,1,114810810201
41.73818933240603,0,114820180201
27.011346612443237,0,114820220201
22.64798497999285,0,114820260201
32.22077456366719,1,114820770201
31.20142609414211,0,114820770202
40.61267547123775,0,114821140201
62.193772293739904,0,114821150101
35.70404095529201,0,114821180101
59.88002277531855,1,114821230201
31.7312946414638,0,114830160101
25.80787137454832,0,114830330101
52.726005316852344,1,114830560101
33.47394803294926,0,114830680201
39.74709731464157,0,114830680202
19.126597974340243,1,114830710201
28.824525754311818,1,114840040201
25.671219628850384,0,114840040202
35.56853329946826,0,114840070201
35.61506562190759,1,114840070202
28.5172002744849,1,114840330201
37.85399908373804,1,114840440201
44.806676167823284,0,114840630201
39.384708708178465,1,114840630202
54.66766504419594,1,114840740301
43.05209297932559,0,114840740302
42.220161114611926,0,114840770201
29.305917017405186,0,114840810101
13.609438202563581,0,114850050201
27.19570425330323,0,114850170201
18.756971231720925,0,114850170202
27.5057675797737,0,114850210201
34.52288490852743,1,114850210202
37.78149332331794,1,114850210203
17.333387986102757,1,114850260101
16.837148184384084,0,114850340201
15.756813765973792,0,114850340202
25.014729665972347,0,114850420301
24.09874185319869,0,114850680201
19.596841119621526,0,114850720301
7.358752193184775,0,114850760201
8.416758992169829,0,114850760202
17.65167694106672,1,114850760203
24.681397893686558,1,114850840201
15.48809121024182,0,114850840202
33.75970260874304,1,114850930201
40.47495747139373,0,114850930202
24.810347384100222,0,114851010201
35.88061385019325,0,114851050201
49.52765667761664,1,114860090201
37.653516715571705,1,114860090202
23.567055483752526,0,114860360201
22.952012075940917,1,114860360202
43.18543434791882,0,114860440201
32.33163885282931,0,114860530201
47.5539966148837,1,114860580101
42.471319076417814,0,114860580102
28.75995347889158,1,114860750101
8.604788721784983,0,114860970101
37.40861405199611,0,114870050201
50.17238475546717,0,114870090101
54.370495934237844,1,114870280101
42.282411677650785,1,114870280102
49.595750569971045,1,114870280103
18.001150997007812,0,114870330201
35.5915601782656,1,114870380201
12.73776380249195,0,114870520201
50.10519821608372,0,114870610201
25.231247805955014,0,114870710101
32.605510403560615,0,114870800101
56.388024228945845,1,114871180901
28.19191258139302,0,114880030201
24.70068103774642,0,114880100201
25.75636917974167,0,114880100202
31.704827564254916,0,114880200201
27.585881075799495,1,114880260201
37.54650317016896,0,114880300201
29.4460473123795,0,114880300202
27.27111023556336,0,114880330201
30.741816023899396,1,114880400201
25.428594157669963,0,114880430101
44.235543112730916,1,114880430102
24.628930909958758,1,114880470201
13.845372952266121,0,114880470202
19.713872952942683,0,114880700201
13.19592348656566,1,114880800201
40.672376640737134,1,114880840201
31.586264291852366,0,114880840202
30.868847727351408,1,114890130201
26.397446353779166,1,114890130202
25.16255717737433,1,114890420101
39.20439998235511,0,114890560201
37.23365174007708,0,114890610201
40.98137323230043,1,114890610202
48.16462619764253,1,114890610203
26.46953908598081,0,114890660201
24.33206408145454,1,114890710201
41.82676569863407,1,114890810301
65.95221093358307,1,114890900401
42.72466788977219,1,114890950201
35.09087090809871,0,114891000301
49.6696328189899,1,114891000401
53.421034428834005,1,114891000402
33.37606376144958,0,114891100201
27.875409909835646,0,114891140201
24.092312736942436,0,114891140202
7.21370194560645,0,114900060201
35.8112913849982,1,114900130401
20.203130005669337,0,114900170201
21.533238366623674,0,114900170202
26.960951782561647,0,114900210101
33.968834071651685,0,114900210102
36.77256230646086,0,114900210201
5.4181014342224065,0,114900240201
10.559337935052472,1,114900240202
32.55434672829219,1,114900280201
31.580381911727645,0,114900280202
39.15574227538773,1,114900320201
27.773651134735385,1,114900470301
27.22919775910505,1,114900620201
27.207276642297575,0,114900620202
62.8243701935491,0,114900910201
41.59039884501467,0,114910070301
51.9201234884716,1,114910070601
45.34659297173539,0,114910070701
43.22372824265057,0,114910070801
18.408227788907176,0,114910100901
31.414388442126473,0,114910130201
38.95437306234732,1,114910230301
41.477136202940756,1,114910350201
58.0072479900433,1,114910410201
47.27890834142087,0,114910410202
30.374221777933794,0,114910440201
38.986743482434576,1,114910480201
34.964362711201474,1,114910480202
23.666275216453712,0,114910630201
21.88418968083497,0,114910730201
18.787269533217042,0,114910730202
38.84116337105738,0,114920120201
35.340038241712364,1,114920230201
42.40685180943624,1,114920270201
55.25906400991039,1,114920410201
43.32983360392894,1,114920410202
14.228814218500158,1,114920490201
46.532331997301895,1,114920530201
27.594294242624912,1,114920600201
47.7404580104585,1,114920750101
53.424377926238435,1,114920820101
44.3630122413247,1,114930030201
37.756554423540145,1,114930160201
34.94879800774011,0,114930210201
40.50424805912676,0,114930340201
32.15521756681621,0,114930430201
26.990467923272146,0,114930430202
2.4015912791330187,0,114930660201
38.249590857541214,0,114930750201
31.80717527341325,0,114930750202
30.089408208495655,0,114930840201
34.651178351574785,1,114930890101
33.327196981809934,1,114931070101
33.61683327263917,1,114931070102
27.83623404889329,1,114931070103
23.851339169343888,0,114940120201
26.498430423578093,1,114940120202
66.28479675745626,1,114940140101
53.509995653749876,0,114940170401
39.31657891174797,1,114940220201
35.463020559754014,0,114940220202
37.780861804852385,0,114940220203
52.152551279376596,1,114940290301
45.694818936303534,1,114940290401
41.19068671028117,0,114940380201
44.88574082411093,1,114940430201
17.147297069095846,0,114940500101
31.876617260782144,0,114940520201
56.79852585012316,1,114950040201
29.280290068611883,0,114950390301
51.43406320404686,1,114950580201
40.52782243767029,0,114950780201
44.680643636456196,1,114950780202
40.25129369438449,1,114951070201
34.62341670793857,0,114951070202
23.715767730020282,0,114951120201
19.86132992168263,1,114951120202
25.577765301839506,0,114951210301
51.31810380254724,1,114960150101
47.411419178039914,1,114960150102
44.87047443405176,1,114960170301
49.3751693588571,0,114960220101
59.013637147892915,0,114960270201
62.76470812638114,1,114960300101
60.966376831187524,0,114960400201
41.66489195031021,0,114960420601
18.79258403574505,0,114970020201
37.15723668831874,1,114970160201
34.529876528709366,1,114970160202
34.651837262867176,1,114970290201
43.93600830566242,1,114970320201
41.791263611611555,1,114970320202
16.018661258669113,0,114970390101
54.86702797021941,1,114970660101
20.6086404972855,0,114970730201
27.626052688752075,1,114970730202
18.310708620356742,0,114970790201
41.356869496748004,1,114970830201
28.89798925382295,0,114980250201
9.12079014165014,1,114980270201
19.28468935892654,1,114980270202
26.420632159467505,1,114980300201
36.014500727651644,0,114980350101
19.731637969037415,1,114980500101
34.38731070337121,1,114980550101
39.253320005128636,1,114980550102
24.162388906807923,0,114980570201
23.67737519639264,1,114980570202
27.43989235065516,1,114980600201
12.855129273169624,1,114990070201
4.007313810555277,0,114990070202
17.690510120662108,1,114990130201
19.576166272040545,0,114990130202
28.375385957756812,1,114990170201
31.166685355162777,1,114990260201
44.092648247335624,1,114990390201
24.05758379761885,0,114990450201
30.63782196802783,0,114990580201
27.54365637359028,0,114990580202
30.675946870120658,1,114990650201
28.375726452789984,1,114990710201
33.455504050818064,1,114990710202
34.181330306129645,0,114990740201
31.2592471470942,0,114990740203
34.12217984419111,0,114990770201
43.24443119155649,1,115000140201
28.339669683249376,1,115000200101
3.261066325681181,0,115000750201
8.788931643934669,1,115000750202
36.55786076419892,1,115000920201
45.090209840957954,0,115001030201
42.34487145583053,0,115001030202
41.785928408738336,1,115001090101
40.05946113339423,0,115001090102
21.884871791797014,0,115001250201
25.21548848692912,0,115001250202
15.263978627376172,0,115010010201
23.972424365884844,1,115010010202
35.108953873737356,0,115010160101
33.45249272087069,0,115010160102
34.21460067561296,0,115010190201
39.3379242473016,1,115010190202
38.16119476704013,0,115010450201
20.607839688991533,0,115010520201
39.22214244138842,1,115010630102
12.654475887120423,0,115010670201
19.859183584418346,0,115010700201
50.66813500400386,1,115020050301
18.75772211311046,0,115020120201
24.234269037450947,0,115020120202
30.58896741085833,1,115020570201
41.04439614049425,0,115020610201
18.68271070926965,0,115020650201
37.051777290866454,1,115020650202
26.095079116162516,0,115020870201
61.83435544257337,1,115030020201
49.83327045202108,1,115030160201
47.20536318381904,1,115030160202
43.36662494661928,0,115030670201
49.064535741485415,0,115030710201
62.15562145744371,1,115030800201
61.39799071179146,0,115030850201
56.64786165675892,1,115031130201
56.53036122229374,1,115040740101
49.58919516314573,1,115040790201
48.444310033549435,1,115040790202
61.91811278130407,1,115040980201
62.85851028516094,0,115040980202
24.811468478173264,1,115050010201
27.849002093199466,1,115050060201
21.7492138382819,1,115050060202
33.38698456654981,1,115050100201
33.670010018494104,0,115050100202
26.025417862583474,0,115050140101
21.118434544372565,0,115050140102
26.140066718743316,1,115050270201
24.09915145972236,1,115050270202
34.33414132369111,1,115050310201
15.309272721637369,0,115050310202
47.156057876960794,1,115050480201
27.241715439402842,1,115050610201
39.70504997085194,0,115050650201
21.705155946085114,1,115050690301
30.681788848205965,0,115050780101
36.51224007828158,1,115050780102
28.341537209455147,0,115050780103
27.881489359467015,1,115050860201
13.406561769173225,0,115050860202
34.90795937276961,1,115050950201
38.681126729993935,1,115050950202
29.094581269421937,1,115050990201
54.68150950357404,0,115060040201
20.940797464225525,0,115060080201
22.793825028560708,0,115060080202
25.874629377734934,1,115060080203
18.4927217393665,0,115060160201
22.848965007255465,1,115060360201
54.90886165301049,1,115060400201
53.9597306666896,0,115060400202
52.28526718195615,0,115060400203
27.11914112804417,1,115060560201
25.71685174954257,1,115060560202
23.49784175147756,1,115060560203
28.0827123042782,0,115060720201
29.519376729694898,0,115060720202
15.538844634139206,0,115061000201
21.985893147137517,1,115061000202
35.64730401511059,1,115070110201
35.863529513607155,0,115070170201
41.95734263310164,1,115070230302
24.152644669763788,0,115070330201
31.732262286127387,0,115070330202
24.736287673256122,0,115070480201
2.6826319689676827,0,115070520201
37.52029697703076,1,115070550201
37.43353195679797,1,115070610101
35.847610626698994,1,115070640201
29.817335346109136,0,115070770201
23.768182233811068,0,115070770202
17.545858860503497,1,115080180201
14.36733440945018,1,115080180202
32.37549528220618,0,115080300401
29.249238599418664,1,115080390101
28.299916095686758,1,115080470101
18.975956895894733,0,115080470102
24.529522795989198,0,115080600201
25.501223537208205,0,115080600202
32.31072401675143,1,115080730201
22.975937567167023,1,115080860201
29.820975034080288,1,115081030201
52.889741423013064,1,115090020201
28.72356455241696,0,115090250201
44.05113324232734,0,115090430201
57.200301751680854,0,115090520201
28.32180924047853,0,115090980101
14.63582438667201,1,115091020101
12.171713336567747,0,115091020102
26.55306698749648,0,115091070201
31.165352466100877,1,115100050201
53.27283768019763,1,115100250301
18.71123321080094,0,115100300101
40.11822858837149,1,115100410101
33.140318874320386,0,115100410102
39.603595137045076,0,115100660401
40.94773673861751,0,115100760301
45.72590391119233,1,115101220201
31.526178914017844,0,115101220202
41.3746394465245,1,115110330401
44.934198023026326,1,115110400101
8.094436240390433,0,115110460201
19.091326018028663,1,115110460202
42.11398293393442,1,115110660301
25.602528079983216,0,115110770201
38.92224777861498,1,115110770202
60.818801958702494,1,115120150401
27.995428058310974,0,115120180101
29.47374473249808,1,115120180102
18.592526051157627,0,115120280301
23.586687321110837,0,115120440101
14.581681405611144,1,115120560301
4.380459973737382,0,115120560302
24.32533843526361,1,115120600101
16.817333949610592,0,115130120201
27.45488979135339,0,115130150201
25.028284971182376,0,115130300301
19.19795913377559,1,115130360201
33.552353034032535,0,115130420301
18.281558113215134,1,115130480201
30.196766436008893,1,115130510101
23.70120773531501,1,115130600101
46.74152829103968,1,115130660301
9.910324744069982,1,115130720501
40.784770740675604,1,115140070201
25.841510722014714,0,115140110201
15.259220011941615,0,115140460201
37.26096426978195,1,115140500501
38.58174353860276,1,115140500502
25.46471132055791,1,115140540101
32.71914430787035,1,115140580101
27.020258427421513,1,115140670101
25.33368119699353,1,115140880201
34.48022117312841,1,115140880601
37.125760970052575,0,115150050201
30.945026173552936,1,115150090201
62.15244496641937,1,115150240301
27.14926165500257,0,115150320301
19.242209087507238,0,115150340101
40.89329091546253,1,115150370101
25.348544039760522,0,115150470401
19.575610224405878,0,115150510101
36.106819692595124,0,115160050201
32.759120112710335,1,115160210201
20.603130963791656,1,115160240101
38.661667908807004,1,115160530201
31.385850172455036,1,115160600301
33.569601954109466,1,115170080301
41.65902494358245,0,115170110101
48.371535360155946,0,115170210201
42.78656118049916,0,115170210202
19.397362472574287,1,115170280201
48.86402989321766,1,115170370301
39.45604682086457,0,115170370302
27.284621597636097,1,115170510201
33.411633374199425,1,115170710201
38.28293014964493,1,115170740101
38.090577435471324,0,115180010101
24.263568120138103,0,115180040101
46.89305652307006,1,115180190201
13.960248337214416,0,115180290301
15.610288499338214,1,115180540401
29.406870335338784,0,115180571001
35.623729795958226,0,115180660201
35.89402934506662,1,115180660202
51.30577090174816,0,115190330601
64.61963420150812,1,115190390101
44.445125087251604,0,115190440201
48.36827740125891,0,115190440202
45.939086137721745,1,115190780201
56.561307309336605,1,115191060401
62.84318359850495,1,115191170201
38.37307757858893,0,115191230201
28.98883976332748,0,115191230202
48.36138491213908,1,115191280101
47.165798357607535,1,115191280102
43.68593115116284,0,115191280103
38.23363507054508,0,115200290101
41.73346718636701,1,115200290102
48.32213900624963,0,115200510601
38.8654105612139,1,115200670301
38.536103836482134,0,115200700301
37.560847586804776,1,115200860201
36.4518128382895,0,115200860202
52.48587978502061,0,115210010201
55.9337317891577,0,115210010202
64.4182123278051,1,115210130101
56.29607627419574,0,115210130102
61.585080105823465,0,115210160201
54.55515272346793,0,115210160202
46.54762494420791,0,115210240201
26.53580198116831,1,115210270201
43.46132283403319,0,115210360201
57.39566128964742,1,115210540201
60.47937191715265,1,115210540202
40.50029940845704,1,115210720201
39.70052094318535,1,115210720202
38.20540479575488,0,115210720203
54.344899627480736,1,115220170301
29.80721369554179,1,115220290201
41.07438499701163,0,115220370201
33.25955554232594,1,115220490201
23.890100679212004,1,115220570201
30.175870703896514,1,115220570202
60.78528861651036,0,115220900201
61.17291510724054,1,115220900202
44.52223651180116,0,115220980101
32.77303830329228,1,115230050101
32.578254272045925,1,115230050102
17.983670150923597,0,115230100202
50.486825853886735,1,115230200501
42.545780225285235,0,115230200502
24.85240535740597,1,115230310101
24.63912245537701,1,115230310102
28.026944985092044,0,115230360201
25.00789815856716,0,115230680201
20.459830520071364,0,115230680203
31.370545338199477,1,115230790101
36.8660411803003,1,115230840201
24.759789881389214,0,115230840202
24.829539905715954,1,115230890201
19.050074746534143,0,115230890202
38.225518602940504,1,115231000201
26.897588886572837,0,115231050201
23.19846529549909,0,115231210101
38.2394470900301,1,115231310101
39.622429432307484,1,115240020201
17.947260023624356,0,115240100101
52.72290555104261,1,115240150301
30.624247146444635,0,115240260101
30.088198706859117,1,115240320201
35.41595233621179,0,115240430101
34.34226422223346,1,115240430102
41.627169624583075,0,115240450101
22.333648867121145,0,115240560201
30.66658331211815,1,115240670201
29.713671674881848,0,115240670202
17.283724694663146,1,115250140101
27.44402681066562,1,115250300201
21.206707059079505,0,115250340101
21.262282018045457,1,115250340102
26.580184258043356,0,115250380201
29.66228371680389,0,115250420202
34.8832932025114,0,115250500201
32.715291442487526,1,115250580201
20.43663079268535,0,115250740101
29.73384912256741,1,115250940201
22.40194045742999,1,115250980101
43.70900590707852,1,115260090201
38.62911266436254,1,115260090202
33.65143605177831,1,115260200201
62.400779548896566,1,115260460101
16.918635151918654,0,115260500101
34.5620928443295,1,115260830101
30.146126131455144,1,115260830102
49.163417329196434,1,115270250401
27.065266764090783,0,115270910201
30.83382114714967,1,115270910202
33.193454770620995,1,115271260201
30.883583226361786,0,115271260202
17.12162093920477,0,115271320101
37.6880091968769,0,115271440301
29.871615539910366,0,115280010101
21.35834173438785,0,115280040301
29.62100738397682,0,115280040302
33.93616469014514,1,115280090201
44.379991741628295,1,115280110301
62.991293110629606,1,115280140501
55.11263789166753,0,115280140502
25.702198265060918,0,115280210201
16.737865331852973,0,115280210202
31.330700933413187,0,115290070101
40.15817566205451,1,115290070102
23.78626626956021,0,115290100101
24.330890662426427,0,115290100102
38.551471395954906,1,115290160201
15.377263012521322,0,115290260101
5.480848145525872,0,115290290201
10.699615575087758,1,115290290203
43.404092645668015,0,115290540301
47.300559205789604,1,115290540302
53.445342635590464,1,115290620201
45.587717828950545,1,115290620202
30.394313088795794,0,115290640101
54.60661968477943,0,115300470501
40.71679721499875,1,115300490101
29.178651125175463,0,115300590101
29.199758803663638,0,115310050201
47.00987011202204,1,115310130101
28.803465775438426,1,115310270101
23.90255548020069,1,115310270102
26.78245753934354,0,115310350201
24.808823242807655,0,115310350202
31.534457404797482,0,115310490201
18.81347188504311,0,115310820201
21.331116643233436,1,115310820202
11.347191344149538,0,115310860201
35.86548356203507,0,115320030201
34.65446580488077,0,115320030202
28.329497278523537,1,115320040201
38.380609458972984,1,115320070201
32.753264117155666,0,115320070202
39.91374536800885,1,115320100201
38.203832225998205,1,115320100202
45.10258962869564,1,115320110201
46.702859896955864,0,115320110202
39.97725547995955,1,115320150401
42.48683843417713,1,115320250101
40.56566524188167,0,115320250102
46.55857721421428,1,115320270201
53.797718181373604,1,115320270701
47.443763185731264,1,115320300201
48.765808529887295,1,115320320201
45.79933214883635,0,115320320202
13.729116469989245,0,115330060201
19.6419260876513,1,115330300401
38.49900301972428,1,115330350201
46.9198957996166,1,115330350202
19.17563623018059,0,115330390101
22.153537592776818,0,115330390102
15.27510794901525,1,115330490601
16.732667863222296,0,115330590801
21.51905992532346,1,115330830201
12.217446880534673,0,115330830202
17.923563071625157,0,115330870101
17.179169329811426,0,115330870102
23.29049922267734,1,115330920301
23.224502032067413,0,115330970201
7.120769490195646,0,115331070201
20.152123927901577,1,115331110201
30.957786703295334,1,115331110202
59.3927318412091,1,115340130201
56.596495655190544,0,115340210201
59.26529410659104,0,115340210401
48.11021161760938,0,115340640201
19.588872631553897,0,115340850201
22.046054278424993,1,115340850202
30.414478549019833,1,115341020101
25.2139918114385,0,115341020102
27.3051992624248,0,115350020201
44.464351682686136,0,115350080201
22.256174315870993,1,115350190101
23.208454928192186,0,115350190102
14.42008373359482,0,115350190103
30.94173106991734,1,115350350801
30.344755866642245,1,115350560201
31.26826641601465,1,115350590201
22.672677498099883,0,115350590202
39.81033201204888,1,115350640201
31.060284743423313,1,115360040201
35.16354865877139,0,115360140201
29.406553900843136,0,115360290201
49.21243735677944,0,115360390201
32.59670887476068,1,115360490201
39.72123221367583,1,115360590201
27.41803134514169,0,115360590202
46.98972378569521,0,115360790201
11.500040992406557,1,115360990201
21.534953099189497,1,115360990202
48.266821111548175,1,115370090301
35.90748563046537,0,115370140301
33.26839386276178,1,115370180201
38.58568033898635,1,115370280101
51.4114180923768,1,115370680301
52.87842370673427,0,115370730101
47.13916701197,1,115370730102
38.623350504016884,0,115370780301
39.8203171670758,0,115370870301
29.236039393649722,0,115370870302
50.86490088509146,0,115370920101
25.510992799348845,1,115371020101
29.25948944772403,1,115371070101
25.691357785735416,0,115371070102
42.483251820742964,0,115371170101
50.7294603880065,0,115380130701
21.1854445299656,0,115380260101
38.78124405933539,0,115380390201
18.804389343324466,0,115380420201
11.419595615567976,0,115380420203
25.145410361079044,1,115380420204
32.52940139695416,1,115380450101
34.9834242647312,0,115380610701
21.53699126734737,0,115380630201
25.019535714509168,1,115380630202
32.042136395588805,0,115380660101
51.88131294962269,0,115390010201
37.95603559344275,1,115390210801
6.995199576932441,0,115390360301
25.67566864293429,0,115390570201
38.98582191473224,1,115390570202
55.18815548229904,1,115390590401
45.028662435843444,1,115400031101
30.096201683928314,1,115400060201
39.73296494244074,1,115400060202
61.78030316681036,1,115400170201
31.344244246747483,1,115400340201
36.96605521677721,1,115400340202
48.5355689553282,1,115400420101
29.506885098078342,1,115400520201
35.08089313081219,1,115400520202
38.79244812737043,0,115400660201
23.137629283947877,1,115410030201
36.75654555421399,0,115410060201
22.233946791604527,1,115410090201
16.204151717739943,1,115410090202
13.9857186708882,0,115410170101
8.022447495752926,0,115410170102
16.891250332117135,0,115410220201
18.546141167575506,1,115410220202
16.5486796985005,0,115410300201
12.18047969074033,0,115410300301
26.82497922895002,1,115410300303
22.760506511000866,1,115410360301
22.39312785691942,1,115410360302
49.770739448786784,1,115410410101
54.70717361085781,1,115410440101
37.2531745487091,1,115410470201
33.74276742615264,1,115410470202
20.08009035002038,0,115410490201
39.95174371905527,1,115410580101
54.5856683761054,1,115410660101
26.61690726762133,1,115420030201
28.824548889023575,1,115420210101
30.817788296338236,0,115420210103
29.481201240279713,1,115420350201
38.365321762780205,0,115420440301
48.609159373976915,1,115420530101
40.06249732409767,1,115420950201
34.45914767868931,1,115421040301
26.626798889732786,0,115430180101
26.310679370217102,0,115430210201
24.723470872444743,0,115430250201
20.092188594387032,1,115430250202
32.757985992771495,1,115430310201
35.6853819439741,1,115430350201
34.785619228243235,0,115430380201
28.541427345373656,1,115430480201
65.00403211843177,1,115430520301
17.785280555051173,0,115430790201
61.255074124622084,1,115440060201
53.30672357183839,0,115440280201
62.283200271345486,0,115440310201
57.41867217892242,1,115440440101
62.977737862127825,1,115440470201
55.74206607212769,0,115440640201
49.28824552411044,0,115440730501
55.56177012954072,0,115450140601
31.808466721790264,0,115450180201
56.102970310180936,0,115450290101
48.183210117743556,0,115450520801
40.82984710723395,0,115450550201
52.550237163510474,0,115450620201
35.89867637850905,0,115450660201
56.88489351602941,1,115450760201
65.71674392244822,1,115450760202
33.940224820163095,1,115460070201
26.886162567763368,1,115460070202
60.47404386341305,1,115460200101
51.02117314028891,0,115460330401
63.530881768131614,1,115460440201
63.61960771752461,0,115460440202
40.557228136121786,1,115460510201
45.70982362696831,1,115460630201
59.784629506545485,0,115460690201
23.931419134060796,0,115470060201
26.847048121610236,1,115470140201
14.258392489407269,1,115470140202
13.763371847157238,0,115470170201
5.059139085723934,0,115470210201
14.820907601865915,1,115470360201
29.658758138174136,1,115470540201
27.339666161306898,0,115470580301
28.81959481814544,1,115470650201
38.56841921640164,1,115470760201
29.470768310079023,1,115470760202
44.90955693466578,0,115470840201
47.4374612741173,1,115470840202
55.716515922414544,1,115470910201
44.523335192446396,0,115470910202
24.934633743857752,0,115480030201
27.445007427701093,0,115480310201
30.947442443680117,1,115480310202
26.72117553561502,0,115480370101
27.423591560120286,1,115480480201
28.790741968379198,0,115480550201
29.88641183153913,0,115480550202
32.48038457037412,1,115480580201
15.913579519372849,0,115480580202
35.41653645909753,1,115480790201
28.14212241397799,1,115480790202
33.64261741024479,0,115480860101
35.73402190682369,0,115490060201
36.30620811121403,1,115490060202
23.626160251398822,0,115490140401
30.166622822936016,1,115490170101
62.09698833418086,1,115490200201
58.68168227343179,0,115490200202
28.40201939712191,1,115490260201
37.82963098366864,1,115490280201
32.815053886775765,0,115490280202
38.068661069249956,1,115490340201
33.89175505366186,1,115490340202
34.518052224204375,1,115490370201
28.815670575191334,0,115490370202
26.204420973785663,0,115490480201
34.66452644636071,0,115490510101
43.456059488487085,1,115490540201
34.954660820833645,0,115490540202
44.88627179920668,1,115490540203
33.39060683641216,1,115490620201
30.546943459705115,1,115490620202
43.384731115657125,0,115490650201
33.31755168370588,1,115490680301
42.85929509770634,1,115500130201
27.516174109142657,0,115500200101
34.312756815048665,1,115500270201
37.085458688065536,0,115500270202
25.527725959459165,1,115500370201
31.145567625575215,1,115500370202
38.08866655532653,0,115500400201
36.93756279123232,1,115500400202
33.02968362863673,0,115500470201
26.83243435358527,0,115500470202
32.56330331189001,1,115500470203
44.84496667039766,1,115500510201
29.250523097422327,1,115500580101
41.95980869481466,1,115500640101
33.10177288455786,0,115500640102
36.20818009130205,1,115500640103
32.02388383518236,0,115500680401
49.794644862481306,1,115500710201
24.758910290254228,0,115500850201
26.24725481353409,1,115500850202
45.68813707176038,0,115510070101
47.94948141678085,0,115510070201
23.62159485371083,0,115510170201
22.096046386993542,1,115510400201
22.6784066132471,1,115510400202
42.81161116468033,0,115510490201
27.152545193486436,0,115510580301
29.507317758868258,0,115510630201
29.318855387347142,0,115510630202
24.220901420362402,0,115510810201
19.6425328150655,0,115510810202
23.501579703794206,1,115510810203
22.24438376873047,1,115510860201
40.94766274684991,1,115510950201
36.815699330853796,0,115510950202
41.17831365588099,0,115510990201
46.69287237431824,1,115520160201
40.849137399138264,1,115520160202
28.104764762306903,1,115520320201
36.77202700372663,0,115520410201
24.05846226533442,0,115520570201
23.026343334170825,0,115520610101
42.90691325477165,1,115520860201
35.24413154477281,1,115520860301
17.970336891829835,1,115520900101
38.303580186936536,0,115520940201
20.58064778404904,0,115530100201
22.64199595731079,1,115530270201
33.26708959662888,1,115530310201
49.69765390422403,1,115530350201
52.5092318068913,0,115530350202
27.525148561568756,1,115530400201
31.236712991936542,1,115530440201
26.295709147611724,0,115530440202
35.00575210209881,0,115530480101
25.9733148496661,1,115530540201
24.85789610727006,1,115530540202
28.6147338758082,0,115530580101
28.935271016816035,0,115530580102
35.01772787754471,0,115530620201
36.44886922656884,1,115530620202
28.642387541657012,0,115530620203
23.41410579253374,0,115530720201
32.87876222626464,1,115530760201
31.46552199943999,0,115530760202
32.723086416804094,1,115530820501
23.00666579912668,0,115530860201
39.276296780294814,1,115530910201
27.932907403620337,1,115530950201
11.45784375736074,0,115530950202
49.63512945417051,0,115530990201
47.94700665866588,0,115530990202
40.60582986506672,0,115530990203
8.77819348245783,0,115531100201
40.01725860126871,1,115540110201
32.86892555821457,1,115540110202
41.44544555430215,0,115540150201
20.95047561421759,1,115540340401
8.38178237695792,1,115540340402
17.928670273677557,1,115540370201
7.977917818410933,0,115540410101
16.55476234337625,0,115540450201
23.10411710974098,1,115540450202
25.82196709166032,1,115540480201
25.576696902888763,1,115540480202
16.9169193603672,0,115540480203
21.51597635568774,1,115540560201
33.5549917708246,1,115540630201
30.63915106540362,0,115540670101
35.321748358953734,0,115540670102
33.98908849795367,1,115540710201
23.803583309347204,1,115540780201
27.079297313811445,1,115540780202
36.136760544592725,0,115540820301
24.361310638339038,0,115540890201
37.19975059313073,1,115550050201
39.62801021263314,1,115550100201
43.92159581621256,0,115550130301
28.27746927606964,0,115550240701
36.004000842020695,1,115550360301
26.12624174136464,1,115550410201
23.88580091345802,1,115550550201
21.20389845496451,0,115550550202
38.724257435829585,0,115550610201
27.29306171467733,1,115550610301
36.3096425529756,0,115550610302
37.276817948102405,1,115550660201
36.85922651361087,1,115550690101
17.765427592233397,1,115560030201
22.27469305505052,1,115560260201
38.81861422082715,0,115560280201
36.94149796923192,1,115560370201
18.045177205692127,0,115560480201
21.97650697600548,0,115560560201
35.25286349478496,0,115570020201
33.74487760170291,0,115570020202
29.882559171650374,0,115570100201
10.813259230229976,1,115570180101
52.90328183946618,0,115570220101
39.627279915849705,1,115570260201
38.980075754434125,0,115570260301
17.473665389173135,0,115570300201
22.2200388808682,1,115570300202
34.08612185060185,0,115570420101
37.151477789024526,0,115570420102
26.770006562531044,1,115570470201
17.87575693605675,1,115570470202
27.828468538532377,0,115570510201
48.80600105580186,0,115570590201
24.540739558443022,1,115570630201
40.959297462707596,0,115570670201
45.20195413978954,1,115570670202
33.97083947112218,0,115570670203
36.78154683414699,1,115570790201
34.5847586068367,0,115570790202
18.746533663631855,0,115570950101
23.99080245559474,1,115570950102
32.56586185838632,0,115580460101
36.033809617619234,1,115580460102
54.67397774819645,0,115580660301
47.98075408611833,0,115580760201
44.791421120464165,1,115580870201
60.741995989232066,0,115581020101
18.852156936124345,0,115581070101
24.574338217941573,1,115581070102
18.88825635315911,1,115581170201
32.70937737801154,1,115581220201
28.3084048178635,1,115590160201
25.380661877820557,1,115590160202
20.937912767130502,1,115590190101
28.07976564733619,1,115590220201
23.687337851756478,0,115590220202
28.173175520321067,1,115590360201
19.993204980424576,0,115590360202
53.0357306153362,1,115590440201
33.99457759876226,0,115590580201
46.90175529340368,1,115590580202
32.16691556466485,0,115590630201
27.414789567395047,1,115590630202
15.496539706202444,0,115600010201
14.445301534424427,1,115600010501
8.989417267215828,0,115600040201
23.05266221077582,1,115600280201
13.751354257800987,0,115600280202
15.198935423002707,0,115600310201
11.27276134279241,0,115600310202
22.965098357529087,1,115600380201
26.871612383064274,1,115600510201
25.646673576038783,0,115600610401
17.63177948619547,0,115600610402
12.68647086335164,0,115600750201
14.353631876948674,0,115600780201
19.023523242411457,1,115610100101
51.61819260294584,1,115610310201
24.16869173845668,0,115610400201
28.389405651055625,1,115610650101
23.602588864531874,1,115610710201
13.418658084149083,1,115620150201
40.51167448229867,0,115620180201
35.80588271956742,0,115620260201
35.432178088083795,1,115620260202
21.626353070635588,1,115620290201
21.72999770413874,0,115620310201
15.741599771637988,0,115620340201
50.064929330921984,1,115620390201
43.199374572786446,0,115620420301
18.258817274320016,0,115620500201
19.824141356801167,0,115620500202
26.20085351346055,1,115620500203
21.52444686379523,1,115620610201
17.468033159963273,1,115620610202
45.90616334405686,0,115620640201
41.503904976424046,1,115620640202
52.307341787465056,0,115630080401
22.56674115015842,1,115630540201
21.91541615630927,1,115630540202
36.33851519635655,0,115630650101
27.60307892393977,1,115630710201
19.852301851071992,0,115630710202
29.379345465496215,0,115630710203
17.123706083639746,0,115630760101
22.02617849951915,0,115630930201
22.327801265023215,1,115630930202
18.770514166746757,0,115630930203
28.16350291819831,0,115630930301
7.593910775190222,0,115630990201
22.780567644861517,0,115631270201
25.826889700863877,0,115631270202
14.601579691595562,0,115640010201
12.289962778032598,1,115640290301
21.31392263166058,1,115640290302
20.383949042810563,0,115640580201
22.523979758926124,1,115640670201
15.543133435342071,0,115640670202
20.28141236356463,0,115640810101
24.83731093345913,1,115640860201
29.57541895305404,1,115641140201
27.28257538464281,1,115641140202
55.73526082629252,1,115650030201
45.72775999816279,0,115650160201
43.888851823478596,0,115650190201
58.20878252696547,1,115650260201
45.30761194863681,0,115650520101
57.665332732652224,1,115650580201
67.17356053415634,1,115650580202
53.76973090410804,0,115650610201
45.21783333335443,0,115650710201
45.86174235868419,1,115650710202
33.47892373288111,0,115650740101
46.924335295623145,0,115660140301
49.75710834098601,1,115660260201
41.47701993255979,0,115660550201
48.98752518185409,1,115660810201
37.313170794136376,0,115670020301
26.813536959127045,0,115670150201
43.14004214887484,0,115670280201
40.842006129095324,0,115670310101
13.627854883999603,1,115670440201
12.240104681826455,0,115670440202
37.17924681388051,1,115670460201
36.59280694118671,1,115670460202
15.211873378255483,0,115670510201
20.936690464755028,0,115670510202
12.30532993210327,1,115670590201
27.134602479582234,0,115680050201
44.90118941050728,1,115680070101
46.03715432049254,1,115680070102
45.95728531374897,1,115680070201
27.9327611209217,1,115680120201
25.78777088119018,1,115680120202
60.76431659917124,1,115680150201
40.474544860395376,0,115680170102
64.00877332880562,1,115680200201
66.50339113734498,1,115680200202
48.95379480217297,1,115680250201
49.94454204673402,1,115680280201
33.26889300993882,1,115680450101
34.275437078658115,1,115680450102
49.36030578669234,1,115680560201
43.47374200459429,0,115680560401
46.327062348461126,0,115680610201
36.904167905515365,1,115680630201
40.39415794277219,0,115690260101
35.547228658909184,1,115690260102
50.83964293372023,0,115690300201
54.89800017763057,1,115690300202
43.15925128810195,0,115690340201
53.68653532939404,1,115690380301
42.36024536272101,1,115690460201
32.41689949176519,1,115690490201
24.841490408526273,0,115690490202
21.15933773192445,0,115690530101
35.724410671235105,0,115690650201
16.505998280812953,0,115690690201
33.37697616757409,1,115690770201
39.397342903039714,1,115690840201
27.104455757289504,0,115690840202
31.81673082458361,1,115690880201
43.78730984012524,1,115690920201
33.647977528018394,0,115700290401
16.963756065663198,1,115700470101
56.30383563767924,0,115700570201
22.888272438642318,0,115700630201
48.67054906755167,0,115700690202
36.853841898815624,0,115710010301
54.32463499369224,1,115710050301
38.66494895273118,0,115710130201
43.15443794382155,0,115710170201
51.21288666661241,0,115710170202
44.3247834549783,0,115710250201
40.00556994641036,0,115710290201
42.71879094026452,1,115710290202
32.43342474821358,1,115710620201
35.00681655034834,1,115710620203
21.988703688155248,0,115710660101
27.6642250942092,0,115710660102
35.17256336076928,1,115710660103
27.11151552864632,1,115710820101
32.233352472945015,1,115710860101
40.382827166388395,0,115710900101
33.350013929933844,0,115710900102
25.187462109803786,1,115710950201
13.969217463453305,1,115720020201
25.600986247925043,1,115720020202
32.02626666773967,0,115720050201
10.258357824962282,0,115720090201
30.722459038885773,0,115720170201
25.90467963597107,0,115720240201
29.41260765719643,1,115720240202
38.29148220423436,0,115720320201
41.18931544485606,0,115720320202
45.138686423109874,0,115720360401
38.59969950382037,1,115720430101
44.134434347473714,1,115720430201
21.00664290333416,0,115720550401
33.25324404123922,0,115720590201
28.568648030147266,1,115720620201
40.36888525510717,1,115720700201
26.05247710898474,0,115720740201
33.301843062321495,1,115720780201
36.33956664594814,1,115720890201
41.937240795029396,1,115720890202
24.744370911004943,1,115720930201
27.438032605074376,1,115720930202
8.245727472061837,1,115730070101
19.902664113673644,1,115730140201
22.920859154894313,1,115730140202
36.22969001349878,1,115730160201
39.81057822267153,0,115730160202
29.82436205950355,1,115730190201
31.085317394345495,1,115730260201
28.06585471935087,1,115730260202
14.212639093941839,0,115730290101
21.780672154370187,1,115730290102
26.604463713521536,0,115730310201
20.640293734378936,1,115730340201
23.048574524627647,0,115730360201
23.5610098671543,0,115730360202
22.0931831429194,1,115730430201
29.45487266090304,0,115730480201
31.945468382899183,1,115730510201
18.791692431445185,0,115730510202
13.78763060799835,0,115730530101
37.25693334463042,1,115730560201
27.848393239964544,0,115730560202
26.43883678749695,0,115730560203
16.553536780440645,0,115730580201
23.849501425134854,1,115730580202
32.81144612608588,1,115740040201
11.431813525034896,0,115740070101
18.894598921959133,0,115740110201
47.44894091845172,1,115740180201
30.417659321910588,0,115740280101
51.0924577445518,1,115740350301
37.831960972357585,1,115740460201
27.044473916167544,0,115740520101
25.297241863577028,1,115740560101
35.81004633118598,1,115740630201
47.621694261541776,1,115740630202
25.8015377820245,0,115750130201
17.350268838437792,0,115750130202
41.15908381331232,0,115750180201
33.013788354956795,1,115750260401
44.43055078011926,1,115750290201
36.14623323292152,1,115750320101
16.018296073602738,0,115750350101
29.41132963329298,0,115750400201
26.723097872167273,0,115750400202
34.1677875345229,1,115750430101
45.81461335600618,1,115750430102
13.214474765818498,0,115750540201
28.534294892493747,0,115750570201
26.735060584592397,0,115750570202
35.19096620138621,0,115750600101
28.2461001861275,1,115750620401
39.58711932551442,1,115750650201
28.15259389703438,0,115750680201
7.650674545374903,0,115760040201
21.166139802061338,1,115760040202
32.561938674613614,1,115760140201
33.028156202159316,0,115760190101
40.39882639448176,1,115760430201
27.95661065042519,0,115760570201
26.751492200052994,0,115760710201
29.34394716080682,1,115760710601
41.033090078009415,1,115760860401
10.323651423787082,0,115760910101
32.579798973118784,0,115761190201
35.11977543270909,1,115770030201
9.327460922181517,0,115770090202
50.57167663279472,1,115770180201
19.48705681382899,1,115770270201
7.263581858133584,1,115770270202
19.278874697682458,0,115770300201
45.000009463794214,1,115770330301
23.569461960851445,0,115770570201
34.671809063603334,1,115770570202
24.879266928222123,1,115770660301
50.933765563526464,1,115770740201
6.300871949238607,0,115780010201
18.608503904371076,0,115780010202
30.733340518169733,1,115780040101
26.69924123298309,1,115780150201
20.767282121894112,0,115780150202
10.065951337336426,1,115780270101
25.34584149631577,1,115780380301
30.00228115675857,1,115780380302
24.379774624360703,0,115780410201
20.5326765973332,0,115780440201
26.14263506589284,0,115780440202
23.73786975791884,0,115780440203
2.074254051978791,0,115780500201
21.789897555933827,1,115780560101
15.909727378301868,0,115780560102
28.61613759876154,0,115780610201
30.92131640475148,1,115780610202
32.042915807858186,0,115780610203
32.38583127514141,1,115780700201
29.516766093306625,1,115790110201
22.609668411661936,1,115790110202
12.726419176351115,0,115790150201
13.835582533865288,1,115790150202
35.088153506178635,0,115790220501
34.72261510228478,0,115790320201
40.90113017209302,1,115790430201
38.902532905674505,1,115790500201
36.76340763736281,0,115790570501
31.884348539753244,0,115790570701
28.01831986989495,0,115790680201
17.489443868928873,1,115790750201
35.20689360351778,1,115790790201
38.96589042569007,0,115790860201
48.91698932498443,1,115800170201
48.657076781533256,1,115800330201
43.46689813372609,0,115800330202
58.47927706508395,0,115800560301
17.646510386762642,0,115800720201
27.88005334931633,0,115800820101
41.95764521359595,1,115800930201
50.4759064352186,0,115801030101
27.462047072867104,1,115801190101
53.88484102325055,0,115801300201
55.290213980848534,1,115801370201
19.003942966127283,0,115810130201
44.720690099236016,0,115810180201
43.181886040198265,1,115810510201
42.115870266404016,1,115810510202
23.244488838266598,0,115810790201
27.38930948172993,1,115810940201
61.14695724812993,1,115820220301
57.55634705567646,0,115820220302
51.514372370116746,0,115820270201
61.507818690535196,1,115820320101
46.160815409184124,1,115820410101
41.660095523496125,0,115820410102
55.26702312625783,0,115820460101
59.02147298530365,1,115820490201
51.36340937698226,0,115820490202
56.97758284292822,0,115820660201
41.723650616139274,0,115820770201
45.0648086750384,0,115820960201
48.55875050237931,1,115820960202
26.430655839426315,1,115821000201
20.772942878590964,0,115821000202
56.51152335956234,0,115821070201
55.5107595377176,0,115821150201
27.305512019537282,1,115830050201
20.013698889442633,0,115830140201
27.03695638466908,1,115830270201
6.433612494508083,0,115830290201
11.57077801451336,0,115830290202
46.24680892191132,1,115830320201
42.73644419652081,1,115830320801
12.561518596417644,1,115830400201
8.69921529806109,0,115830400202
9.297516616823607,0,115830400203
31.612783881034986,1,115830500201
22.081827094339744,1,115830520101
18.180934373302556,0,115830520102
24.193350313606167,1,115830520103
40.43299133613408,1,115830540101
51.094859565206946,1,115830540102
29.922740080228024,0,115830620101
37.41144653023798,1,115840080201
40.43663885247132,1,115840080202
26.68083869545912,0,115840200201
30.745306479429676,0,115840310201
16.498651401998064,0,115840310202
19.88262304239893,1,115840310203
1.8800519706424357,0,115840410201
21.382339694545724,1,115840410202
43.44309071387496,0,115840520101
57.97417468804059,1,115840520102
20.040816821359538,1,115840590201
12.335425854808545,0,115840590202
38.74735465119954,1,115840700201
25.67184395915078,1,115840810101
18.261057002109656,1,115841060101
34.257647604996706,1,115841110201
15.287492109526061,1,115841290101
3.978258421718178,0,115841290102
26.883960027792597,0,115841360201
23.784061500123148,0,115841360202
19.756154927364136,0,115841360203
31.39637758905357,1,115850170201
28.21778148505551,0,115850170202
38.928826995797905,0,115850630301
51.52045616253121,0,115850800101
38.18399467062156,1,115850920201
20.19871521564748,1,115850980201
12.965941462931056,0,115851090201
29.350237159466914,1,115851200101
26.037746352811425,1,115851320201
12.593810240502389,1,115851380101
2.488747548892711,0,115851430201
10.748678469207192,0,115851430202
19.478642202093152,0,115860030201
44.29374884969636,1,115860090201
49.496312761026694,1,115860150201
44.773849493888754,0,115860370201
29.74209896514543,1,115860500202
31.848258251925266,1,115860570501
11.183272069538216,0,115860620201
33.246395701542035,1,115860690201
44.90053378225549,1,115860800201
43.76459152061162,1,115861090201
35.47630895404514,0,115861090202
45.76264241474507,0,115861310201
44.417949464523055,1,115861370201
21.919492027331124,0,115861410201
11.148040208564291,0,115870070201
16.379786420833476,1,115870070202
38.04678181721068,0,115870250101
31.027677645791847,1,115870360501
30.292673897422272,1,115870520201
27.733097575104182,1,115870520202
18.521395239705157,1,115870570201
12.461073461224245,1,115870680101
41.12914463203983,1,115870740201
35.23285479544975,0,115870740203
35.974684199929435,0,115870960101
35.275610229528056,1,115871180101
25.946354311142663,0,115871250201
49.72043895830463,1,115871420201
49.42272849409749,1,115871420202
16.120543579797832,1,115880010101
29.292592218605375,1,115880080101
26.396674396194104,0,115880080102
22.829263499963076,0,115880250101
25.9278341903622,1,115880360201
29.92336418182211,0,115880390101
28.063082416756465,1,115880390102
11.109119929333872,0,115880460201
26.30360415028426,1,115880460202
37.679253560693155,0,115880490201
12.501842118997732,0,115880530101
22.45495017703484,0,115880530102
22.914918355635766,1,115880560301
7.8987429783898175,0,115890100201
12.849717665706782,1,115890100202
23.987134380500567,1,115890220201
19.263830993459415,0,115890220202
27.593935188553118,0,115890250201
41.94834899603553,1,115890570301
10.892663955448757,0,115890680201
32.34516354276174,1,115890720301
24.267651972294917,1,115890720302
38.807803734354486,0,115890800201
29.177494622402858,0,115890840101
24.766282820624387,0,115890840102
39.38432840118091,1,115890880201
36.09861748926449,0,115890880202
31.10279486846925,1,115890960201
37.76535614959093,0,115890960202
43.24384886172154,1,115890960203
21.736696449959172,1,115900150101
17.181452791575154,0,115900370101
23.74411365147529,1,115900370102
39.16237809530169,1,115900880101
36.24213214464643,0,115900880102
34.8086534300549,1,115901120201
22.673208186806477,0,115901120202
27.163919079309757,0,115901120203
26.7324648864968,1,115901180201
7.756792451675257,0,115901280301
15.01818764662152,1,115901330201
15.590881521927141,0,115901360201
5.71261833304664,0,115901360203
53.92346890183804,1,115910130201
49.0418126446142,1,115910130202
51.78506052056126,0,115910130203
48.20414599615216,1,115910270201
41.0682983439246,1,115910370301
20.181884323561103,0,115910410501
22.050062178940458,0,115910410502
26.0246950299031,0,115910500101
16.48164933383195,0,115910540201
21.363698611098798,1,115910540202
36.54242630055438,0,115910630301
38.102943211669675,1,115910630501
41.99804746654251,1,115910710201
19.082478657161552,1,115910750201
4.216380482876794,0,115910800201
21.15594387708379,1,115910800202
3.8674767757423725,0,115910800203
21.73581432966206,1,115911080201
35.23198594760066,1,115920120101
13.187617313409305,0,115920320201
23.26905269219993,0,115920630101
46.925207109247104,1,115930340401
15.074770244242686,1,115930380101
35.675408640008015,1,115930490201
41.655523662084896,1,115930590101
30.847273051087726,0,115930640201
12.144840157063847,1,115930740101
9.847896600508875,0,115930740102
37.31839699746658,1,115930860201
35.093705530518825,0,115930960201
30.568372743788732,0,115931010101
33.95702243605931,1,115931010102
26.63007934115321,1,115931160101
35.68836327603003,1,115940040201
32.529633943912884,1,115940150201
15.353826281580321,1,115940400201
22.302711864104566,1,115940600201
28.035426652758428,1,115940651201
26.824103219399134,0,115940651301
23.366532014333735,1,115940700201
12.816502105101076,0,115940810201
18.521929803215365,1,115940810202
38.237424457389885,1,115940920101
42.325255337771715,0,115940920102
23.64365467811448,1,115940970201
22.532006183557378,1,115940970202
14.420299590913674,0,115941020101
22.215592855308604,0,115941020102
42.78907152145627,1,115941070201
21.84556749348674,1,115941120201
15.653294752459477,0,115941170201
40.2748641939163,1,115941220201
46.66798178566435,1,115941220202
25.780173591019775,1,115941270101
11.06758805851279,0,115950020202
47.500059207237804,1,115950060201
0.1711298857131851,0,115950230101
18.61435130818385,0,115950310201
12.950936693689744,1,115950350201
34.1079527556856,1,115950390301
18.360800124885586,0,115950490201
28.205256624074995,1,115950490202
40.76186340794371,1,115950870301
25.569246329367562,1,115950910201
38.322063516929475,1,115950950601
13.784990397691175,1,115960050201
18.076642393639737,1,115960120101
12.362127400991762,0,115960120102
7.857135577324674,0,115960120103
19.054837386905923,1,115960260101
17.804776946406285,1,115960260102
34.3315196706336,1,115960300301
16.342176291776696,0,115960370201
21.01177882538059,0,115960370202
26.912560163944526,1,115960370203
19.809837463769895,1,115960450201
39.38296472580072,1,115960500201
15.786671223031837,0,115960570201
20.068224959777282,1,115960610201
16.462625963078892,1,115960690201
11.568108811398188,0,115960690202
28.336328904771356,1,115960730201
21.987410364934522,1,115960730202
27.081824053863315,1,115960770201
18.06461360059738,0,115960770202
13.173990037950087,0,115960880201
9.404653980190439,1,115960880202
46.59195454927876,1,115970020201
43.78784372598744,0,115970020202
45.86370381790263,0,115970080301
43.13635206400719,1,115970160201
36.89640381913378,0,115970200201
31.367908112848333,0,115970200501
19.45633433053472,0,115970230201
22.49194592183639,1,115970230202
50.07303101789255,0,115970330201
52.030422007250884,1,115970410201
62.981257771424126,1,115970500201
17.76375205828803,0,115980070101
22.813922751448004,0,115980070102
43.00969565253729,0,115980230201
39.88278192874312,0,115980360201
61.110561899409504,1,115980420201
42.28907369587114,0,115980550101
33.97214483893856,0,115980600201
50.08676713909368,1,115980780401
47.05754515699766,1,115980780402
54.385476005860866,0,115980890201
38.029893700759054,0,115980940201
23.028985145677193,1,115990050101
27.44257108402971,1,115990050102
42.682543775035946,1,115990140201
7.330808369469693,0,115990270101
9.652969660615405,0,115990460201
11.33695384955507,0,115990460202
24.417128450598117,0,115990760201
22.40827726820902,0,115990760202
22.273175236231033,1,115990930201
49.600202382165854,1,115990970101
30.5763953153214,0,116000080201
32.610326444836886,0,116000180401
25.756307541953273,0,116000270101
44.54592944499734,1,116000360201
18.769755708280627,1,116000400201
3.8370378376935577,0,116000500201
18.333882660356345,1,116000500202
5.086826096245946,0,116000560101
12.96946790466196,0,116000560102
33.91884309038308,0,116000600901
37.917476234833806,1,116000630101
21.759617024294617,0,116000700201
27.51742606240862,0,116000700202
27.3534154800526,1,116000730201
24.27039897375603,1,116000800201
30.251238178841746,0,116010190201
34.09361541834382,0,116010190202
38.98536622284759,1,116010240201
41.90712406180135,1,116010240202
34.642631007641775,0,116010310101
51.210309506359835,1,116010420201
21.455970465435687,0,116010830401
27.770210279732392,1,116011080201
18.411718088066372,0,116011080202
12.408191351557775,1,116011320101
25.52764658138891,1,116020170201
19.73315658416056,0,116020290201
29.55312010616924,0,116020320201
24.139215737929447,1,116020370101
38.345180415684226,1,116020390102
56.472876894097276,1,116020390103
14.545481578801528,1,116020420201
16.03123655088396,0,116020420202
28.54995669474604,1,116020440501
33.17131250114713,0,116020440502
25.98840392052177,1,116020490201
31.200540063204432,1,116030210301
26.94235927674884,1,116030540101
40.912336480939146,1,116030900101
41.29142333992494,1,116030900102
45.1424408138808,1,116031080201
19.84507595093116,1,116040030201
14.965099197400066,0,116040030202
23.2369646407371,0,116040180201
23.973325938905532,1,116040210201
11.854208395793009,1,116040210202
26.12077062266971,1,116040240101
18.792597886229284,0,116040240102
44.71460174538336,1,116040360201
26.35066559666234,0,116040390201
17.469690264147978,0,116040430101
36.82182717682994,1,116040460101
42.36981117234462,1,116040460102
25.393640176736536,1,116040520401
29.535284058599586,1,116040550201
8.482807390072331,0,116040580301
23.929578740540773,0,116040610201
34.618860120320356,0,116040610202
13.814292989017495,0,116040670201
38.39955892173321,0,116040760201
35.50538360312726,1,116040760202
22.86617040343834,0,116050040201
21.348771572975625,1,116050070101
36.89799262470246,1,116050100201
35.10601012548035,1,116050160201
26.665723055205444,1,116050160202
25.224364959430176,1,116050200201
1.6908897268101306,0,116050230101
20.772133309368307,1,116050230102
37.29426951803023,1,116050300201
9.120663277797588,0,116050410201
20.700690389633,0,116050530201
30.019535886701245,1,116050530202
35.98416381910337,1,116050650201
39.238457039308685,1,116050760201
31.759976117942287,1,116050830201
12.467553631111723,0,116060020201
27.494263192880602,0,116060420201
34.76497092134824,0,116060600201
43.949048973965276,0,116070010201
32.19465466023268,0,116070010202
15.505161052651196,0,116070050201
19.805238794577363,0,116070250201
8.77093905784279,1,116070370201
21.913677549266723,1,116070370202
27.15050668749631,1,116070450301
19.392752065015507,1,116070450302
19.98946159812492,0,116070540101
24.3076774993623,0,116070540102
26.149939879737467,0,116070540201
29.91804071609451,0,116070660201
23.97578411391783,0,116070660202
20.914453869450057,0,116070660203
22.542412818959825,0,116070700101
23.729343053578678,1,116070780201
5.312155192815027,0,116070780202
24.004223755813165,1,116070820202
20.28898025295237,1,116070900201
33.196196420174935,1,116070940201
36.53732944692258,0,116080120101
25.026306094795103,0,116080130101
14.47842525908614,0,116080180201
18.2976267064314,1,116080180202
32.83121756681447,1,116080220101
14.09728314321086,0,116080230201
36.146209619136535,1,116080260201
26.3341005519483,1,116080280201
32.30331574630949,0,116080310201
2.3401968157830524,0,116080360101
2.532647055620415,0,116080360102
17.56481333373429,1,116090020201
35.044147729128845,1,116090100201
24.988080102320918,0,116090280201
31.195900020939746,1,116090340101
29.207974952949456,0,116090380101
28.661955008136776,1,116090380102
11.893852401787555,0,116090410101
29.2144886673365,1,116090540101
23.336227517610336,1,116090640101
52.88364110269434,1,116090670201
48.992430026968336,0,116090670202
18.35502827105257,0,116090710201
43.08937936286161,1,116090800201
15.927671037164552,1,116090840201
23.73975708290836,0,116100070202
19.904312980466177,0,116100160201
27.245277493439147,1,116100370201
18.621923033987873,0,116100610201
38.8569173270195,1,116100660301
31.74509391822542,1,116100750201
28.062836581845964,1,116100750202
32.62448385749063,0,116100750203
48.13577916685834,1,116100800801
23.192364875999516,0,116100860201
8.579833277804104,0,116100900201
27.706017976036826,0,116101040101
18.641500218929778,0,116101180201
24.916725079869526,1,116101180202
54.8319971967226,1,116110030101
64.44185990095963,1,116110140201
57.767970466673006,1,116110210101
49.283247236652066,1,116110480101
49.20322375019708,0,116110480102
31.327980839297183,0,116110540101
48.8363504814103,0,116110650101
51.60595934575936,1,116110650102
57.40628997994611,1,116111030201
62.553386563234994,0,116111390401
50.85522175274949,0,116111390402
59.36046002214333,0,116111630201
41.54196431485207,1,116120080201
40.839487536743476,1,116120080202
53.66600229047944,1,116120150201
42.59214745084234,0,116120150202
14.039538876285583,1,116120410201
14.363603823536293,1,116120410202
24.59406618092131,1,116120720201
33.272653002111994,1,116120920301
35.53308061686806,0,116121340201
39.60268060858572,0,116121340202
