Y,W,kidid
17.077064178318757,1,100010190201
12.553459873077,0,100010190301
26.72593688574441,0,100010330201
22.491560843408436,1,100010330202
13.735287770515479,0,100010370201
8.786946624683466,0,100010590201
19.701234609116806,1,100010630201
19.47755794068095,0,100010720201
14.131688849865371,0,100010990201
15.968719078088661,0,100020160201
22.534412307862254,0,100020160202
22.916375894579474,1,100020410201
27.586227557225556,1,100020510201
25.546250685954618,1,100020510202
18.329096858139824,0,100020730101
27.688718946056945,1,100020730102
30.55383660725719,0,100020760101
15.10652941550081,1,100020800201
26.27448277010669,0,100030070201
24.796725412859008,1,100030230201
27.065055136954783,1,100030470201
16.732022693992924,0,100030560201
13.272868874187134,0,100030560203
21.89433588778237,0,100030760201
16.198929125659898,0,100040740201
33.67865945415306,0,100050170201
20.594848366727113,1,100050520201
18.013598573707696,0,100050770101
22.71542760888589,0,100060020101
19.259883158907446,0,100060020102
15.825434930753687,1,100060190201
18.77829223809247,1,100060460201
16.136898091369822,1,100060620201
15.127313860454823,1,100060680201
16.393854705695894,0,100060790101
18.062300151403065,0,100060790102
16.729411148760086,1,100060840201
25.80741905210218,0,100070490201
39.53815368116999,1,100070560101
10.107718700123304,0,100070560201
21.786888659387284,1,100080060202
15.459807229939067,1,100080210201
18.7917191120447,0,100080370201
19.199941874121684,0,100080520201
28.305671477891394,0,100080680201
20.531201006588898,1,100081150201
17.996046074009207,1,100081150202
34.1724046383819,0,100081200201
30.860379915883435,1,100081250201
5.21517644238169,1,100090060201
30.12584495918031,1,100090520201
15.956411726955514,0,100090840201
32.33136062904299,0,100091070202
31.07359185094704,0,100100100201
52.994569261428914,1,100100160201
42.751161794048436,1,100100160202
27.431080044442798,0,100100370201
23.656703810470436,1,100100640201
20.22083869300401,1,100101080101
11.76958413623103,0,100101080401
26.46764840476861,1,100101240501
17.36329287231937,0,100101290201
32.62928005949254,0,100110180201
36.14397024864711,1,100110180202
29.23933775783692,1,100110180203
15.334124403571577,0,100110220101
32.472313630090696,1,100110260201
33.46027555098023,1,100110260202
20.455941119876616,1,100110340201
27.298980228071756,0,100110530101
30.194126048821367,0,100110530102
30.477607695101383,0,100110570101
15.359691062248617,0,100110840201
42.59884335789249,0,100120030201
26.131096226916586,0,100120230201
22.27210211116597,0,100120380202
23.800716308379275,1,100120580201
7.522101914262241,0,100120610201
11.655849919884362,0,100120610202
24.242628301031154,0,100130230201
31.142424561763765,0,100130270201
25.34883892119066,0,100130270202
39.57898304083359,1,100130350201
31.141624284577738,0,100130350202
33.05260152193562,0,100130490201
19.040380332218387,0,100130510201
18.113655347759014,0,100140250201
25.910721339409697,1,100140360201
9.622937883995622,1,100140440201
12.321196441350224,1,100150530201
13.480807400067455,0,100150740201
25.73752824708618,0,100150780201
22.51849581873036,0,100160170201
14.256238145417793,1,100160300201
26.0737981027806,1,100160470201
20.25648436240094,1,100170260201
13.157921674927898,1,100170300201
21.12477589489959,1,100170420201
8.501661342598256,0,100170460201
45.60910772354107,1,100170750201
10.801000817572447,0,100170790201
15.551338112179911,1,100170920201
18.891800945255792,1,100180050201
25.524043368551837,1,100180080201
15.215225070056832,0,100180180201
16.71310238095759,1,100180210201
31.434160858934543,0,100180240201
39.73278549841789,0,100180340201
28.45602756963526,0,100180370201
25.490177294359132,0,100180370202
37.66776018782489,1,100180370203
28.194145981378156,1,100180430201
20.161694965359942,1,100180460201
34.42185351383029,0,100180520201
32.119353139554,1,100180520202
27.766997950633236,1,100180590201
15.038538272700535,1,100180780201
23.580393833875412,0,100180780202
21.814957041516987,1,100190590201
18.409933072048897,0,100190860201
26.46278215450411,1,100190900201
15.580493620108689,1,100200150501
11.35896436259954,1,100200370201
17.69641753041605,1,100200370202
13.327060254037642,0,100200480201
21.91691877723606,1,100200640201
27.725091996565407,1,100200860201
23.22919518585377,0,100200860202
18.910051984679853,1,100201020201
35.32431119665763,1,100210080201
24.192270492947735,1,100210120201
10.188432316916897,1,100210240101
25.129258182898155,0,100210360201
32.07584826208169,1,100210360202
49.01949612612067,1,100210440201
20.566518142784837,0,100210480201
22.535757892326412,1,100211000201
20.6901694613345,0,100220050301
30.903351612950594,0,100220110201
17.94988954882652,0,100220610201
11.772184115752971,1,100220730201
20.58785128829482,1,100220840101
27.563783234650323,0,100220900201
24.498465523895494,1,100220950201
15.700052222316042,0,100221180201
15.478563290964651,1,100221180202
20.47766494931198,1,100221290201
24.857198686913758,0,100221290202
13.25456180119072,1,100221400101
12.806863821086719,1,100230050201
20.42049559643622,1,100230230201
31.87684049896547,1,100230610201
30.372685226298664,0,100230610202
17.323488562441455,0,100230650201
26.858984301627178,1,100230650202
34.82024844776156,1,100230980201
9.928509255827594,0,100231030201
20.987604596081912,1,100231030202
8.212562270195374,0,100240050201
20.36963560854509,0,100240140201
20.595107182461845,1,100240320201
17.57685930724407,1,100240370201
13.396452779330502,1,100240410201
12.524179772149758,1,100240410202
23.81060349595651,1,100240460201
21.408914933796574,1,100240500201
16.415695684645982,0,100240550201
21.336268152013393,0,100240770201
22.13457693215229,0,100240990201
16.42191657191036,0,100250030201
27.72619446945321,0,100250080201
22.761892385073548,1,100250320201
22.552638051057677,1,100250420201
12.300193372820852,1,100250510201
23.889475969285627,1,100250700201
20.835444144522,1,100250840201
24.631467550846885,1,100250840202
13.542295700184415,0,100250940201
17.372548695915107,0,100251180201
14.728982975652304,0,100260180201
21.435001829638683,1,100260180202
13.426767748285405,1,100260280201
25.402525213147545,1,100260440101
25.544941019279484,0,100260900101
18.839663613122934,0,100261150201
23.2386788659063,1,100270030201
14.826354162172358,0,100270070201
22.59312135471636,1,100270070202
19.31434061233285,0,100270200201
32.822705458820884,1,100270280301
24.12475679381676,0,100270320201
21.706901466447153,0,100270320202
29.987500066046866,1,100270400201
27.201175108102234,0,100270400202
16.48124352400065,0,100270600201
23.612379553835808,1,100270600202
29.30818619701699,0,100270640201
27.20431807048677,0,100270640202
26.51234740443821,1,100270680201
14.278401828071814,0,100270800201
20.12986560775013,0,100280310101
25.82974186822421,0,100280350201
11.675864533599722,0,100280510201
22.252789601949736,1,100280600201
12.089705272283652,0,100280770201
25.48171828824676,0,100280810101
21.005411864913974,0,100281020201
30.110461301756065,0,100290050201
9.580423638779113,1,100290140301
23.39402727995537,1,100290210201
18.65017759312858,1,100290210202
15.312560733826144,0,100290300301
22.19588982037053,1,100290330201
8.80385412534628,0,100290480201
34.64005161691248,0,100290660201
26.96392546241145,0,100290660202
14.855177855407096,1,100300040201
19.045953155148517,0,100300140201
16.746677422729285,0,100300190201
16.11469119275771,1,100300190202
19.29998998155209,1,100300290201
26.10730205206548,0,100300340201
20.752522415877316,1,100300480201
35.870353078927636,0,100300530101
31.027524318454045,0,100300880201
8.988522960241456,1,100300930201
22.927723998297722,1,100310670201
19.736413343311835,0,100310730201
19.994371467815732,0,100311110201
18.68753271305064,0,100320010201
11.394222900062282,1,100320070201
20.662018048136247,1,100320120101
24.638028467323274,0,100320180201
26.522436932656888,0,100320350201
16.52124591153992,0,100320520201
14.862927359418437,1,100320740201
14.102807028884278,1,100320910201
19.38159923308144,0,100330010101
28.031809612990386,1,100330040201
13.690473076701661,0,100330070101
22.461876645577732,0,100330170201
21.192279544737875,0,100330210201
13.604497508297927,0,100330380201
15.502629253117203,0,100340020201
11.575607193216605,0,100340130301
9.311121599617504,0,100340900201
13.728184223710192,0,100350570201
16.241934483839508,0,100351070201
18.787548771181044,0,100360140201
20.005316411261767,1,100360180201
18.09697545886489,1,100360470201
12.596621546613344,0,100360570201
15.876347028558783,0,100360710201
15.587418887053124,0,100360860201
9.814262933882517,0,100360860202
13.009099853078535,1,100360860203
12.424943712228885,1,100360900201
28.885764751825096,0,100360950201
24.477239049408794,1,100370120201
15.690977424979849,0,100370390201
18.857323271072758,1,100370570201
3.7441677177158628,0,100370570202
25.114939132574165,1,100370620201
27.429927411561913,1,100370800201
24.60005056851874,1,100370800202
23.867277175495282,0,100370980201
31.54298721125923,0,100380080201
11.473051925430818,0,100380160201
5.424842555040755,0,100380200201
13.306672641941399,0,100380590101
19.59527461815344,1,100380740201
18.73411806341781,0,100380940201
38.286144984871406,0,100390540201
9.245575152732133,0,100391040101
25.728084190832792,0,100391260201
14.959011736978553,1,100391370201
39.38929180435244,1,100400080101
29.959642028158104,1,100400180101
22.232898719310764,0,100400250201
25.122276303133788,1,100400320201
11.970931606433597,0,100400350201
20.68228294828682,0,100400390301
26.934732932829466,1,100400390302
26.6068365201447,1,100400450201
35.21160843655605,1,100400450202
23.380152158559696,0,100400490201
22.900098994977263,1,100400560201
17.947229064563135,1,100400560202
19.163191595482196,1,100400660101
23.46616043641834,0,100400730201
30.768071652798927,1,100410010201
20.301435607276765,0,100410070201
27.7464451095493,0,100410190101
21.6235355519114,0,100410230201
24.547313504798755,0,100410230202
20.60757994694801,1,100410260201
20.252124702046935,0,100410290201
15.391484469360208,0,100410320101
27.802102808003593,1,100410350201
10.330416974710547,0,100410380201
31.7377356725957,0,100410410101
29.58794081559858,1,100410690201
24.47142886301555,0,100410690202
15.13029620419096,1,100420170201
12.33316951405986,0,100420350201
31.09201807705287,0,100420400201
19.143720427522066,0,100420460101
28.13565450477782,0,100420520301
19.957006784311275,1,100420580201
24.004428965578434,1,100420810201
16.52430756218112,1,100421040201
15.926555329500532,0,100421100201
15.871253429515443,1,100430240201
25.872862036897303,0,100430290201
26.77918819627181,0,100430340201
35.31056781045561,1,100430340202
17.448852340043324,0,100430480201
21.243184010726797,1,100430480202
25.558046269821396,1,100430760201
22.449686618714914,1,100430900301
18.14286464121367,0,100440030201
12.045450312607297,0,100440140201
13.598395281639151,0,100440170201
19.74490234121705,1,100440170202
14.895299921650976,1,100440190201
20.324502821159285,0,100440300201
29.034776208778776,1,100440580301
28.57925997148619,0,100440610201
29.26859851796692,1,100450100201
11.743251209336373,0,100450290201
14.821193087985451,0,100450660201
13.906706219553715,0,100450660202
21.46717192316897,0,100450760201
12.794426097614835,1,100450990201
5.069381268322315,1,100451040201
19.764372015800387,1,100460020201
23.059139700047865,1,100460190201
26.938725785877338,1,100460190202
21.038270979584397,1,100460240201
20.27501681509247,1,100460280201
15.881354879576005,0,100460460201
13.241601539159785,0,100460630101
13.274550699643102,0,100460630201
9.464927462634819,0,100460680301
9.835561682893914,1,100460720201
20.418447401734202,0,100461070201
19.696185073452256,0,100470100201
14.277642237706178,0,100470290301
13.295622787840218,0,100470550301
23.46794061420141,0,100470580201
19.411039511224068,1,100470660201
24.515823611034826,0,100480020201
19.00411998937812,1,100480110201
15.793776538427128,1,100480370201
19.74325893932328,0,100480410201
20.022789461772945,0,100480460201
19.598095544880294,1,100480500201
22.55731250906651,1,100480500202
25.378927459774992,0,100480590201
9.85599507344545,1,100480850201
29.598156400819374,1,100480890201
20.04570870986039,0,100481020201
21.821678775479594,0,100490150201
22.734059720929466,0,100490220201
17.606919956975794,0,100490250201
34.8837180774012,1,100490420201
23.4801096190078,0,100500010201
17.641645574064256,1,100500180201
21.257691197485617,0,100500210202
27.777722418725062,0,100500240101
29.066823329660302,0,100500240102
33.25814021128586,0,100500370101
19.40801808949906,1,100500440201
8.838761358935637,0,100500540201
21.909478692223722,0,100500570201
18.570516274978633,0,100500700201
21.105925648621003,0,100510110201
17.63626865601809,1,100510110202
20.552232053718285,1,100510200201
31.03357066410011,0,100510420201
25.947726931050983,1,100510420202
34.28107308608409,1,100510540201
17.978455305500056,0,100510560201
37.01860863871069,1,100510590201
23.067504175599876,0,100520220102
26.125753448890297,1,100520350201
27.878636502504595,1,100520350202
31.18187413720908,1,100520350203
14.860292251600038,0,100520390201
23.704699325678504,1,100520390202
14.17249130724965,0,100520390203
33.96539707602268,1,100520440201
26.949119913741413,0,100520440202
22.18883270576514,0,100520480201
24.094875804465786,1,100520480202
27.942258249268676,0,100520530101
15.460365101110035,0,100520530201
11.702903209202617,1,100520530401
11.227877452002417,0,100520570201
26.845726594930895,1,100520660201
17.4092567063538,0,100520700101
38.49970009805957,1,100520790101
19.07652299920537,0,100520920201
15.149507573916999,0,100520970401
13.659470900434648,1,100521050201
28.79589304233161,0,100530120201
32.622857729408445,0,100530440201
1.8922740327897394,0,100530500201
17.583433276597322,1,100530600201
21.357681540847203,1,100530870201
27.92121925771099,0,100530930101
26.771961689688915,0,100530930102
13.411499000065719,1,100531200201
22.32396562315345,0,100540060201
22.762196537667997,1,100540060202
14.398761196914254,0,100540180201
23.012815430289006,1,100540270201
23.14947723290057,1,100550010201
11.972356139326816,0,100550070201
14.377635733484803,0,100550750201
17.125765576226687,1,100550750202
15.96692573436606,1,100551280201
14.424675986680542,0,100551280401
24.671530793355327,0,100560340101
15.70479321768195,0,100560340102
30.569673498501686,1,100560400201
33.049762955316744,0,100570140101
32.889645483367374,1,100570340201
16.126769337299546,0,100570650301
29.067777296592983,0,100580300201
37.72943182326737,0,100580440201
13.642346559157016,1,100580790201
26.747581016018586,0,100581070101
37.6414295259289,1,100590260101
27.97447797938423,1,100590300201
22.264095500011543,0,100590390101
31.782840354769423,0,100590450301
33.91739490269525,1,100590490201
40.43320643522748,1,100590490202
23.999730461582118,0,100590680101
9.296033637664552,1,100600240201
34.11850434495238,0,100600320201
9.320660259134229,0,100600470101
20.110614599491356,1,100600770201
22.121925151714795,1,100600800101
19.310448895069804,1,100610030301
18.029108633670877,1,100610080201
25.748788300266714,0,100610210201
20.055985228358992,0,100610480201
43.96135705991785,1,100610520201
12.607515901599228,0,100610650201
21.89710195599873,0,100610700201
28.89812334102963,0,100610960101
27.9502408121737,0,100610960102
35.39462087574582,0,100620010201
32.894471550886564,0,100620190201
22.07576392013586,0,100620250201
27.049433521535448,1,100621090201
19.945763484988518,0,100621090202
15.30115679060257,1,100621420201
15.520690790335738,0,100621510201
29.4646488417589,1,100630070201
17.8297997980146,0,100630230201
25.30614138630198,1,100630380201
29.796668280079103,0,100630590201
33.06577048330463,0,100630590202
27.43414131126987,1,100630690401
29.287261207607514,1,100630690402
20.87902033823775,1,100630910201
21.29131549152236,0,100631500201
26.286339364462,1,100631500202
25.359080707761585,1,100631550101
11.38593121843738,0,100640110201
37.00172677789657,1,100640210101
21.419896886857522,1,100640450101
16.258344990270626,1,100640480201
26.3743748181836,1,100640480202
46.136170988025015,1,100640550101
32.8677518572641,0,100640550102
40.87762080191635,1,100640790201
32.91719206860953,1,100640790202
27.942443684710458,1,100640830201
32.19515469881204,0,100640860201
29.916019630427662,0,100650140101
13.053308075708276,0,100650220201
12.166182125062527,0,100650220202
29.681624464002905,0,100650230201
24.377852897065637,1,100650230202
34.89991459377426,0,100650290201
30.614348068526557,1,100650330201
26.36128539121065,1,100650370201
31.603748331847154,1,100650380101
27.287139932601654,1,100650400201
29.232437926359093,1,100650420201
25.184619698693094,1,100650430201
13.67383408547342,0,100660040201
13.775131464871077,1,100660070401
16.530885252041237,0,100660070402
14.687029530020144,1,100660090201
26.85922395069344,0,100660130101
30.130650015627694,0,100660200102
26.989211149526675,0,100660240201
44.78317269854935,1,100660260101
30.869020660343306,0,100660260102
26.035141871922328,0,100660350201
35.064199248860106,1,100660400101
22.981407748318755,1,100670010201
21.292271696652175,1,100670070201
15.136979744277703,0,100670070202
22.89258663028709,1,100670300201
20.138186805165553,1,100670300202
24.436581491010326,0,100670510201
21.244570993270507,1,100670510202
18.543816626665876,1,100670510203
30.615152519065447,1,100670660101
34.135920339066196,0,100680120201
38.35355033289631,0,100680160101
29.638822663755395,0,100680160102
31.520834580660352,1,100680960201
43.56796506813935,1,100690150201
33.8823653024679,0,100690210101
24.10730993252208,1,100690280201
20.576123654932257,1,100690320301
30.99759059049706,1,100690370101
21.82273742619316,1,100690370102
33.51332143017222,0,100690590201
32.554034845946525,0,100690590202
37.918900586617426,0,100690590203
29.95206973124417,1,100690660101
39.67176250333563,1,100690700201
29.70134347829401,0,100690750101
26.27956633010063,0,100690860201
32.56456555675925,0,100691100201
14.928675653659363,0,100700450201
9.225404195641339,0,100700450202
29.540671672033156,1,100700540201
25.276465715410723,1,100700950201
19.677631353358485,1,100701270201
12.678689290697777,0,100710140201
27.225806039077305,1,100710490201
31.627298608968715,1,100710490202
26.843326210211657,1,100710970201
11.3289982939672,0,100710970202
28.724462938192488,1,100711040201
29.118115086898467,0,100711300201
22.23914586740839,0,100720210101
40.436040328650506,1,100720300201
17.29277927686434,1,100720340101
11.481117645587815,1,100720340102
8.64070716392408,0,100720600201
25.825420162957414,0,100720710201
33.496252546430455,0,100720750101
31.465882467458858,0,100720860201
36.717397783444326,1,100730180201
33.46228015748595,1,100730180202
25.528401750798725,0,100730210101
14.397765279558932,0,100730280201
20.135044097673603,0,100730450201
19.396604343432298,1,100730510201
20.224833205233384,1,100730510202
42.60627330228878,1,100730610201
19.473511467927324,1,100730680201
20.54764168943216,0,100730680202
10.90924690999255,0,100740620201
29.587475378644374,1,100740680201
42.04012264494634,1,100740730101
25.655645350443976,0,100741260201
44.03142852853218,1,100741350101
30.01406004283817,1,100750120201
19.477674634498385,0,100750120202
46.2535007516746,1,100750160201
42.33606146666326,0,100750420101
16.581154933149783,0,100750620101
34.10025925051743,0,100750620102
19.926706942399992,1,100750660201
26.892726034969574,1,100750660202
4.8056368813829815,0,100750700301
35.09309130167015,1,100750940101
25.36666363231803,1,100751000201
24.06593126362898,0,100760020201
43.67309197735847,1,100760330201
7.161192907436255,1,100760380301
39.9620511069232,1,100760550201
31.00947955254009,0,100760550202
37.997753722553824,1,100760660201
13.782323932893577,0,100760830301
14.80424349863889,0,100761020101
15.465115319685259,0,100761020102
18.75003152301322,1,100761080201
16.626880886834627,0,100761080202
21.128599473157422,0,100761470201
33.79994836810394,1,100770040201
41.27628399628925,1,100770080201
27.828656739748844,0,100770210201
30.653660523689748,0,100770210202
23.43018462253487,0,100770340201
15.29676824210426,1,100770450201
21.041509153932413,1,100770450202
20.232933040341354,0,100770490101
20.791910129498298,0,100770490102
9.338181063796815,0,100770750201
29.20763404385369,1,100770790201
29.866106136392254,0,100770790202
28.982633013179143,1,100770870101
20.495522475484865,0,100770930202
18.945866075147677,0,100770930203
25.891735637805965,0,100771090201
28.902198642380387,1,100780810101
30.65943177656918,1,100780950201
13.750455316524004,0,100781010101
30.495031707250185,1,100781010102
13.786418696595504,0,100781140201
18.418032446507315,0,100781140202
44.90053253314612,1,100790280201
22.539757334205518,1,100790530201
33.18449293550102,0,100790720201
30.679805472864295,1,100800140201
25.56517476810037,1,100800230201
18.574690253889276,1,100800270201
19.0940229634868,0,100800270202
42.985521302062665,0,100800340201
22.108011190374892,0,100800370101
17.94259778482991,1,100800550301
15.827348826292328,1,100800620201
29.8179896148315,0,100800740201
17.85788048276148,0,100800960201
23.854918044295015,1,100810070201
19.58413373574183,1,100810230201
24.714945530483263,1,100810230202
16.07686107202007,0,100810400201
13.44340593365223,0,100811090201
11.140535391044313,0,100811240201
25.61438269423975,0,100811400101
35.792888358656874,1,100820190101
19.635091397479265,0,100820270201
16.15082412846917,0,100820310302
32.65528046577042,1,100820390301
41.01863786739701,1,100820390302
33.65381673306568,1,100820390501
34.154722862395715,0,100820470201
23.158026399832586,1,100820870201
30.752854390643037,1,100830500201
26.25069969900403,1,100830590301
39.89497069084224,0,100830800201
17.187595665158423,0,100830820201
25.161607247846156,1,100830820202
31.227314236863677,1,100830910201
13.586801411422389,0,100831080201
21.895999076268545,0,100840310201
22.729944834695228,1,100840310202
37.418834634978744,0,100840350101
19.632930567946712,1,100840480101
28.312870744107983,0,100840550201
18.324245446819223,0,100840710101
26.352892362427248,1,100840750101
21.880900709415123,0,100840750102
24.350711177856844,1,100850390101
42.82133170798306,1,100850530101
32.01099813598603,1,100850710201
20.539758702071417,1,100860110201
19.283306124742364,0,100860180201
19.677342801078357,0,100860330201
33.21405320556971,1,100860330202
30.773273068930227,0,100860810101
38.2777724387131,1,100860810102
18.10495197586831,1,100860860101
12.541754381461132,0,100861000201
15.136939448894246,0,100861000202
28.17466514883489,0,100870020101
36.943139536520114,1,100870110101
22.612165780342114,1,100870230201
28.82041175772857,1,100870270101
34.6874791811452,1,100870340201
13.98473011559973,0,100870470201
35.6123666619918,0,100870700201
44.44493360527578,0,100870700202
11.221581197071322,0,100870910201
19.036805709350627,0,100870960301
16.096833460925346,0,100880030201
26.7941511845361,1,100880190201
32.476905274388564,1,100880190202
18.480869479580015,1,100880250401
27.168973151065224,1,100880320401
29.27524311410839,1,100880350201
20.988171425128122,0,100880420201
26.764043670981188,0,100880750201
24.609061066449215,1,100880850101
36.09948911120398,0,100880860201
16.95328620998686,0,100880860301
23.688467318021246,1,100890260101
14.733127051836847,0,100890570301
34.64004246073236,0,100890920401
23.31435269381512,0,100890920402
12.45132412380985,0,100890920601
17.118279699992165,0,100891150201
27.61971936266628,1,100900030201
17.237574694015912,0,100900030202
23.953785662600545,1,100900110201
30.978476721825164,1,100900190201
12.766065524600663,0,100900230101
24.700981716611814,1,100900270201
27.060037788831533,0,100900510201
24.80865704779931,0,100900590201
13.535339072105968,1,100900790201
19.474375446818623,1,100900830201
10.557693818570714,0,100900870201
30.016483636107335,0,100910100301
33.703095387469965,0,100910150201
27.4675830860634,0,100910580201
27.229361769532176,0,100910850201
22.08979197636775,1,100920250201
41.097811035424066,1,100920300101
29.091511685276704,0,100920400201
29.869413884070966,0,100920690201
19.146759294876965,0,100920890201
12.798091028548221,0,100921140401
31.01169365063604,1,100921190201
29.673302552262513,1,100921240201
26.982395490094945,0,100930170101
42.92458636151095,0,100930240201
18.1477281614332,1,100930380201
15.967161789327372,1,100930460201
7.591785480960767,0,100930460202
22.8719691936303,0,100930670101
34.07010853677731,1,100940160201
22.451799342212038,0,100940160202
18.233392634344497,0,100940190401
20.388579677784996,0,100940220301
26.685369356147984,0,100940690201
23.212755827321992,1,100950050101
23.60950610703875,0,100950080201
10.467886856638753,0,100950110201
21.52400773933416,0,100950290201
21.130923923632505,0,100950350201
20.75299964479953,0,100950440201
19.191485775329486,0,100950440202
22.07666766179626,1,100950470201
37.705724661629205,0,100950530101
18.46205428724243,1,100950680201
18.40211211948344,1,100950680202
17.069469026863977,0,100950710201
29.32111197518572,1,100950740101
11.87594807229096,1,100960060201
21.105794300335866,1,100960300201
27.315294812550988,1,100960360201
35.21192272221909,1,100960380201
26.04907410677692,0,100960380202
43.241179879402466,0,100960410101
42.39444694367531,1,100960440101
42.51358322954938,1,100960440102
14.067541829583373,0,100960550201
13.381201566816095,0,100960570201
1.9734492282349931,1,100960680301
22.684896031794086,0,100970030201
30.18126790453325,1,100970290101
26.1407284639077,1,100970330201
19.769260458584252,0,100970410201
24.957808540385127,1,100970450201
17.9816920083979,1,100970490201
25.259720956764312,1,100970560201
26.984950922418896,1,100970560202
16.05334584793614,0,100970640201
38.23321899811406,1,100970720301
36.47758508882505,1,100970870201
33.753167055836,1,100980010101
10.887977393312648,1,100980020201
35.633694285435446,1,100980050201
19.47747518584085,0,100980110101
20.229847510610018,0,100980120201
21.96144420334069,0,100980130201
34.83330353154031,1,100980140201
37.66326057765808,0,100980200201
20.898220698735738,1,100980210301
15.437176791314771,1,100980210302
16.55520554054342,1,100980230201
24.67485642086946,0,100980240201
20.08719546637901,0,100990050201
15.97609037201279,1,100990110201
25.28616397841961,1,100990140201
28.7353871398951,0,100990220201
13.016809319451589,1,100990280301
25.553174201864362,0,100990310101
20.205961508614095,1,100990330201
10.682308865666727,0,100990390201
7.266934182314428,0,100990480201
19.08080087351953,0,100990670201
27.895656071130738,1,100990670202
7.436480898170265,1,100990700201
20.006725671320616,1,101000130201
14.296041645929472,0,101000340101
20.365251537175876,0,101000440101
28.435500628130413,0,101000560101
29.421764723546122,0,101010240201
33.342159038301986,1,101010310101
38.95767002518053,1,101010400201
13.686548047520516,1,101010560201
13.549505992488315,0,101020220201
38.967373737204646,0,101020300201
24.93278323322989,1,101020340201
22.809356186989646,0,101020450201
21.05304183545849,0,101020490201
29.8781184126937,0,101020680101
32.008401214969936,1,101020760201
31.39881802601925,1,101020840201
30.46775186598789,0,101030270201
21.59842006583598,1,101030350201
25.14248462142292,0,101040100201
11.741396111336295,1,101040140101
19.06380423327136,0,101040190201
14.823840773908723,1,101040280201
9.107796655256122,0,101040370201
23.37164821067246,0,101040500201
12.272498568928174,0,101040640201
33.96522395557445,0,101041090101
31.151477748378472,1,101050120201
42.4810948392723,1,101050360101
24.793030078987787,1,101050500201
37.8407884094923,1,101050530101
18.753695931931535,0,101060100101
34.18947697144875,0,101060720201
10.597425371462704,0,101061180201
12.571652535791621,0,101070010201
11.352060163839202,0,101070440101
16.130865121844742,1,101070610201
29.975538432911385,1,101070950101
22.235587938109212,0,101070950102
18.790247867770358,0,101080010101
21.734281644223586,0,101080080201
34.73728910737951,1,101080130101
9.61218092276182,0,101080160301
16.178485656237925,1,101080400301
23.0687460128454,1,101080450201
14.920028912426645,1,101080470301
22.592288515688352,1,101080500201
17.232921038782692,0,101090120301
9.57022695147245,1,101090230201
28.115033604353055,0,101090270201
35.79153872298433,1,101090730201
25.13925988758255,1,101090730202
36.62463352920604,0,101090810101
23.127238524150894,1,101100170401
27.714435634767064,0,101100280201
30.5614793821395,1,101100280202
29.380298304954994,0,101100460101
14.504823689075229,1,101100860201
24.66783350115235,0,101100900101
34.57567275980656,1,101110210101
30.726532081610564,1,101110460201
30.93395888239956,1,101110460202
22.6318234445055,1,101110590101
20.656824608293586,0,101110630201
33.74927917171555,1,101110670201
22.899134288284948,1,101110710101
16.821025309256903,1,101110710102
38.071560658346954,1,101110760201
8.563532722661897,0,101120040201
14.553996464469636,0,101120420101
26.209099354807947,1,101120420102
24.473774203721078,1,101120490201
16.902572904894736,0,101120600201
10.136382203878249,0,101120600202
14.836381176684894,0,101120600203
14.244385861743883,0,101120780201
29.09254718090311,1,101130050202
28.435880714293113,0,101130180201
19.186756152405167,0,101130310201
34.28259974079933,1,101130530201
20.82518626642258,0,101130530202
30.718837014679146,1,101130700201
8.001411109226106,0,101130790201
30.743850017233274,0,101140240201
41.546729773275494,1,101140240202
24.96297025875953,1,101140470201
22.17362452617844,0,101140650301
30.343022949037156,1,101140870201
23.932896041214914,1,101140920201
30.121720570897313,1,101150030201
20.571431051470267,0,101150030202
28.760115614016,1,101150030203
14.507615233564827,0,101150240201
24.65451273309551,1,101150280201
16.397875966721024,0,101150320201
23.574135795465185,0,101150320202
19.59808766120921,1,101150350201
26.943164933309028,1,101160010101
13.574191764526008,1,101160040101
11.899643365108503,0,101160140101
29.382473026723254,0,101160200201
26.765677696940145,1,101160270201
12.814434761765865,0,101160300201
15.807255661868881,0,101160360201
13.797118383666279,0,101160360202
9.286079418348795,0,101160590301
19.779693848759894,1,101160690201
32.31601718098533,0,101160720101
23.156353943959175,0,101160750201
17.06268997883145,1,101170050201
43.46248331859376,0,101170140201
19.49904744882658,1,101170490201
19.930767936289904,1,101170490202
26.112466864088592,0,101170670201
30.538664004554516,0,101170710101
31.876759621317117,0,101170770201
36.96224718757189,1,101170770202
20.234936886150454,0,101180080201
33.35293842505609,0,101180100201
22.303394510436704,1,101180130201
10.595486011543779,1,101180180201
9.018158149950175,0,101180260301
20.1349384586564,1,101180260701
24.534478546643257,1,101180320201
18.403644362446002,1,101180350201
23.13748733850602,1,101180370101
16.524638645637715,1,101180450201
18.509987382269244,1,101180530201
25.87548899361509,1,101180560201
25.28557882259404,1,101180640201
26.70572180536736,1,101180640202
27.80521041115665,1,101180670301
8.807891286759077,0,101180670401
28.308554153387774,1,101190160201
20.14720016426888,1,101190710201
35.94688917148235,1,101190770201
31.15572636057783,1,101200420101
10.966901523861205,0,101200490201
19.768973249422174,0,101200640201
44.740601455051404,1,101200710201
32.116077973605044,1,101210030101
26.02469422070275,0,101210060201
35.78699669489971,1,101210060202
9.170270514520091,1,101210280201
23.62049601533137,1,101210420201
29.919335327267316,0,101210680201
13.859264481145601,0,101220170301
25.72084307299532,0,101220190201
27.36188363261896,1,101220220201
31.949481169097112,1,101220250201
26.108674205504542,1,101220380201
21.70380188224804,1,101220440101
41.09766313811602,1,101220570201
16.013632706683637,0,101220650201
12.374786037222494,0,101230140201
17.528928796938732,0,101230210201
35.86953510949902,0,101230280201
13.799571258650872,0,101230310301
19.15831532553526,1,101230340201
16.043300496605173,0,101230510101
32.8992389882457,1,101230550201
31.619035113641758,0,101230550202
12.962567634258352,0,101230620201
23.343060203574623,1,101230680201
19.194126142904977,1,101230680202
18.73144807416195,1,101230790101
18.17818905628267,1,101240300201
23.299537449131247,0,101240480201
16.31606885454799,0,101240720201
27.101571471925357,0,101250200201
30.602570852972594,1,101250240201
37.6450932294872,1,101250280201
26.711005518434572,1,101250540201
25.154066702850095,1,101250730201
47.631395501826645,1,101250880201
40.21039324699489,1,101260100201
19.42456072047335,1,101260180201
29.696575901336956,1,101260250201
42.02935684998215,0,101260290101
28.754009960080634,1,101260320201
28.19951766342428,0,101260400201
12.576459463226984,0,101260450101
22.930577018192064,1,101260630201
16.666731660843936,1,101260710201
16.85111719535591,0,101260740201
33.57942821178212,1,101260840101
14.810219692919395,0,101270020201
17.43078084828847,0,101270020202
28.471059578052802,0,101270350201
14.915355215214118,0,101270370201
19.712047375138376,0,101270490101
43.69666472899179,1,101270710201
22.09336410638546,0,101280020201
41.94554607093018,0,101280100101
40.45473310195555,0,101280180101
21.2724001627168,1,101280300201
40.943462025118215,1,101280340102
32.12285111740607,1,101280690201
46.51907669312577,1,101280810201
40.63610043085137,0,101280880101
31.02763677661152,1,101280920301
28.076009857572842,0,101290120201
30.713417385803993,1,101290260201
31.38934034154096,1,101290340201
36.76634344125555,1,101290430201
18.198415798827256,0,101290460301
19.247045959595198,1,101290460302
30.053048729547875,1,101290630201
16.666410837600125,0,101290660201
22.876466018553963,0,101290660202
18.102994997136218,1,101300430201
17.970424088041902,1,101300880201
23.05229371769313,0,101310150201
15.977034494702716,1,101310230201
24.750290484436825,0,101310340201
28.665011645707573,1,101310380201
23.223111649071008,1,101320170101
8.988688828358137,0,101320190201
38.67516173698329,1,101320340101
35.64907181380768,1,101320840201
37.16895546681003,0,101330050101
45.64836343595914,1,101330050102
24.762660757257777,0,101330090201
28.120335237288046,1,101330300201
19.762362135621803,0,101330340201
33.38450797573719,0,101330560201
29.095955041652218,1,101330560202
34.78931961434946,0,101330740201
16.135390430755294,1,101330780301
16.997488302751094,0,101330950201
26.263843498293767,0,101340650201
27.248216217110308,1,101340810301
30.149944013782537,0,101350100201
18.28087965269987,0,101350380201
32.37459006176792,1,101350620201
32.830985634297186,0,101350730201
26.392823091752778,1,101350780201
40.391660068394394,1,101350830101
28.056689475022313,0,101351180201
21.489905871112477,0,101351230201
15.491825454355146,1,101351230202
18.44526496205934,1,101351400201
14.259573337033453,0,101360020201
17.661847655344864,1,101360050201
30.049971900887506,1,101360070201
18.407497944047403,0,101360110201
41.4599765404906,1,101360130201
33.559864856287305,0,101360220101
14.311390863218902,1,101360280201
15.978322004147177,0,101370060301
17.861318618184928,0,101370100101
12.456045781503832,0,101370340101
30.499949739689526,1,101370380201
26.901572744203154,0,101370520201
17.045777240051656,0,101370550201
34.077465751863365,0,101370580101
29.158577672009365,0,101370650201
32.75773366647213,1,101380520201
19.459699789286816,0,101380860201
20.080353607974043,0,101381020201
27.997205717072724,0,101381340201
31.059691770131856,0,101390040301
17.57775714295718,1,101390040401
33.27374952196842,1,101390060201
23.739666880603398,0,101390090201
31.73396635009688,1,101390300201
40.87058782031727,1,101390370201
23.586728212809323,0,101390490201
15.446168140506932,0,101390540201
20.632671711057373,0,101400450101
20.382814087892534,1,101400470201
17.194770202364808,0,101400470202
12.384621916214,1,101400540201
35.26915662305876,1,101410050601
41.67293908583807,1,101410160101
33.22635960664668,1,101410270101
27.06462736251946,1,101410300201
26.1436929681479,1,101410330101
14.180262074412331,0,101410330501
26.308324032456458,0,101410690201
25.70139744554216,1,101420420201
33.27011445192953,0,101420630201
19.617843803684625,0,101420750301
36.893409576678536,1,101420790201
24.292123520362875,0,101421060201
24.801025453300817,1,101430130101
13.92439328738662,0,101430350201
30.29977595249969,1,101430490201
29.97824120147399,1,101430730201
24.46912714412351,1,101440080201
28.83420858058305,1,101440100201
20.722668100720423,1,101440410201
22.937498348785763,1,101440500101
35.14958548439854,0,101450280201
37.12305019533997,1,101450330201
21.56239416051546,0,101450390201
18.883316586555626,1,101450530301
12.267031201661876,1,101450620201
21.67495135879357,0,101460200201
38.639918235666485,0,101460280101
11.494925001090754,1,101460360301
9.588633088298296,1,101460460101
23.757335980209298,0,101470630101
36.03806114153434,0,101470670101
28.24629290372191,0,101470720301
28.332231824930457,0,101470820201
27.862388542409988,1,101470920201
35.98193451346664,1,101480030101
11.523959025279236,0,101480390101
45.94104223855894,1,101480530201
16.396914659093,1,101480530301
19.843484004948376,0,101480730201
11.322875855860419,1,101480910101
22.7399789070122,0,101490080201
31.688339945034706,1,101490200201
12.861910861981398,0,101490410201
20.099076245492697,0,101490440201
23.307957708078177,1,101490470201
31.503034796329462,1,101490530201
16.58323658473611,0,101490720201
31.80573544226339,1,101490720202
5.159152706696531,0,101500110201
31.48959897548952,1,101500160201
11.930012112505974,0,101500210201
16.308132571330802,1,101500390301
28.689789451621483,0,101500510101
19.910840871733733,0,101500620201
15.68244714443375,0,101500620202
30.652184011126764,1,101501000201
34.346292865311696,1,101501140201
31.510971939157102,0,101501210201
26.824027060480034,0,101510080201
30.663348008251532,1,101510160201
7.5435343035864495,0,101510560201
41.380151706165655,1,101520010201
3.6586438034578075,0,101520030201
27.56687402407659,0,101520060201
28.678553085578045,1,101520490201
29.349767555863796,1,101520540201
17.925053125456422,0,101520600201
31.826196431886476,1,101530060201
26.400270543529306,0,101530110201
18.62583734510779,1,101530340201
34.19976416123535,0,101530470201
17.94039020074083,1,101530570202
28.395403897408368,1,101540290201
40.40545475006962,0,101540340301
32.36592721753313,1,101540600201
27.243000039350107,1,101540600202
23.24222246120835,1,101540750201
47.62251480906879,1,101540800101
42.61593680647337,1,101540800102
30.94561226685049,0,101541010201
22.34182160500141,1,101550080201
20.835616906442397,1,101550650201
25.894005110582402,1,101550690201
16.532699342424756,0,101550750201
15.257967204829406,0,101550750202
39.11941217495828,1,101560020201
33.345692118337375,1,101560360201
19.483745666074036,1,101560400201
33.45310209310159,1,101560470201
21.626117875271984,1,101560510201
40.90467004162137,1,101560580201
26.898101414384932,0,101560580202
24.82510904796252,0,101560730301
14.054464652287626,0,101560880101
13.962801180611011,1,101560920201
29.28655612276141,0,101570030101
26.478511925424446,1,101570070201
21.799957853909547,1,101570350201
26.991916487825957,0,101570470101
22.287514919321044,0,101570640201
17.352947501650906,0,101570780101
16.410691969832044,0,101570810201
23.900148070484793,0,101570940201
20.177861890368444,0,101580010201
16.6441935622356,1,101580060201
13.031265671891429,1,101580060202
17.16761179389611,1,101580260201
18.2984837596377,0,101580260202
13.169798047619128,0,101580560201
19.952316649996856,0,101590240201
22.67929148580171,0,101590280101
26.617428500774736,1,101590320201
27.079561395649655,1,101590340201
19.678937615962546,0,101590360201
11.017246216561192,1,101600090201
16.4444726365706,0,101600130201
21.093098608990168,1,101600240101
8.76382926428088,0,101600280101
16.241495251152024,0,101600430201
32.20722691073646,1,101600660201
20.61275465273452,1,101610400201
22.240027821854344,0,101610470101
36.748968774788864,1,101610500201
38.05871179141584,1,101610640101
40.12989200115003,0,101620080201
16.30881480318608,1,101620250201
31.00582919677715,1,101620400101
36.02504941586889,1,101620430201
23.22451797433613,0,101620520201
26.51368772662114,1,101630080201
20.52988519280884,1,101630470201
19.365228806846474,0,101630470202
22.888923362732637,1,101630630101
43.54009674274309,1,101630740101
44.51715377168029,1,101640060201
13.428263339404099,1,101640110201
19.255811078150384,1,101640330201
7.635064442289964,0,101640540201
33.20081201581398,1,101640580101
31.335461695616733,0,101640580102
34.609513535380515,1,101650010101
39.7089900340593,0,101650130101
24.29111812840501,1,101650170101
16.54060730823928,0,101650170102
38.96420384536861,0,101650180101
28.25693914161548,1,101650360101
49.135205958036366,1,101660330101
16.895695982658545,0,101660330201
27.364875169525472,0,101660430101
25.21151558073313,0,101660540201
12.579718169223488,1,101660840201
33.498293772568026,0,101670030201
18.642287955322985,0,101670160301
25.762193983657355,1,101670330201
27.535029372584212,0,101670370201
38.172156593664255,1,101670450201
32.560594224572384,1,101670540201
11.715035745428125,1,101670660201
13.775759971209514,0,101670830201
18.515303130845787,1,101670830202
28.09405481941686,1,101680070201
25.63174653077693,0,101680120201
13.623664571159454,0,101680380201
29.024502285595624,1,101680560101
33.250729898330235,1,101680730201
12.969476331518408,1,101680820201
29.031981640875888,1,101690180301
20.57722721174962,0,101690420201
21.43760143852757,0,101690420202
17.203744585432318,0,101690590101
15.850685867570594,1,101690630201
19.85835670216122,0,101690710201
27.345247202220854,1,101690840101
31.820914975501463,0,101691000101
38.46772061472379,0,101700930201
18.08941680463219,0,101701020201
25.028227414240984,0,101710130201
20.07480042172515,1,101710360201
19.030023055531828,0,101710410201
24.62614784483147,1,101710410202
23.11218139791511,1,101710580201
23.24967612353936,0,101710970201
21.31848377654839,1,101720020201
27.564856438845055,1,101720040201
13.536756218380768,0,101720090201
6.193661830526295,0,101720090202
29.318116546704015,1,101720110101
15.475449062458216,0,101720210201
29.954662052283588,1,101720330201
19.39401634763304,0,101720330202
40.11305658028353,0,101720420201
44.28681321921195,1,101720420202
16.34289712393798,1,101720590101
17.91935840827924,0,101720590102
31.607793799976022,1,101730030201
26.724809796983607,1,101730140201
18.650358700066853,0,101730180201
15.47812954119988,0,101730280101
21.9219506403163,0,101730280102
28.776360816902567,0,101730280103
38.837834253764996,1,101730360201
14.19036254001863,0,101730540301
33.76126830927811,1,101730680101
38.994905508539894,0,101730790201
34.12706911550926,1,101730790202
28.20845998213846,0,101740020201
35.43226092353408,0,101740160201
14.144211645501514,0,101740300301
14.667297817563972,1,101740390201
42.55488438245047,1,101740630201
32.63893103791912,1,101740720201
21.558015890625143,0,101740810201
41.80787669635576,1,101740860201
22.1942683544803,1,101740910201
17.76733258971775,0,101740950201
23.294857201857827,1,101741090201
20.353023832179808,0,101750310101
23.36471244102954,0,101750440101
13.503833033724085,0,101750840101
21.234106586530874,1,101750840102
36.78641887027424,0,101760030101
28.38005625839202,0,101760070201
21.058449908503004,0,101760150401
24.274973744609436,1,101760460301
26.082290996692564,1,101760540201
22.72072570931263,0,101760580201
24.068915827751635,1,101760810201
18.078166047314973,0,101760890201
20.320497541438638,1,101760890202
25.76683162323693,1,101760970101
17.260957525365747,1,101770100101
23.744456967054628,1,101770480201
16.376294267226744,0,101780190201
37.666060854743556,0,101780350101
12.511437240445742,0,101780380201
21.607266684934007,1,101790010901
26.149225165123532,0,101790080201
34.158713069806055,1,101790200201
23.07914897070458,1,101790320201
35.232685588724436,1,101790370101
21.15587149432028,0,101790460201
15.855231489649723,0,101790460202
22.529874253750997,1,101790460203
28.26434180003759,0,101800090101
28.66530175588666,1,101800200101
24.82852752231388,0,101800600201
38.25741955136016,0,101800700201
16.396664153720018,0,101800750501
12.775222819098971,0,101800750502
15.797109646706739,0,101800800201
23.224921263750332,1,101801000201
16.817402698607992,0,101810120202
43.838673957603945,1,101810340201
10.6022385622972,0,101810520201
20.31146839288784,1,101810610201
31.24870301915063,1,101810610202
26.39037836625444,1,101810800201
7.94776802563034,0,101820100101
27.11652658960194,0,101820170201
22.762324138464596,0,101820170202
14.436346769639036,1,101820210201
24.789885505356466,0,101820250101
49.90020580415548,0,101820280201
33.35373415243686,1,101820320201
14.836513284481878,1,101820360201
23.870181703732918,1,101820360202
21.789596276419296,1,101820430101
29.648445879467836,0,101820690101
21.959372041795007,0,101820690102
24.287017002300498,0,101820730201
43.81814071339823,0,101820770101
9.414538893409816,0,101820800101
26.122095813048688,0,101820840201
27.936153036092044,0,101820840202
17.986377382532016,1,101830030201
18.453970316947164,0,101830150201
16.54657674447767,1,101830190701
31.317285262081413,0,101830270201
28.630760164711962,1,101830510201
24.779458278630827,1,101840110201
29.473255903186406,0,101840340201
33.9900577596913,1,101840340202
23.62329095850331,1,101840450101
18.865310974320295,0,101840650201
18.624056475985217,1,101850010301
32.2399126231,1,101850050201
19.72743145572311,0,101850230201
35.268679499644804,0,101850380201
36.01127764391725,1,101850780201
22.458395196254315,0,101860270201
34.80313192544929,0,101860420101
20.22690370781178,1,101860470201
23.666765038350608,1,101860470202
32.19221786807709,1,101860670101
23.575143625542808,0,101860720101
36.17328923360296,1,101860820101
40.2438318736219,1,101860820102
26.979539308347256,1,101860870201
18.653599757301322,0,101860870202
25.609530464343727,0,101860870203
24.708333819681553,1,101860870301
29.025069072579406,1,101860910101
21.71426657739648,1,101861010101
23.948246863751702,0,101870060101
38.384166529976014,1,101870090201
22.837447504134094,1,101870160201
23.258399238159573,1,101870200201
25.625297124275445,0,101870260201
19.058196881916377,0,101870260202
25.0869613646352,1,101870330201
16.346452687820367,0,101870400201
32.28397999532032,1,101870430201
34.42260231323641,1,101870500201
25.57606053535682,0,101870570301
28.992069468095234,0,101870570302
26.554976999902067,1,101870570401
38.83419326200868,1,101880310201
42.19186565282907,1,101880350101
46.0520436840227,1,101880350102
34.91388034886562,1,101880470301
33.93702464091572,0,101880470302
25.17710847733671,1,101880710201
29.321738158116165,1,101880830201
25.006316271655617,0,101880910101
15.490709801472967,0,101880990201
22.23211019403409,1,101890100201
29.715736262369465,0,101890230101
19.471239474303818,1,101890670201
26.851142283661005,1,101890890101
24.703905007693173,1,101891070201
28.129812760645134,0,101891070202
41.15466895842271,1,101900390101
42.69429438202338,1,101900620101
30.347147872874377,1,101900770101
21.993199585536416,1,101900860201
27.86664406232238,0,101900860202
51.73449470618262,1,101901100301
15.420359039041239,1,101910080201
13.890359619049182,0,101910190101
20.426553919605976,1,101910460201
17.716608653026142,1,101910460202
10.90434248467789,0,101910570201
25.695622764606256,1,101910630101
21.40787330824995,0,101910900201
35.91490928683467,1,101911120201
13.845564246417286,0,101920020201
18.88296695400916,0,101920340201
23.24189258140075,0,101920420201
32.76522130217535,1,101920460301
23.857829296683366,0,101920820401
15.612268917006817,0,101930010201
24.996863344162,0,101930280201
23.299172894823638,1,101930360201
12.44748782331022,1,101930580101
15.472015396553124,0,101930630201
22.58584234423124,0,101930660101
23.23399859807908,1,101940170201
18.39208947164206,0,101940290201
12.120381394567682,0,101940390201
36.56858247542195,1,101940450101
28.406027601583986,0,101940510201
27.1183162440906,0,101940510202
27.210907347923538,0,101940600201
20.9576197358051,0,101940640101
13.115468936765154,1,101940730201
18.97082335860598,1,101950250201
26.007412628458404,0,101950350201
16.431785382525124,0,101951000201
25.42258091542269,1,101951150201
33.71867679075726,0,101951200201
32.31688940451518,1,101951250201
23.596199712895398,0,101960280201
18.370132107633644,0,101960280202
22.963881909855047,1,101960300201
11.645227009117553,0,101970030301
16.963315030695384,1,101970030302
20.131356667807793,0,101970050201
11.960034135724612,1,101970140201
16.53937821862808,0,101970320201
28.266370228722632,0,101970580201
25.98998366671919,0,101970610201
16.167885916524042,1,101970670201
24.305457536728046,0,101970700201
20.76897303470621,0,101970700202
28.71884446013631,0,101980030201
34.36881977432611,1,101980030202
27.08373761535453,1,101980080201
10.898561641677407,0,101980280201
14.4163925559887,0,101980900201
12.11964888374166,0,101981000201
16.176577412588934,1,101981200201
27.037209501799413,1,101990200201
26.753998216701692,1,101990200202
21.82766485806354,0,101990260201
34.44010289355851,1,101990310201
16.127527676546325,1,101990430201
5.9817878485282785,0,101990740301
17.346579157846087,0,101990780201
24.201337502829546,1,101990780202
26.43952612112687,1,101990820401
33.37066939637944,0,101990930201
9.759167480413423,1,101991080301
22.95907874427712,0,101991110201
17.623715757399538,0,102000410201
14.002281479184381,0,102000470301
27.12139069297053,1,102000530201
20.63830661432123,1,102000900201
26.342481315000867,1,102001000202
26.465470048251262,1,102001100101
18.63326096623756,0,102001170201
19.031382704952854,1,102001170202
14.825566982486775,1,102001370201
21.66759471741061,1,102001420201
15.087089660081093,1,102010030201
18.648111899597843,0,102010120101
24.53139064157934,1,102010160101
31.160684934711554,1,102010250201
27.982744668320294,1,102010330201
17.419872804484548,0,102010550201
28.156679212649827,1,102010590101
25.617711196055343,0,102010630101
17.28503227757934,1,102010680101
6.686063383314279,0,102020030201
17.03865597850263,0,102020110101
7.194722383394687,0,102020220101
18.58968424843258,1,102020450201
12.617646181940646,1,102020480201
9.102201278485248,0,102030130401
25.220054697628722,1,102030460201
13.318447706852625,0,102030460202
25.558808392885204,0,102030540201
23.385344218354014,1,102030660201
19.80906668184271,0,102030740101
27.49312710894157,0,102030740102
28.165649933840854,1,102030830201
26.36483649123084,0,102030870101
20.85054913567857,0,102040560201
1.2373129510254266,0,102040750201
23.929642521865254,0,102040880201
28.01451614462518,1,102040930201
16.517770638543812,0,102041020201
23.509412831414256,1,102041020202
27.134189773288483,1,102050440201
18.99629029165945,1,102050440202
10.50225379655408,0,102050500201
25.87061992014225,0,102050870201
15.584808484063398,0,102050980101
14.522889597721218,1,102060070201
14.724489768975763,1,102060250201
17.72437092664724,1,102060330201
15.798315402620611,1,102060450201
21.42043723559651,1,102060450202
12.512820446359187,1,102060480201
30.690462887495904,0,102060770101
11.117923669660808,0,102060890201
13.972657794924098,0,102060930201
25.425584325228893,0,102060930202
21.679878920915954,0,102070020201
29.077921696687604,0,102070050201
18.876268282220366,0,102070050202
22.188134812572557,1,102080480201
17.299552144804004,1,102080480202
36.76859787581209,0,102080600201
49.525468840827514,0,102080840201
40.86430969732305,1,102081310201
37.752570813116286,1,102081370201
12.473613123220655,1,102090320201
17.92052764462957,0,102090370101
21.35486091939906,0,102090370102
14.873276843455523,1,102090420201
39.1232936710314,0,102091010401
26.440997514486437,1,102100030201
28.83935103389532,1,102100180201
25.61177839292177,1,102100220201
16.891560028916636,0,102100250201
30.439804645955572,1,102100290201
21.956122082600608,0,102100330201
19.804137790256746,0,102100840201
13.64328325716699,0,102100920201
51.10191738123156,1,102110070201
19.55812228819859,0,102110420201
15.199290857126035,0,102110420202
19.627879437767685,0,102110470201
19.00288773549992,1,102110470202
44.61449990298716,1,102110720201
13.636034626203745,0,102110820201
19.690840896118537,1,102110820202
27.124890576028527,0,102110870201
23.56106035875365,1,102120040101
19.492777484467357,0,102120270201
23.103341998593322,1,102120540101
18.528053885058988,0,102120710201
25.59159596903239,1,102130100201
12.330804744383835,0,102130180201
25.638370979172638,0,102130260201
22.61725468087268,0,102130460201
28.80807414833813,0,102130650201
26.570941384120733,0,102130730201
25.44001851461747,0,102130770101
22.477841218433277,0,102130850201
23.12543931186025,1,102140110201
20.00884512691964,0,102140280201
25.601046781343577,1,102140310201
8.180356174020304,1,102140350201
21.87126663910524,0,102140520301
12.53636375605056,1,102140660201
38.034975749081624,0,102150040201
26.59303903578945,1,102150070201
12.12979816760976,0,102150100201
20.735592112048103,0,102150260201
19.639358992838382,0,102150380201
38.41066126521069,1,102150510201
29.29125575242049,0,102150510202
18.13592041297703,0,102150570201
21.58010746889476,0,102150570203
34.573291947036786,1,102150600201
21.473476762983246,0,102150670201
40.66277213351181,1,102150700201
15.823864269831475,1,102160170201
20.671132049023136,1,102160450201
22.124288474793744,1,102161060201
10.069764430027869,1,102161150201
11.73017789489567,0,102170270201
25.32827574238879,0,102170460201
13.465933150135259,1,102170780101
20.59537819219719,1,102171020101
14.866402498728162,0,102171060101
40.703123655646664,1,102171160201
14.98799701837119,1,102180410201
14.80143650602142,1,102180800201
15.174920210111743,1,102190370201
14.410356075002312,0,102190460401
21.36990707522039,0,102200050101
29.653713336919424,1,102200090201
23.767397051832624,1,102200180201
15.90360021170638,0,102200430201
5.52926798441918,0,102200580201
10.698494292433173,0,102200680101
11.708665192437888,0,102200710201
18.24714914652248,1,102200710202
11.319743609538154,0,102200740101
10.989915336781873,0,102210290201
13.476507406996912,0,102210330201
16.239109324880143,1,102210330501
26.645588621186338,0,102210470201
12.099975259037565,1,102210560201
23.025837814043953,0,102210700201
30.169340267371865,0,102210840201
15.620445876366604,1,102210940201
23.783334573621065,0,102210980201
24.293879290232404,0,102211070201
29.937610868224297,1,102220060201
27.866880566613585,1,102220060202
20.665688086546837,1,102220100201
19.968598641558824,1,102220140201
16.01281156375707,0,102220140202
21.394838071858594,0,102220270201
20.948569492576485,0,102220310201
13.561518855793103,0,102220390301
28.11102036379818,1,102220480201
17.793278936763777,1,102230030201
24.009188068751126,0,102230680201
20.113239048799457,0,102240030201
39.84009338465488,0,102240060201
25.025038021972303,0,102240170101
16.031732319801346,0,102240210201
21.646244818234827,1,102240240201
23.717070679758834,0,102240310201
17.687921460397014,1,102240310202
27.422057630714455,0,102240350201
44.58782200532341,0,102240570201
35.04908640022212,1,102240640201
33.05243213388096,1,102240640202
28.951014764476,1,102240670201
31.430064855313745,1,102240670202
18.70319632234746,1,102240710201
25.78518962808475,1,102240890101
9.871504388067173,0,102240890401
15.503811233812444,1,102250030101
22.099670660854024,1,102250160201
16.282163578246603,0,102250160202
20.2669693279964,0,102250370201
15.495262839555174,0,102250370202
5.325257668645304,0,102250580201
9.477155470836813,0,102250750201
22.770971891520077,0,102260010301
13.153937140717666,1,102260010401
20.006191953402308,1,102260320201
18.104584921820923,1,102260670201
16.441006719095846,0,102260700201
31.71647041530156,1,102260700202
25.34713566992416,0,102270090301
26.231331034829047,0,102270180201
15.940683440124708,0,102270180202
33.60951112032339,1,102270300201
32.266091214777994,0,102270330101
16.781903857223483,0,102270430201
32.21639876450031,1,102280060101
27.792111998697827,1,102280120201
34.69363287224872,1,102280230201
13.831268646023958,0,102280430301
27.652792636173224,1,102280490201
27.82252156662097,1,102280630201
19.59759464688673,0,102290300201
36.57826383817041,1,102290430201
28.62021537673214,0,102290600201
13.76971157504754,0,102291080201
41.111037755923846,1,102300110101
17.850555954464944,0,102300210201
17.36944654335934,0,102300210202
21.85039573553545,0,102300280201
26.308196966372506,0,102300280202
33.99065000605961,1,102300470101
16.298978705100584,0,102300500101
41.268868306244364,1,102300540201
30.83334350760438,0,102310210201
20.71032158325571,0,102310270201
19.07570372150779,0,102310270202
24.004475492304966,1,102310320201
25.069226652096305,0,102310680201
22.228147601574676,1,102310730101
34.842815466927085,1,102310780201
26.444763979171523,1,102311190201
40.69976077489257,1,102311240201
23.108736760721467,0,102320230201
39.13982280966321,1,102320540201
23.12524859094453,1,102330070201
21.039171849653364,1,102330070202
25.88323662110174,1,102330360201
24.966863873934894,0,102330390201
17.150831203507312,0,102330390202
18.495649120134466,1,102330460201
12.347154936645575,0,102330460203
27.677798293417734,0,102330500101
35.10759565127568,0,102330600201
10.089909375486235,0,102330780201
14.496805630825179,1,102330850201
41.586458544667366,1,102340090201
13.467433481735725,0,102340190201
14.893621691538124,1,102340790201
28.45942459950177,1,102340930201
38.09222363259764,0,102341030101
39.447189316618086,0,102341030102
9.364121673023341,0,102341030201
26.632357504087015,0,102341180201
22.43733284444168,0,102350180201
25.996923674558666,0,102350370201
31.70648513121127,0,102350400201
28.23925694472677,0,102350530201
28.665956076786404,0,102350530202
43.40878680783004,0,102350700201
22.49926059822857,0,102350740201
26.715318738693078,1,102350740202
29.325152927941396,1,102350780201
24.96513465605337,1,102350970401
27.265850929376825,1,102350970402
43.95114507875221,1,102360400201
23.99412628560397,1,102360430401
19.675750426024827,1,102360570201
13.271840139998279,0,102360570202
29.01921819057411,0,102360710101
35.81742954656282,1,102370050201
31.159061352101233,0,102370050202
39.51847314153823,0,102370070101
31.86908615485761,1,102370100201
25.88613893481997,1,102370100202
30.00870173113252,1,102370180201
37.150888339123306,1,102370180202
32.780567341563454,0,102370190201
26.64059354576657,0,102370230201
35.48876877809026,1,102370230202
37.31659660543726,1,102370230203
40.102614781807,1,102370320101
34.68362439137289,0,102370340201
43.61631496491677,0,102370480201
17.377966296768115,0,102380020201
24.125266179339953,1,102380340201
36.52965403195489,1,102380470101
27.187671367474707,1,102380780201
7.971423417116123,0,102390540201
37.56097927472337,1,102390590201
17.041073360162144,1,102390740201
27.100117562116253,1,102390920101
14.019438265528906,1,102390930201
13.211696971367992,0,102390930202
19.83304416039949,1,102400070201
12.7720325886464,0,102400170201
17.844725767236884,0,102400220201
25.86664647462733,1,102400530201
13.263045236587184,1,102400630201
30.211069296842236,0,102400740101
15.279536340042915,1,102401040201
23.315433271417593,1,102410240201
26.323563503681655,0,102410670201
36.51758041731986,1,102410670202
10.33286996092306,1,102410930201
21.32388478452719,0,102420020201
31.53532613583932,0,102420280201
40.30673453233546,1,102420460201
25.66866094546537,0,102420830201
8.325544267669189,0,102420860201
31.07113670562671,1,102430160101
25.719084920757023,0,102430400201
23.701566943500996,1,102430400202
20.77004332546332,1,102430480101
12.50524923358113,0,102430480102
18.293774530117002,0,102430840201
20.476451647108,0,102430840202
27.1253613019366,1,102430960101
34.265541677933626,1,102440040101
21.48892357256966,1,102440440201
36.051245678794665,1,102440490201
40.66484842063652,1,102440990201
30.705079252072746,1,102441090201
19.21811376189385,1,102441140201
27.92958495948258,1,102441190201
25.767833389807677,1,102450110201
23.162275299261005,0,102450110202
31.363967989929805,1,102450260201
12.695077445861711,0,102450330201
17.52152456387218,0,102450370201
43.4138466522584,1,102450490201
35.177981903840184,0,102450490202
32.845448683309954,1,102450560201
35.70995042588814,1,102450560202
13.678729920363871,1,102450640201
25.73097136714917,0,102450710201
33.82926570592531,1,102450830201
24.255547228950366,1,102450870201
21.889198901692012,1,102450870202
24.5680690717166,0,102460250201
15.979833327567704,0,102460420202
20.385679088019682,1,102460590101
23.366760755300483,1,102460660201
32.62470292909929,0,102460800201
19.35852135499411,0,102470160201
12.925696697056296,1,102470200201
7.947542310067094,0,102470200301
12.81082462198669,0,102470290201
30.447357340831886,1,102470330201
17.535831149279623,0,102470680201
28.08299206453099,1,102470940201
25.54391956679965,1,102470940202
29.169100367871085,0,102480040101
14.52519209458553,0,102480140201
38.75088015199074,1,102480200201
27.00466736761468,0,102480270201
42.255640650289095,1,102480300301
27.17219365046844,0,102480300302
24.27491358285925,1,102480340101
26.465110953013735,1,102480340102
31.788465753774062,0,102480500101
26.955408983470992,0,102480630101
29.7740949642469,1,102480630102
24.940019782172985,1,102480660201
20.716399782140467,0,102480700201
6.9063098734360455,0,102480760701
21.538901704294275,0,102480800201
17.00785562978337,1,102490030201
10.027965775063464,0,102490140201
24.721815294548115,0,102490260201
27.791913343462,0,102490350201
27.39493467460921,1,102490660201
19.48217850091437,1,102500240201
33.2298727253206,1,102500490201
14.213550374349428,0,102510030201
20.59881351362195,0,102510030301
35.65738558713937,1,102510060101
20.487992039078193,0,102510230201
23.557841880429955,1,102510330201
35.924890294854954,1,102520060201
34.787870230943284,1,102520270201
13.91065971110331,0,102520480201
16.3719703038355,0,102520530201
27.754649377934133,1,102520610201
37.71658812156041,1,102520740201
23.49793624309528,0,102520830201
30.768637666063952,1,102520950201
13.28650609956899,0,102530270501
27.957545187816777,1,102530510201
20.8792444423382,1,102530670201
28.729692360051395,0,102530710201
24.575093498751222,0,102540010101
16.629237038618218,0,102540270101
18.130963615970277,1,102540650101
17.864994123230073,0,102540770201
22.815018412758544,0,102540840201
33.17144884581465,0,102540880201
13.5762347515682,1,102550010201
17.51167289028249,0,102550260201
24.575590735839604,1,102550260202
8.625273865935736,0,102550470101
42.86788868119799,1,102550780201
24.181500087441165,1,102550880101
15.267339045363489,0,102551080201
34.93776109703764,1,102560090201
28.28926222456988,0,102560170201
23.516047229827144,1,102560210201
25.70378041910282,1,102560320201
24.05922568432167,1,102560320202
20.308595735046175,0,102560590201
16.953452307469085,1,102560630201
31.138991518599514,0,102560890101
23.624603470777473,1,102560930201
16.346411197164862,1,102560930202
16.93212617694123,1,102560930203
12.468832461110127,0,102570060201
26.003249333183227,1,102570230201
38.37333280209473,1,102570360101
25.673342259735442,0,102570360501
34.300422725800885,1,102570580201
16.15718203219299,0,102570670101
31.76537704595782,1,102580180201
17.9889103136895,1,102580350201
20.117152665865767,1,102580400201
24.47338230114106,0,102580610201
26.43333119789394,1,102580960201
22.55041439297892,0,102580960202
15.74171850566926,1,102590250201
17.15980290194794,1,102590300201
13.970455805362128,0,102590510201
32.696020232399015,0,102590730201
15.17707288318596,0,102590860201
28.60233009501642,1,102600070201
33.14776561407873,1,102600070202
33.989009212095766,0,102600290201
36.88898180217441,0,102600290202
14.575830465413064,0,102600380201
30.885551235305854,1,102600510201
34.309245200397804,0,102600510202
29.886237543830042,0,102600560201
20.29271895299877,1,102600740201
26.02493743832308,0,102600780201
23.166305266904928,1,102600830201
17.766295786635165,0,102600920201
32.76211632501588,1,102610090201
29.002501832626017,1,102610290101
21.383462552430604,1,102610440201
21.575458688424625,0,102610440202
28.776925234618925,0,102610490201
31.739549592739806,0,102610850201
26.275943199988635,1,102610900201
24.43303174202971,0,102611000201
30.728638549666943,1,102611000202
15.276563562958104,1,102611050201
15.943512377946188,0,102611250201
21.58674201494728,0,102611250202
22.104356585243895,1,102620330101
17.144119124901565,0,102620650201
14.948007890340612,0,102620740501
35.38987079182647,1,102630090101
15.6110676385682,0,102630120201
23.344682012339888,0,102630150101
28.698205004356666,0,102630220201
26.024298483883516,0,102630550301
10.464463772742825,0,102630580201
44.484417877118844,0,102630780101
16.836155083489444,1,102640070101
23.336949114425106,0,102640190101
13.636644292048631,1,102640470201
30.790874020854762,1,102640590201
28.029894382317703,1,102640630202
19.52940976459363,0,102640700201
13.226797844477003,0,102640810201
3.411836010473687,0,102640960201
8.195287570505576,0,102641140202
14.168375791174102,0,102641190201
38.633578562570186,1,102650040201
16.07972713580661,0,102650130101
33.53508174597031,0,102650250201
20.797357499632177,0,102650280201
29.18286368719815,0,102650400201
18.483712084121365,0,102650520201
21.47949782646256,1,102650550101
22.643322867430598,0,102660270101
15.429893015949258,0,102660620201
21.994808413280694,1,102660880201
13.539455516380263,0,102660930201
25.48527437177675,0,102661010101
10.906653858689449,0,102661010401
19.630563889253658,0,102670290201
38.41643808447542,1,102670380101
36.85772412295453,0,102670420101
29.799032969794663,1,102670640201
24.405201009897333,0,102671070201
20.96888373272602,0,102680260101
21.775519249229113,1,102680480201
40.15904333115352,0,102680960201
34.10841185177263,1,102681010201
35.03003305503499,1,102681340201
31.24241340779253,1,102681340202
31.85440849990382,1,102690170201
14.40485669511121,1,102690310201
17.532436105267763,0,102690550201
32.50019647531154,1,102690700201
35.062664854937466,1,102690840201
34.82455188237492,0,102690890201
32.10459625141855,0,102690890202
27.652770394707858,0,102690940201
19.988539840809473,0,102690940202
21.709335651883556,0,102691030301
22.876901644773426,0,102691130201
27.03269620931298,1,102691130301
12.583234443085097,0,102691130302
13.538772348546846,0,102691180201
10.98473610022055,0,102691180401
16.753332467869782,1,102691180402
28.89731922423868,1,102691180501
23.35218188454777,0,102700040201
27.425713090952872,1,102700080102
19.367411253358984,0,102700190201
19.56746725723114,0,102700190202
23.51773409970711,0,102700400201
25.521936438890073,1,102700400202
16.80905824420519,0,102700400203
44.62146039387388,1,102700620101
42.93623740064426,0,102700620102
27.87721465092968,1,102700690401
33.92369299360188,1,102700730101
37.40154424712187,1,102700730102
12.01905521582973,0,102700760201
32.235047748521175,0,102700800201
39.47529485975967,0,102700800203
28.2318959207659,0,102700830201
21.45252901004039,0,102710080201
35.91666082487504,1,102710080202
49.035700457534276,1,102710160201
24.90902423136618,0,102710211101
42.22390492021063,1,102710410201
53.486382875278814,1,102710430201
45.031381725390084,0,102710430202
17.45022370594461,0,102710430301
32.38644121055565,0,102710510101
34.40361694580778,1,102710560201
29.884788067551206,1,102710560202
45.11455044803517,1,102710610201
37.51221936084797,1,102710610203
41.384368300613005,1,102720110201
47.97112190667581,1,102720240201
37.3508502694884,0,102720240202
36.46176327242636,0,102720430201
46.41371344350026,0,102720430202
39.28797930300222,1,102720470101
34.56202401441259,1,102720470102
44.74446020342197,0,102720500101
42.3723708717403,1,102720730101
20.301125536403035,0,102730110101
30.04613460570206,0,102730110102
31.156401367000743,0,102730180201
18.591889074340134,1,102730200201
31.96816203865111,0,102730390201
37.300015799842384,0,102740060201
43.32567792437865,1,102740060202
29.174891798740408,1,102740080201
32.68354414068291,0,102740110201
33.38554969667796,0,102740110202
36.93475768196872,0,102740110203
14.106702230225281,0,102740141201
24.07888852962305,1,102740141202
36.34485434700294,1,102740210201
27.790382794663792,1,102740210202
23.908831482177877,0,102740210203
36.67152625343843,1,102740210204
38.80482503830221,1,102740290201
16.155329794171614,1,102740320102
19.344719601644496,0,102740450201
16.74070909734508,1,102740450202
21.15801737778897,0,102740470201
28.162828174620635,0,102740500201
29.079589671128996,0,102740500202
20.23523866440442,1,102740550401
39.573391546727365,0,102740630201
31.76485040934597,1,102750080201
14.792668401144267,0,102750240201
32.48541450693227,1,102750280201
33.6694102660147,1,102750310101
37.9401478462027,0,102750370201
47.0415315271684,1,102750370202
15.0860542011654,1,102750470201
26.190650189247492,0,102750640701
18.906642454891887,0,102750700201
22.210874247792127,0,102750730201
50.93663309519761,1,102750800201
19.328490896805153,0,102760070101
21.598534882534853,0,102760200201
22.03838319998125,0,102760250101
39.034944860224556,1,102760250103
50.97035826634341,0,102760300101
36.19969379250192,0,102760300102
39.855246357288,0,102760340101
31.397035901538764,0,102760390201
32.538522334075665,0,102760480101
41.2355262001722,1,102760480102
39.374824083498225,1,102760530101
53.09381209546765,1,102760660101
54.71323389076278,0,102760710201
12.216270087307292,0,102760710401
24.041628841425037,1,102760940201
25.25496856376523,0,102760990101
22.850567689191667,0,102760990102
44.67964808265478,1,102770040201
40.07447432603118,1,102770040202
28.75358144193021,0,102770150201
35.50397060603631,1,102770150202
43.76766256102415,1,102770150203
37.69135052047119,0,102770200101
37.074805575788055,0,102770200102
26.175681625049556,0,102770200201
26.889666631547257,1,102770200202
25.40373051081025,0,102770250201
33.774755678319735,1,102770250203
34.20553924500089,1,102770350201
15.222304003862591,0,102770450101
35.383619548167985,1,102770510101
33.20227918583061,0,102770910201
41.477995810139575,1,102770910202
29.75052048175358,0,102771020101
24.665542916646967,0,102771020102
27.571732956521565,1,102771070101
17.87022768860705,0,102771070102
33.5404446970541,1,102771170201
26.58416478625879,0,102771220101
25.96133343270349,0,102771220102
22.71025870357525,1,102771270201
26.73910000589599,0,102780010201
13.077595789978648,1,102780150301
24.97506737707007,1,102780190701
16.36835186671835,0,102780190702
13.884768348796744,0,102780370201
29.708513784583836,1,102780400201
30.21524147108234,0,102780440201
36.89326385474185,0,102780550101
27.42583457629721,0,102780760101
30.96794965211207,0,102780760102
33.82992987405618,0,102780800101
15.467237386392446,0,102780800301
43.7470278093741,1,102780840101
34.98462415212433,1,102780840102
44.42001194015241,0,102780870101
24.003960801042464,0,102790090101
41.9275572404175,1,102790170101
47.13473415797445,0,102790170102
16.989799951371364,0,102790210201
23.110655245983217,1,102790240101
24.54286376313015,0,102790320201
34.536780939406526,0,102790500101
34.408020747261695,0,102790690201
34.36829919961494,1,102790730101
27.098645906931207,1,102790760201
21.228312693730743,0,102790760202
15.611773725385886,0,102790760203
41.94117772185753,1,102790870201
42.33092781520429,1,102800050201
33.266788003381876,0,102800050202
20.660015318806384,1,102800080201
26.033080615770388,1,102800080202
38.43250858111743,0,102800200201
24.523610819586406,0,102800250201
37.45950897885518,1,102800250202
33.113708764708115,0,102800280201
35.02730610619734,0,102800390101
31.817809242604888,0,102800390102
51.90574775246146,1,102800420501
29.51615668478662,1,102800450201
19.4055923212177,0,102800450202
32.630909173624936,0,102800450203
39.70100540984718,1,102800540201
30.495429927167933,0,102800540202
46.59404842332215,0,102800560201
30.767480648630674,1,102800590101
29.01966603554788,0,102800590102
24.468226797307103,0,102800620201
27.36238291798508,0,102800620202
42.86009090571659,0,102800650201
45.17015349537994,1,102800650202
30.149742977702385,0,102800680101
35.177379360841,0,102800710101
25.480857489434868,1,102810010301
48.07117742591225,1,102810040201
48.5050060242263,1,102810040202
11.772689012435725,0,102810120101
16.598825830903575,0,102810120102
37.25028987966595,0,102810150201
47.71354890587179,1,102810170201
41.83033401954268,1,102810250201
32.53636067673707,0,102810250202
39.829066790708936,1,102810250203
28.085098872323165,0,102810280301
31.10474330636952,0,102810280302
32.24034863920594,1,102810300201
25.975764027907687,0,102810300202
38.34042815855502,1,102810360101
50.851844151393024,1,102810380101
38.80068401560412,1,102810460201
33.16818693937226,0,102810460202
19.16762122155838,0,102810490101
24.6027081464927,0,102810490102
32.132720810869536,1,102810490103
42.918875681990684,0,102810540101
55.567487468419095,1,102810540102
33.58789896306432,0,102810570201
34.96260080464787,0,102810570202
22.895241707543963,0,102810590201
16.251472870458198,0,102810590202
42.129692079847544,0,102810620201
35.381862231669416,0,102810620202
29.720219797927594,0,102810650201
44.41094637411924,1,102810650202
25.370878272292032,0,102810650203
32.73787420126972,1,102820030201
30.647815208946792,1,102820090201
40.00289851308884,1,102820150101
28.522934148305414,1,102820240201
37.86565662874703,1,102820260201
36.38659364765553,1,102820260202
55.627465625746666,0,102820370201
27.89167187451174,0,102820490101
21.414373054611907,0,102820490102
38.42815155753601,1,102830020201
21.15233934424505,0,102830150201
39.2566507188389,1,102830190201
31.62008912400446,0,102830190202
16.185503112651613,0,102830450201
10.974141791520166,0,102830450301
20.30463910731237,0,102830451001
35.99770115887871,1,102830500101
19.742095304463263,0,102830500102
35.00072705398578,1,102830670102
41.73717047882105,1,102830840201
28.266794325192727,0,102830970202
23.067861677040327,0,102831060201
29.23445704251166,1,102840180201
37.19156103108241,1,102840200201
26.344348034179713,0,102840250201
38.8602296102315,0,102840330202
20.949827075889605,0,102840370201
25.396099696678018,0,102840370202
27.0650538894357,0,102840390201
19.50761533610814,1,102840410201
14.450694470059961,0,102840480301
36.27693690644003,0,102850120201
20.162936884941345,0,102850180101
34.524830423594096,1,102850250201
27.781692819912386,0,102850250202
13.498964004710166,1,102850400201
29.885136927187524,1,102850430401
17.050755997651525,0,102850650201
15.839722958191361,0,102850650202
20.223606989544027,0,102860570201
8.973481280839213,0,102860620201
18.961184979018455,1,102860680201
13.711688159559953,1,102860850201
28.511957831011248,0,102861070101
16.543396560292113,0,102870150101
28.086075256264426,0,102870510201
26.067261318578687,1,102870750101
32.320441205786885,0,102870790101
32.80940315581177,0,102870790102
30.67581822774791,1,102880010201
24.42793156617363,1,102880300201
16.06115855690396,0,102880590301
25.40879778232954,1,102880630201
26.456159443446303,0,102880760101
22.00230968465333,0,102880760102
19.77002173118105,0,102890110101
18.705870598065637,0,102890450101
12.011172551265169,1,102890450102
25.53650369632919,0,102890750201
12.553326288047478,0,102900270201
22.91451562413168,0,102910430201
23.816279131826104,0,102910580201
23.267456823936932,1,102920070201
38.496638539986996,0,102920110201
47.28692655764595,1,102920140101
37.00351341758602,1,102920140102
39.01522650880652,0,102920140103
31.234864972208378,1,102920300101
23.606630045422396,0,102920370201
25.122240249578567,1,102920460201
33.6803250263092,0,102920500201
12.547722127715293,0,102920690401
20.579285556338828,0,102920720201
41.14628036410513,1,102930060202
23.112690187952975,0,102930060203
30.48426578509528,1,102930140301
28.995329128666143,0,102930220201
25.676921589255155,0,102930220202
26.447944437787662,0,102930260201
32.34259586886288,0,102930260203
16.551203888153147,0,102930370101
27.903265506338773,1,102930370102
26.924752879039193,1,102930490201
12.239954279031586,0,102930530201
18.727375636396054,0,102930570201
38.72851509906807,0,102930600101
28.782223966629864,0,102930600102
42.907486353445144,0,102930640201
39.167811605395606,0,102930640202
40.07638601348959,1,102930680201
38.19858106846624,0,102930760201
53.56440585497068,1,102930760202
30.583921699927778,0,102930800201
27.579456519317976,0,102930800202
30.705231995554374,0,102930840201
21.992936057206038,0,102930880201
28.66617857337328,0,102940010101
20.431937621037275,1,102940040501
32.7661581681181,1,102940070201
26.7277628384348,0,102940270201
38.87555663803828,0,102940330201
25.607522030651555,1,102940620201
37.57866971735546,0,102940710201
37.47682465607213,0,102940710202
39.075781620391766,0,102940710203
35.71631996525901,0,102940750201
45.54762982404671,1,102950050201
38.36388844690122,0,102950050202
4.148594652441522,0,102950080201
19.408853928916226,0,102950120201
16.324417675862463,1,102950160201
35.14648425190456,1,102950710101
23.683917604410702,0,102950950201
14.124233161103032,0,102950950202
11.96572967812561,0,102960010801
29.544154119463165,0,102960050101
37.74512132384232,0,102960050102
23.76384252489762,0,102960090201
37.53337101655174,1,102960200101
40.2127909689143,1,102960200102
34.269001394280934,1,102960320201
17.892573722042293,0,102960360101
39.07502135106654,1,102960390101
34.70002112081887,1,102960390102
36.90787482995747,1,102960430101
51.328343962414706,1,102960470201
41.99929288647522,1,102960470202
41.33233151324525,1,102960550201
44.523980417740354,1,102960550202
17.380587237561155,1,102960580201
11.19089688378783,0,102960620201
28.412629987639924,0,102960700201
31.534884178200233,1,102960850201
13.96532188375552,0,102960850202
38.389947836656205,0,102960930101
24.52346471088285,1,102970020101
29.243817222619974,0,102970050201
30.40446323347053,0,102970050202
40.73332004288831,0,102970090201
40.86400744473385,0,102970090202
35.55759878378061,0,102970090203
42.9904841143626,0,102970130101
16.61760348757727,0,102970160401
31.938034314799907,1,102970200201
31.773387910794565,1,102970380601
25.173793673833714,0,102970450301
34.97163185910302,0,102970490201
41.408283905259374,0,102970490202
29.493045349705337,1,102970520201
29.360296217598098,1,102970520202
34.201835650595605,1,102970590202
27.074144267564005,0,102970630201
38.35440659157118,1,102970630202
23.679153056532783,1,102970770201
35.07948837119691,1,102980560201
46.639143894041766,1,102980940101
36.74787103038543,0,102980940102
35.888206492752666,0,102990160201
42.87603422156015,1,102990200201
38.871576932025725,0,102990200202
20.794010642358458,0,102990320101
18.393202338704164,1,102990320102
25.523565918630805,0,102990390501
29.761901940975747,1,102990430201
26.915757755566496,0,102990430202
17.021900457841323,0,102990550201
21.326710901894785,0,102990590201
25.81958956583109,0,102990630201
42.90578849214881,1,102990630202
34.758134128146004,1,102990630203
30.51342249022863,1,102990670101
15.548371517968084,0,102990750202
35.61435633736868,0,102990790101
26.393065124160824,1,102990990201
30.982608298747003,1,102990990202
44.30691984042951,0,103000170201
42.392717811452776,1,103000200201
38.33281506776099,1,103000200202
47.82392742881576,1,103000230301
41.282024721538846,1,103000340201
43.62095688787998,0,103000340202
37.525749110328235,1,103000370201
31.22644315885252,0,103000370202
48.9996403587345,0,103000400201
42.20731272247324,1,103000480201
39.13159571297648,1,103000540201
29.354381405634374,1,103000570201
18.012295996698846,0,103000570202
20.292671343370245,0,103000600201
33.86942736010858,0,103000660201
40.53486135096651,0,103000660202
37.109934324489444,1,103000690201
31.186598395400278,1,103000690202
28.26969401692786,0,103010060201
34.09894394909147,1,103010060202
23.608657972971752,0,103010250202
33.27721936005979,1,103010300201
47.8705964013915,1,103010300701
41.759299832603055,0,103010300702
37.77789608749271,1,103010690201
34.08986567137689,1,103010690202
22.629283770521432,1,103010740201
18.301240787671766,0,103010740202
19.12242247131413,0,103010740203
14.86004292323258,0,103010930201
24.184025452252968,1,103011130201
16.595409336265657,1,103011130202
49.06992953909853,1,103020120201
45.80410504117639,1,103020220201
37.02690676214945,0,103020220202
28.589256070632082,0,103020270101
40.83479455387919,1,103020270102
22.786723047905692,0,103020410101
41.90574016895705,1,103020690201
40.14862377364393,1,103020690202
38.43907111374959,1,103020890201
36.42610467509543,1,103020890202
25.60300596756052,0,103021030201
23.75324326380313,1,103021030202
16.944315183214698,0,103030100501
22.86356469826986,1,103030100502
33.28585708333069,1,103030250401
13.037800714771736,0,103030560101
11.300586870229301,1,103040040201
27.365959506785394,0,103040080101
45.869661816968495,1,103040110201
18.403657365156,0,103040150201
21.721505605216425,1,103040150202
24.779658516925316,0,103040540101
36.43257578502766,1,103050010101
17.000792015808983,1,103050070201
41.197932982799934,1,103050190201
12.713288987911671,1,103050310201
33.72538721529019,0,103050600201
19.03327669176271,0,103060020201
27.578658492486333,1,103060060101
27.003204212201936,1,103060360201
16.57498710326294,1,103060360202
36.24933677115841,1,103060600101
14.43897956266532,1,103060670201
14.576185480190016,0,103060770101
23.737606198772177,1,103070290201
8.678982867754815,1,103070520201
14.880916033888187,0,103071030201
21.64619163733756,1,103071130201
36.629209233800694,1,103080110301
26.155664787330352,0,103080260201
15.136422919986693,1,103080300201
46.9224712227401,1,103080330101
44.595862085007546,1,103080330102
10.330907282290518,0,103080480401
21.321365347747857,0,103080551001
36.137387353031954,0,103080590101
17.627547048461132,0,103080661001
33.41258953615709,1,103080740201
31.127544025116304,1,103080740202
19.58299777367017,0,103080740203
52.238213781941155,1,103080770201
18.716555359778038,0,103080770301
22.78549419314647,1,103080770302
24.270654734863015,1,103080810401
41.317902729423615,1,103080890201
34.17541329444242,0,103080890202
39.13603569070267,0,103080920301
34.28383321086075,1,103090270101
42.956000400143736,1,103090440201
29.556704946978886,1,103090690201
47.02333924158495,0,103100040101
22.077308313322025,0,103100100401
53.66632686789231,1,103100130301
42.74706880676735,1,103100130302
40.830670882564206,0,103100130303
50.984798327351825,1,103100160201
30.645292654546758,1,103100230201
32.35519871757394,1,103100230202
32.041066462828056,0,103100320101
51.41156121852135,1,103100420201
37.76171852148351,0,103100420202
48.207264201082204,1,103100450101
41.15040913347242,0,103100520101
51.14986238520163,1,103100520102
40.836475256618215,1,103100680201
35.52836771392446,0,103100680202
36.351079729009754,1,103100710201
30.051815855328876,0,103110060701
21.84392525206343,0,103110120101
32.065140368049924,1,103110160101
23.413706388240985,0,103110300201
23.06330299637992,0,103110330201
36.0091237459679,1,103110330202
25.023946467774095,0,103110330203
38.41560045910924,1,103110390201
24.0202964455441,0,103110390202
27.45864644744756,1,103110560201
37.55724027879762,1,103110560202
45.17686284273603,1,103110620201
29.917761028563856,0,103110660401
40.19513179793428,1,103110720201
26.28356129466886,1,103110760201
32.42091033820029,1,103110760202
52.201307501899564,1,103120040301
46.58441123171689,0,103120090101
41.67804784925998,0,103120090102
23.734288905647272,0,103120180101
31.471471834384936,1,103120180102
33.36493564742455,1,103120230201
40.692237638001444,1,103120230202
31.4388098145904,0,103120320101
41.77785617924557,0,103120320102
20.81741058686575,0,103120370101
30.27766738316734,0,103120370102
26.851550003281805,0,103120370103
19.47522772149776,1,103120470201
37.973092267672385,1,103120470203
48.58547500913699,1,103120610101
46.80315454929834,1,103120610102
35.483389132302904,0,103120610103
25.342126577662054,0,103120840201
30.598472443536473,0,103120840202
42.41188088077792,0,103120890201
47.36480740454556,1,103120890202
41.787315098763536,0,103120890203
53.266352021117505,1,103120940201
44.2809581110758,1,103120990101
42.61060379159915,1,103120990102
21.025290009678272,0,103121030201
46.743823950087965,1,103121170201
43.21862315951744,0,103121170202
28.04363007227996,0,103130040201
21.611686489254225,0,103130040202
46.7122768521453,0,103130120101
39.622065747000825,1,103130120102
26.739437044565797,0,103130150201
39.30579837229989,1,103130150202
26.060871077873845,1,103130190201
29.092561358344412,0,103130230101
50.54833683806074,1,103130270201
43.80246802724282,0,103130270202
40.482283385285285,0,103130300201
39.08031324583288,0,103130300202
17.737162874486668,0,103130420201
31.36168071382852,1,103130420202
44.76651398588585,1,103130460202
38.46503621179881,1,103130530201
36.29081602601609,0,103130530202
47.537605968096535,1,103130570201
59.140020197532266,1,103130570202
23.895735651296622,1,103130640201
18.183381927407993,1,103130640202
31.218672416860127,1,103130720201
27.94126193049976,1,103130720202
37.7871510269209,0,103130760101
29.32292582238265,1,103130790301
38.35592592241113,1,103130790303
41.57061810430828,1,103130830201
35.05087702046594,1,103130870201
34.68951329837951,0,103140110201
34.60776286401813,0,103140110202
28.86874941580068,0,103140170101
19.640571386321504,0,103140170102
46.29156608087545,1,103140210201
16.71288626118163,1,103140230701
19.66966917761445,1,103140310101
38.58581965545953,1,103140420101
43.54168515834613,1,103140440101
39.00522649585628,1,103140440102
15.060758582848395,1,103150020201
39.16734141594738,0,103150170201
32.629618428298215,1,103150250201
28.55143532852832,0,103150250202
33.70093299245403,1,103150250203
40.08382210263507,1,103150410101
17.822221454494837,0,103150410102
25.962075026527145,1,103150440201
11.189943920340696,1,103150520201
20.180770409500052,1,103150910201
53.78912404092935,1,103150950201
29.880801705478653,0,103160030601
30.52661985480193,0,103160060201
40.899115836212594,1,103160060202
24.656336347333394,0,103160100201
31.516640366946056,0,103160100202
20.052453996160637,0,103160140201
24.82633510361028,1,103160210201
32.31841017284346,1,103160250201
7.810198342609089,0,103160250202
33.727428859861746,0,103160280201
28.557463852366354,1,103160390201
42.1220303784705,0,103160430101
16.84157870598927,0,103160570401
16.744400708916977,1,103160570601
24.47116690791293,0,103160760401
45.698171466312104,1,103160900201
30.592884200011856,0,103170020201
21.22754825130557,0,103170240101
46.0231077572727,1,103170320401
44.659574505206116,0,103170320402
44.24088367114766,1,103170320403
19.815332833703376,1,103170370501
44.064543487551454,1,103170370601
38.40742655074479,1,103170410101
47.23079744222565,0,103170490201
27.543226043718185,0,103170540501
46.59231287409854,1,103170670101
53.06048875422992,1,103170840101
18.915391529682967,0,103170840201
33.10981644568143,0,103180080201
41.605094415855724,0,103180120201
37.57475209150291,0,103180210201
29.669133410364967,1,103180240101
7.0174597117714095,1,103180310101
36.76965487581603,1,103180340101
29.788435608712973,0,103180340102
18.16341400491146,0,103180410701
46.564576589590544,1,103180540101
46.070829497080986,1,103180540102
19.0538839845623,1,103180600201
25.38151582182542,0,103180630201
42.302533356348064,1,103180760101
39.691140253300446,1,103180760102
45.99203190457402,1,103180760103
33.56181724275719,1,103190080101
24.77154230786485,0,103190080102
46.23935523894463,0,103190120201
20.614726900506636,1,103190240401
28.793530849212,0,103190280201
15.362512847213967,0,103190960101
14.099505445216673,1,103200160201
19.91807214432754,1,103200160202
19.667073602501638,1,103200870201
14.690438523011752,0,103210080201
38.390969102577316,1,103210140201
38.283957740651495,0,103210200101
43.78474782199532,1,103210200102
29.73907874989742,0,103210260201
4.958478755449816,0,103210260401
34.39142117862967,1,103210290301
29.63735046020816,0,103210500101
19.90796281572821,0,103210500102
42.706744081205585,0,103210500401
30.63290420347184,0,103210500501
41.89500959580248,0,103210530201
30.766724647349463,1,103210560601
29.585094866713234,0,103210590101
46.754110513502766,1,103210590102
9.901347079368653,0,103220040401
19.75471087086029,1,103220080701
40.50177434242168,0,103220081001
41.50090597382261,0,103220081003
31.849262826619924,0,103220081601
41.31340677104,0,103220130201
53.94312371787617,0,103220220201
25.616750116671497,0,103220350201
31.3024468712996,1,103220350202
23.79157996598589,0,103220670101
31.31481605769399,1,103220670401
44.640196887740906,1,103220720101
29.974987432235924,0,103220720102
39.68400509864147,1,103220720103
37.706841673598916,1,103220760101
24.2122808714298,1,103220810201
53.1974606415632,1,103220810401
52.95677892400742,0,103220810402
31.35799678862232,1,103220860101
14.557941094208825,0,103220900401
19.57761834916949,1,103220990101
23.819194069429653,1,103220990102
18.427940242026,0,103221040601
42.3580246141397,1,103230050101
41.28372046471791,1,103230050102
33.16906691015062,0,103230110101
40.67807731020079,1,103230160201
18.465016128230516,1,103230240201
17.180011169789726,0,103230290201
19.507526526471608,0,103230420201
15.578347149852997,0,103230420202
51.25891502002021,1,103230610201
29.088377346889025,1,103240050201
33.409407417582216,1,103240050202
26.35130083719521,1,103240170201
28.164717441889398,1,103240170202
12.718875646494206,0,103240220201
29.206818884298496,1,103240300201
21.220084967168972,0,103240470101
26.204510167934973,1,103240470102
18.268149730660618,1,103240850201
12.690896166967427,0,103250030201
21.479640324248486,1,103250070201
21.067749925869016,0,103250340201
21.34377741968788,1,103250380201
24.25842684785314,1,103250520101
27.096292291026987,0,103250520102
26.408102989278383,0,103250560201
13.28781312369844,1,103250740301
20.51167132442181,0,103251000101
17.34146988967441,1,103260220201
13.613246908050765,0,103260280201
22.3553891640409,0,103260280202
27.465592667862108,0,103260450201
20.53731946430174,0,103260510201
57.6990391221679,1,103260790201
37.99422966901853,1,103270210501
48.20749247554253,1,103270230201
15.286693137430605,1,103270250501
21.989208017141017,1,103270270601
8.97497212742066,1,103270300201
5.922500890146449,0,103270300202
36.500932847335406,0,103270340101
40.06595159628153,0,103270340102
26.794724545062692,0,103270430101
24.938313556746852,0,103270550201
30.98198656138603,1,103270550202
12.729221087608192,0,103280040201
27.17932091574714,0,103280070101
38.5825119845824,1,103280070102
13.3712597872791,0,103280070201
24.547577395712587,0,103280070301
41.63059194175077,1,103280130601
32.67384270464363,0,103280130602
13.333748471369823,0,103280210201
20.167218186877804,0,103280320201
27.453694166113,1,103280320202
55.28020714498443,1,103280370201
30.011520458227032,1,103280420701
26.02502566414256,0,103280420702
30.865790809248058,0,103280560201
23.420637126896523,0,103280590201
28.134256365286266,1,103280620301
43.425054256914216,1,103280640201
45.961536611588635,1,103280640202
40.35459985525889,1,103280641201
36.67501651644496,0,103280641202
13.74342359275418,0,103290040101
31.682565810348535,0,103290080201
40.79888676394179,1,103290080202
19.55810398778592,1,103290150201
26.096985619509653,0,103290220201
33.61133126597083,0,103290290101
26.15888542220841,0,103290340201
18.222371899632716,0,103290340202
47.98918628734519,0,103290360201
29.32191175189062,1,103290430201
22.793437845266837,1,103290450201
22.19208721089886,1,103290480201
22.596234567621508,1,103290480202
13.397203730560674,0,103290520201
14.541164389550133,0,103290550201
29.26501477680584,0,103290570201
15.763962771564202,0,103300070401
48.34965018731759,1,103300220401
40.57014621662022,1,103300220402
45.830500737850905,1,103300221301
47.32922818571544,0,103300221302
12.500082533307381,0,103300221401
37.77994412661362,1,103300320201
24.15421801186658,0,103300320501
29.78784900038143,1,103300320502
27.18246503130567,0,103300421001
27.950789691483354,1,103300421002
40.2276381232012,1,103300520201
14.440407942954188,0,103300570201
10.48729198801767,0,103300670301
29.729561057971445,0,103300720201
30.072311377986882,1,103300820101
15.065853315174492,0,103300870501
23.21865340600805,1,103300870801
38.64735331692598,0,103300920201
13.631626911967881,1,103300920401
37.02727688224513,1,103301120201
23.021069506868923,0,103301170201
30.485928822189802,1,103301170202
46.53302862489338,1,103310080101
34.6070094822215,0,103310080301
38.641284544386096,1,103310081401
35.95773155829465,0,103310140201
39.6272642196531,1,103310200201
50.46074892274581,1,103310200202
55.69195567893405,1,103310260101
36.7679158378892,0,103310260102
48.55345885328525,1,103310260103
39.02305995903951,0,103310320201
38.00569933319184,1,103310380101
25.712065785657792,0,103310380103
42.71901310341286,1,103310430201
33.14206982579197,0,103310430202
14.550633279994486,0,103310490201
23.07493764532182,1,103310490202
28.358980845994523,1,103310490701
21.949242881805173,0,103310490702
20.22982306123502,0,103310490703
43.824441501751636,0,103310670201
19.196109578030203,1,103310730801
16.474153619497017,0,103310730802
31.963176729750806,0,103310790101
7.094421814098342,0,103310791101
8.102798318717259,0,103310791102
32.412754125694555,1,103311080101
29.942152346488385,0,103311080102
13.062281830425821,0,103311140201
37.61710986604137,0,103311140401
20.624371288309636,0,103311140901
23.212872087565934,0,103311140902
49.17065807680059,1,103311200201
50.12605612444445,1,103311200202
36.041898618172574,0,103311380201
27.702990068168454,1,103311380401
24.58370871502142,1,103311430201
34.61827245290745,0,103320020201
33.67296468324592,0,103320020202
14.414474256441007,0,103320020501
20.790354959104903,1,103320021401
32.77084132783441,1,103320021501
23.14179223061002,1,103320050301
26.632505233531184,0,103320240201
34.28440100968783,1,103320240301
20.27950429859,0,103320240302
20.701276743166435,0,103320270301
16.828552980416287,1,103320270302
29.62882508368648,1,103320371001
26.484791068373845,0,103320371002
27.316640420556276,1,103320430201
46.14667693497484,1,103320460201
36.28098044546679,1,103320460202
34.273493935034956,1,103320460901
27.709861007356636,0,103320460902
45.76847343404696,0,103320490101
14.011782101741279,0,103320520201
29.266957631591726,1,103320520202
24.491986432872345,1,103320550401
20.247999608134702,1,103320680201
25.697146509800074,1,103320710201
20.598191606256975,0,103320710202
25.65681636086098,1,103320740201
16.20107232759562,0,103320741101
18.460265547468286,0,103330020601
36.29581400079793,1,103330050101
19.353365980282042,1,103330150501
34.79943098631655,1,103330150701
20.788504370719902,0,103330180201
34.64918951886224,1,103330180202
18.924738549929085,0,103330340501
36.82359447015191,1,103330340502
15.937044174145132,0,103330410201
25.145040678459846,1,103330411001
34.24936090652602,0,103330470102
28.953789450784043,1,103330530301
40.342150209909775,1,103330660201
24.673303783777857,1,103330690201
27.83533768378618,1,103330690202
14.017264182054195,0,103330690203
42.966278669033485,1,103330790201
38.86034824116254,1,103330790202
21.533855132198905,1,103340010401
4.917720931884581,0,103340030101
14.390378279261633,0,103340030102
22.973661315591276,1,103340050101
17.754743379683504,0,103340050102
38.977830544029146,1,103340070201
19.501735181336514,0,103340140201
34.379757023754614,1,103340140202
26.28376062609095,0,103340160101
29.019793257784514,1,103340160102
17.65026599912022,0,103340180101
12.23255075586937,0,103340180102
46.088742145803685,1,103340200201
45.40450124871463,1,103340220501
31.782552776064865,1,103340240101
38.116368558949496,1,103340240102
36.873043376874335,0,103340260101
37.92157205589449,1,103340260102
43.30860585641096,1,103340260103
35.725270224592904,1,103340300201
29.12605545946399,0,103340300202
38.81615095349983,1,103340320901
42.04891143498255,1,103340320902
41.89604138078939,1,103340340201
47.6082906627171,1,103340360201
17.29290195816036,1,103340450401
43.50472640438394,1,103340490101
52.4307991920505,1,103340490102
24.374119973551565,0,103340510201
35.16860296011202,0,103340510202
49.47246666961176,1,103350110201
18.83844574940212,0,103350190201
21.259146136719867,0,103350190202
33.78789296384231,1,103350230201
27.411432449258896,1,103350230202
14.926545092083364,0,103350790101
16.883465642292567,0,103350790102
24.698871575419243,1,103350830101
39.461984304747936,0,103350980101
43.70167111568676,1,103350980102
29.347262223145123,0,103360020201
53.01122249224582,1,103360050201
46.10899485918892,1,103360050202
41.568455950712774,1,103360080201
37.36243052093384,1,103360100201
32.36606241846889,1,103360100202
35.468365937058536,1,103360130201
28.209837828507187,0,103360130202
32.15810677279461,0,103360260201
28.958173333305645,0,103360260202
17.851374012660862,0,103360390201
33.07760237693654,1,103360440201
40.13389601869227,1,103360440202
43.78733745884491,1,103360490201
27.162294027715674,0,103360540201
32.73879111193631,1,103360540202
37.96262228994932,0,103360570201
26.21206391108797,1,103360570202
28.429374744494623,1,103360600201
34.92521611973825,1,103360600202
49.916755224290974,0,103360650101
17.36086598837684,0,103380010201
23.697340607622337,0,103380040301
49.334115332821334,0,103380300101
30.592402255432305,1,103380330302
15.831359488027044,0,103380350201
49.14441032809978,1,103380380201
18.090053511535686,0,103380410201
29.659754348467366,0,103380500201
35.0254075487379,1,103380610101
44.164721073826584,0,103380640101
25.02612191858239,1,103380670201
25.47417020910623,0,103380670202
41.5158878948074,1,103390050201
37.7715128685845,0,103390050202
40.22267263677361,1,103390100201
41.47904024271931,1,103390100202
23.19164049045252,1,103390150201
33.05577794557035,0,103390170201
43.57041683747548,1,103390170202
39.30103891730035,1,103390180201
28.49796971548082,0,103390220201
41.81956108625539,1,103390250201
46.49292410443635,1,103390260201
21.40111762396666,1,103400010201
25.313487250895104,1,103400010202
25.41439143891081,1,103400080201
36.2586931601555,1,103400100201
53.975435807494364,1,103400130101
41.150202537212714,1,103400150101
37.19064059461671,0,103400150102
52.62297347417515,1,103400190201
31.188509332650348,0,103400240201
38.04313659653597,1,103400240202
33.647778227957666,0,103400260101
25.79195451399202,0,103400260102
24.835958986157806,0,103400280201
57.34238565479974,0,103400300201
38.0071815054181,1,103400390201
27.418781629570905,0,103400390202
35.71586596432933,1,103400440201
39.397379650259936,1,103400440202
27.492148099898145,0,103400440203
30.175694250526163,0,103400460201
26.194938391294446,1,103400510201
32.61531560298088,1,103400510202
35.46360900273992,1,103400530201
41.782487052158096,1,103400530202
34.21212652633482,1,103410050201
31.372959578193427,1,103410050202
22.02281519861167,0,103410090201
38.1826554510592,1,103410250201
25.413562484068244,0,103410250202
30.30809588763216,0,103410320201
45.855373541763086,1,103410350201
40.61313379222705,0,103410350202
17.64458011867562,0,103410420201
24.38169196413299,1,103410520201
14.347373869036627,0,103410520202
16.922491294483894,0,103410580201
38.0945702432677,1,103410620301
31.590128427954827,1,103410620302
41.87457914414812,1,103410720201
31.460056162856656,1,103410750101
28.467180904501657,0,103410820201
14.452859314881069,0,103420010201
12.515119214221935,1,103420010202
52.750243455516205,1,103420040801
40.49235027600839,0,103420180101
13.913658725986124,0,103420250301
14.378241811276226,0,103420280201
26.84447596392743,1,103420280202
31.724228876921124,0,103420350201
26.64004178675064,0,103420450201
25.815235042170663,1,103420450202
27.56862625498222,1,103420650201
34.95780015468464,1,103420690201
19.480630613567175,0,103420720201
18.032026736704648,0,103420720202
27.249875562257564,0,103420790101
25.07210347663158,0,103420790102
14.825357329304866,1,103420820101
32.51037338523554,0,103430020201
20.50353385614501,0,103430050201
23.606898018331414,1,103430080201
19.254615810569913,0,103430120201
29.069201775894477,0,103430120202
30.928756502177905,1,103430150201
24.2062208288516,1,103430280201
25.673471317998757,0,103430340201
26.945203051009127,1,103430370301
26.245935833138113,0,103430400301
38.59245318691271,1,103430440301
36.35153756093818,1,103430470201
36.02348944661613,1,103430470202
29.590496878794394,0,103430560101
26.213673997831012,0,103430560102
28.69262869590188,1,103430630201
32.45576528504718,0,103430630202
24.25541218682001,1,103430760201
23.61009920733018,1,103430790201
16.342608173971527,0,103440050101
25.003583021661196,0,103440230201
28.588834217621052,0,103440230202
14.180291975565687,0,103440320501
20.77059336470624,1,103440370201
19.935530026629813,1,103440370202
17.767743114227642,0,103440420201
24.043535897787724,1,103440420202
20.30149687187281,0,103440420203
25.35044629038626,0,103440460401
33.3577672290215,1,103440460402
30.762304450078748,1,103440560201
21.493680392358787,1,103440560202
37.64789422039209,1,103440600301
36.30131297750096,1,103440600302
25.25631597927375,0,103440690201
14.728931549761601,0,103440690202
27.59023131922009,0,103440740301
31.41164195897155,0,103440740302
15.71183617076997,0,103440740501
11.504008035332731,0,103440740601
35.46526477315729,1,103440790201
30.70412633740666,1,103440790202
33.27926967645027,1,103440790203
27.695193812139788,0,103440830201
32.77904116903724,1,103440830202
38.410779184746715,1,103440930201
44.91106069273844,1,103440930202
30.489253844312966,1,103441020201
4.725713224225045,0,103441070201
26.84751229419011,0,103441110201
34.0710687470047,0,103441110701
27.282278991640407,1,103441160201
30.018171509184945,1,103450030301
39.40508821390682,1,103450170202
16.112793487469023,1,103450200201
14.89595227731353,1,103450200202
31.77317930038874,1,103450470201
42.67769858553733,1,103450600201
23.81078529879463,0,103450790101
32.61483630438358,0,103450790102
29.42494796825428,0,103450920201
23.847721270120495,1,103451070201
46.25016870262701,0,103460030201
22.361500300941454,0,103460190101
40.31515655226074,0,103460230201
52.87186565383588,1,103460230202
20.687816775299808,0,103460310201
29.446368447907506,0,103460310202
45.24151061937447,1,103460380201
35.15465421144537,0,103460380202
33.72545117915618,0,103460420201
19.841412641724684,0,103460460201
45.61866540670913,0,103460540201
40.13985841017055,0,103460540202
36.37747710623046,1,103460580202
39.729664452249494,1,103460620201
37.93286102897858,0,103460620202
50.42065267799808,1,103460660201
30.684313138797744,1,103460730201
29.658790686510116,0,103460730203
18.00752058784322,1,103460770201
8.018676742742814,0,103460770202
10.349813772183868,0,103460770203
42.13712128589137,1,103460770701
41.65781787789006,1,103460770702
45.82615342394604,0,103460810201
43.80918503194976,1,103460850201
26.039925994969387,0,103460890201
36.30219037484724,1,103460890203
54.76153121369401,0,103460930201
38.38609170712757,1,103470030201
30.965183521433424,0,103470030202
45.10639330487115,1,103470070501
40.87505979989403,1,103470070502
46.46754945859736,1,103470110101
35.632701805555044,1,103470190201
35.204468917159396,0,103470190202
36.81653212497534,0,103470270201
30.289749657258334,0,103470420201
24.64445519422834,0,103470420202
35.13911082594378,0,103470580201
28.356718546099366,0,103470580202
28.750022931075975,0,103470580203
38.11556872238461,0,103470690201
42.713377933395805,1,103470690202
32.99486203489459,1,103470730201
20.552638817120883,1,103470810201
30.554807598536808,1,103470810202
48.4099722616348,1,103470850201
28.679363144377053,1,103470890202
38.07590766672071,0,103480220201
8.56712449382834,0,103480320201
37.79461475301523,1,103480360101
29.929626323004705,0,103480360102
33.56277246628273,1,103480430201
18.900702440321123,0,103480490201
10.815074121767193,0,103480600601
15.394184582897095,0,103480770201
23.61993483418531,0,103490170101
29.912961018267584,1,103490170102
26.22443110557765,1,103490290201
26.166959715837493,0,103490320201
35.260019709378184,1,103490320202
24.815251840294273,1,103490350202
25.524339829894075,1,103490430201
26.221486960994966,0,103490430202
35.943006915439696,1,103490520101
35.9829310428345,1,103490520102
22.5803229367627,1,103490660201
39.975943152105515,1,103500020201
10.90200025669876,0,103500040201
31.571203988670753,0,103500120201
27.661174000658843,0,103500120202
47.51309729989724,1,103500150201
24.565802732916865,0,103500170101
32.73186885084085,1,103500400201
36.24591468222961,1,103500400202
20.43229665951688,0,103500430201
42.17793409471607,0,103500480201
48.44929660854892,1,103500480202
44.56954891493752,1,103500580201
31.832074966665996,1,103510170201
27.411452618018778,0,103510220201
16.644766103971374,1,103510360201
24.224830048597024,0,103510450201
24.445520560933453,1,103511150201
33.89905598051263,0,103520010201
36.745337167987856,1,103520010202
55.2490159564131,1,103520500201
47.87190197282645,0,103520500202
20.681679983934206,1,103520500301
32.81785090172115,1,103520580101
38.13687463001369,1,103520630201
17.83138171159524,0,103520630501
15.931804413718126,1,103520720201
15.676289826140094,1,103521030101
33.60784570313672,1,103530120101
38.049233002249245,1,103530220201
34.375282686208834,1,103530220202
54.887254092559076,0,103530300201
25.973535791478948,0,103530510202
39.22352241322943,1,103530540201
35.751462824346945,0,103530540202
31.223952747951582,0,103530580201
25.417548067118286,0,103530580202
27.59873645184045,0,103530580203
37.280570247155175,0,103530620201
35.336728478060834,0,103530620202
28.645640733894947,0,103530690101
49.164773563872785,0,103530720101
50.15842339086625,1,103530760201
37.58076060778208,1,103530760202
37.22775286642667,1,103530790201
31.844102124213663,0,103530790202
51.75902467723256,1,103530860101
37.468911598341116,0,103540020401
32.70870050449358,1,103540080201
26.178185049406522,0,103540080202
43.921064436572635,1,103540130201
38.858455822763204,1,103540160101
23.62887031815068,0,103540190201
31.482063627602606,1,103540190202
43.40991637806155,0,103540250201
31.623462999706785,0,103540250202
24.43775237151461,0,103540270201
35.01937656950184,0,103540300201
30.949489452285768,0,103540300202
36.93739326550353,0,103540330201
34.71016206880797,1,103540360201
30.25622100662203,0,103540360202
30.75307254627187,1,103540390201
19.1570706284477,0,103540390202
17.390429592696247,0,103540420201
42.93692588695779,1,103540530201
27.95403289630083,0,103540560201
25.51512092993978,1,103540560202
18.623310028049108,0,103540560203
33.94563746557204,1,103540590201
21.975714882676538,0,103540620201
33.585638823320785,0,103540640201
20.626698261028274,0,103540670201
29.175523465862497,0,103540670202
42.25337360241993,1,103540700101
42.72858527781527,1,103550040201
29.945008414773607,1,103550090401
53.545550587978,1,103550190201
30.730903527730494,0,103550240201
37.256461137117874,1,103550240202
29.936624379587357,0,103550240901
38.892615448435436,0,103550240902
46.14817308853547,1,103550280201
23.056585673530194,0,103550380201
25.49323530451608,0,103550380202
12.452774369489712,0,103550430201
42.452422393848195,1,103550570101
17.319989803685502,0,103550620201
44.956549789267555,1,103550720102
26.281898629499747,1,103550810202
26.937654675819566,0,103550910201
12.611405615079423,0,103550960601
45.16047074155457,1,103551000102
46.19125868266068,0,103551050201
15.841068201880399,0,103560020201
13.57003191525757,0,103560140201
30.218438823833527,1,103560140202
45.50097351840033,1,103560200101
35.297111585515474,1,103560260201
34.03153514444091,1,103560260202
23.50911797238653,1,103560310201
36.31524396416745,1,103560370201
36.40564963646892,0,103560430101
21.50047233823299,1,103560490201
21.150803464317185,1,103560490202
42.56129700728185,1,103560730201
40.07849469273261,0,103560900101
43.463854664734804,1,103560960201
24.659366174850785,0,103561020201
32.67076863809294,0,103561250201
41.85040893849997,1,103561250202
51.15315849902735,1,103561310201
22.727069122596422,1,103570030201
35.342462379467015,1,103570050201
48.864782304965175,1,103570090201
16.364614463584587,1,103570090501
23.30445236016961,1,103570140201
30.493296645054137,1,103570230101
21.646792188859433,1,103570270201
19.5782106837698,0,103570290201
15.965639322603057,0,103570290202
42.584638300141485,1,103570320101
26.251301772178973,1,103570340202
20.43762788430224,1,103570380201
19.74266454264737,0,103570380202
20.089418618874777,0,103570500201
36.39209889865798,1,103580020201
28.486825889443697,1,103580020202
25.20328497551796,0,103580050201
35.21208727759697,0,103580050202
32.20740182638123,0,103580070101
40.835115245773956,1,103580070102
37.43745800491858,1,103580070103
55.39990332894614,1,103580110201
33.89552141065801,0,103580160201
39.24913292454628,0,103580160202
40.245471819126934,1,103580220201
41.11881079264677,0,103580330201
35.67268681343151,1,103580380201
25.2244670365762,0,103580380202
55.87371434530455,1,103580440201
46.02288852941381,0,103580460101
23.578860736404575,0,103580490201
33.78484442963676,0,103580490202
32.40820720697542,0,103580490203
53.65130881309354,1,103580510201
51.6114096230993,0,103580510202
52.85255888295842,1,103580510203
18.806580123557644,0,103590010201
20.369325259200824,1,103590010202
34.13604579242644,0,103590090201
31.654550799939873,0,103590150201
26.44317199077352,0,103590250201
15.846247906390769,1,103590270201
28.24732230938535,0,103590290201
32.59980532194061,1,103590290202
24.08762796149388,0,103590310201
27.96524571773971,1,103590330201
28.30072195633746,0,103590390201
47.284969754786374,1,103590450201
33.215373562235946,0,103590450202
39.50035297225558,0,103590450203
27.407634357861493,1,103590470201
34.98086935966231,1,103590490201
17.59400558603006,0,103600150201
20.65055668066415,0,103600150202
35.29674520386425,1,103600170201
25.462627346149684,0,103600170202
19.90748252487397,0,103600200201
31.110534580222286,1,103600200202
28.419359303814065,0,103600250201
24.9917519728451,0,103600250202
44.65958771550137,1,103600280202
28.677736715960528,0,103600300101
26.682259254154616,1,103600330201
32.558364701308335,1,103600330202
26.795603581430562,1,103600400201
41.36816525613892,1,103600450201
15.617936204124629,0,103600480201
28.906869250895507,1,103600480202
35.09582432775542,0,103600500201
36.32486791903057,1,103600530101
29.43105716519691,1,103600530102
19.766240425161083,0,103600530601
16.677332951042214,0,103600530602
30.659113413210545,1,103600580501
15.243836341433692,1,103600580901
31.948383293428858,1,103600600201
26.70797701259091,0,103600600202
15.804491044378462,1,103610010201
39.42597373598581,0,103610030201
45.898631554880836,1,103610070201
48.745776877388806,1,103610070202
32.914248497615695,0,103610120201
27.329626019209208,0,103610170201
38.11137440842001,1,103610170202
48.10788765541576,1,103610230202
17.120172263887557,0,103610300201
28.97601211464619,1,103610300202
20.486879222286664,0,103610320201
28.91379063520337,1,103610320202
20.298366295464543,0,103610350201
25.496136178501793,1,103610350202
45.27743260079822,1,103610440201
43.767382266468324,1,103610440202
27.01544679225762,0,103610460201
34.95322270976199,1,103610460202
58.13643368237804,0,103620010101
31.29889975808509,1,103620020201
24.981324267640872,1,103620020202
21.090868649282932,0,103620020203
41.25235734883448,0,103620030201
43.829832607099156,0,103620030901
47.27591717472157,0,103620030902
45.08995359096812,1,103620060201
43.63520081609753,1,103620060202
44.49153480646969,1,103620060203
25.465243016052998,1,103620070201
25.88616418131877,1,103620080201
36.89209604696444,1,103620090201
32.63528230358813,1,103620090202
35.66263041247207,1,103620100201
38.75870176701942,1,103620120201
41.58134398009471,1,103620120202
9.169699718908511,0,103620130201
50.436985636870844,1,103620140201
52.71048176270253,1,103620140202
29.424722155464206,1,103620160101
32.82213863017913,1,103620160102
23.17510546174014,0,103620170201
26.135292733482377,0,103620170202
25.737056281003944,0,103620180201
29.941993884411076,0,103620180202
31.08365933456322,1,103620190201
35.8239383182934,0,103620200101
54.93573652313809,1,103630040201
27.287248245168673,0,103630070201
22.193447246601217,0,103630070202
32.042161630928376,1,103630100201
22.989653462074315,1,103630100202
40.31560457648523,1,103630170201
27.69232672889081,0,103630290101
17.564468620698634,0,103630290102
25.490552394667453,1,103630330201
26.407018205908432,1,103630330202
55.21957186299639,1,103630450201
40.85577950219592,0,103630450202
48.25707979161222,1,103630520201
41.52718880416766,0,103630520202
28.9096140503535,0,103630580201
29.653336812281285,1,103630610201
41.199923812819904,0,103630710101
39.963272257361375,1,103640010201
29.0116620388377,1,103640010202
20.752390665809756,0,103640050201
27.907654587833715,0,103640070201
26.723306264622654,0,103640070202
38.009860993363375,1,103640090201
28.028916034314197,1,103640110201
32.31857363270138,1,103640110202
24.75481819218528,1,103640160201
19.00576433128513,0,103640160202
30.21821503696615,1,103640240201
41.95952846814959,0,103640300301
35.57029751464558,0,103640300302
45.55796031489951,1,103640300303
45.28731550718675,0,103640320201
46.07362364078783,0,103640320202
41.74349476503443,0,103640321201
22.423009908463236,0,103640360201
50.55591661121716,1,103640380201
46.20572132164203,0,103640380202
33.93460772474082,1,103640400201
24.397944832866248,1,103640400202
21.691108009971856,1,103640420201
20.437033759746768,0,103640440201
26.729191117356837,1,103640440202
21.071242220353877,0,103640440203
31.27282797172821,1,103640460201
32.280221166630234,1,103640460202
19.843006935921824,0,103640480201
20.53931805846023,1,103640480202
44.91272082926619,0,103650060201
42.1788604437434,1,103650060202
54.05453994546571,1,103650080102
28.57505285608102,1,103650230201
35.68197938550146,0,103650280201
43.36482239338925,1,103650280202
37.7541035517942,0,103650360202
25.497821771557746,0,103650360203
44.81317416936704,1,103650390101
41.035194556615636,1,103650390102
39.550031088584554,1,103650410201
45.93439371512225,1,103650410202
55.622409993995475,1,103650520201
29.555165672688638,0,103660010201
29.233746576857712,0,103660020101
42.90584994206648,0,103660140201
45.49670164554735,0,103660140202
29.274195587455853,0,103660180201
39.884927276774704,1,103660180202
33.16549673105452,0,103660190203
37.407413289448364,1,103660230201
37.04322344796799,0,103660250201
22.37957914517952,1,103660260801
25.03417816963608,0,103660260802
48.280337949704716,1,103670220201
50.97084726490195,1,103670270201
46.85211621654549,1,103670270202
24.432167499828008,0,103670270301
24.456918265505365,1,103670270302
31.37663115151437,1,103670570201
34.85109843859155,0,103670670201
18.519013859061786,0,103670720201
18.513333205524486,1,103670840101
25.80653791051507,1,103670840102
19.897647191547936,0,103670890101
35.469923838323396,1,103670980202
17.050472622158065,0,103671190201
21.563936248034764,0,103671190202
37.86549801931674,1,103671220101
21.269463716094442,0,103680140201
32.824342050771044,1,103680140202
39.9566644942805,0,103680210201
18.515163547988223,0,103680640101
25.112711367324216,1,103680730201
19.55282285875622,0,103690140201
37.45419608889404,0,103690170201
13.466668055316996,1,103690280401
24.75612736009699,0,103690320801
25.260354920985865,0,103690320802
39.23998032195914,1,103690790301
33.17166950914126,0,103690790302
37.14091940910028,0,103690790303
18.213982444655084,0,103690800201
22.102625391010147,0,103690800202
46.007919980957084,1,103700140201
33.31970162024028,1,103700350101
29.40745097885691,0,103700490201
33.99312148505899,1,103700490202
34.09068341487291,1,103700590101
37.151466549486436,1,103700590102
17.631626444807033,1,103700660201
31.493692474728597,1,103700730201
25.341333984662928,1,103710070201
33.765484606344096,1,103710310201
20.977064439593622,0,103710430201
45.763340841656444,0,103710580101
20.630263073158638,0,103710610301
28.280124125568115,1,103710610302
26.207914827215593,1,103710820201
28.606162528228865,0,103711130201
33.965911256922475,1,103711170201
37.11814018997704,1,103711170202
27.365379713127737,0,103711170203
41.475204434418494,0,103711230201
46.48173646171223,0,103711230202
42.809312556057456,0,103720110201
30.42409009444946,0,103720520201
41.31063170688195,1,103720520202
16.747410858252476,0,103720550201
37.4342116056729,0,103720680201
13.513145301866961,0,103720810201
22.030910569581913,1,103720910101
37.54345893117877,0,103720950202
22.328779639131028,1,103730010201
15.50826395366325,0,103730220201
28.11176347332819,1,103730220202
26.906515632842492,0,103730470201
35.5332431996054,1,103730470202
39.03770588042356,0,103730610201
15.205170808117487,0,103730670201
20.715978774448786,0,103730970201
32.04807852057253,1,103740190201
27.384978806245567,0,103740190202
38.917159134314,1,103740380201
49.46384762530702,0,103740650201
34.56584011308748,0,103740950101
45.383114617946106,1,103740950102
19.24141186577256,0,103750080201
34.632803597575744,0,103750120201
29.04608123522687,1,103750330201
23.25537659134812,1,103750430201
37.443094692896175,1,103750520801
39.58212719207432,1,103750580101
26.25547687855458,0,103750600101
29.831529102207924,0,103750660101
23.08502570818587,0,103750660102
21.29390326580934,0,103750660103
29.408467874855074,1,103750710201
22.500532207516148,0,103750710202
23.10238168971052,0,103760020201
40.4811699592575,1,103760100201
27.458389356088354,1,103760630201
18.773807796076944,0,103760830201
26.678080205520903,0,103760830202
15.577049149769437,0,103760830203
14.679260116335843,0,103770040201
21.714054202691262,0,103770040202
43.36460918532438,1,103770230201
19.43584997849461,1,103770360201
33.56010650493586,1,103770680101
21.70750881909788,0,103780330202
44.061369383975304,1,103780690201
17.852891115246955,0,103780760201
38.69644431557998,1,103781090201
30.782402205828696,0,103790020201
33.836861346150386,1,103800030201
30.204289816623028,0,103800030202
19.173583521157283,1,103800110201
36.82248260815902,1,103800420201
36.69691559505064,0,103810320301
37.36957862380921,0,103810470201
17.444721833813766,0,103810680201
33.402931925906,1,103810680202
31.49652853142734,1,103810730101
33.61509381677347,1,103810730102
22.20994390337729,0,103810730103
32.24171974913695,1,103810930401
29.328468660282912,0,103810930402
27.601658337971138,0,103820270201
27.616448525770327,1,103820510301
27.181095470216135,0,103820510302
36.4025012396033,1,103821310201
13.6360938039875,1,103821370201
18.0998536540581,1,103830340201
42.18699336209314,1,103830480201
35.2036871250362,0,103830530201
44.55112441691768,1,103830570101
22.08134889200905,0,103830610201
17.292543495837855,1,103830660201
17.052481207915434,1,103830880201
17.6169526494449,0,103830880202
37.16090840304816,1,103830920101
25.718729145986078,1,103831000201
15.44565183961821,0,103831140201
17.45026109718981,0,103840030101
20.88826900098484,0,103840210101
19.020091689407423,1,103840510201
17.12706703324752,0,103840720102
17.727991327553827,0,103840720103
19.58365267630881,1,103840750101
17.83001134618927,0,103840750102
19.360688907083613,1,103850160201
26.060066115506576,1,103850540101
30.576270890359254,1,103850960201
25.270574129682863,1,103850960202
20.63529489503658,1,103851010201
33.83865577313155,0,103860060201
38.25764363530712,1,103860060202
23.226552008165157,0,103860180101
25.92199223013579,1,103860180102
24.830632475485384,1,103860270201
18.371681944383546,1,103860390201
27.58600157188844,1,103860800201
37.02259711246312,0,103860820201
40.23813977664273,1,103860820202
27.149710342356677,0,103870040201
26.922158594323115,1,103870240101
24.924141786380925,0,103870710201
14.811360347791782,0,103870770201
18.538147941095747,0,103871150201
28.477382179730196,1,103871590201
15.569126650320513,0,103871820201
15.650109288060484,0,103880070101
13.337073858171395,0,103880070102
9.619432746226504,0,103880120201
17.84814874566608,0,103880120202
35.570364751079424,0,103880200201
43.00087158593068,1,103880200202
41.94281832300026,1,103880500401
32.86088075061774,1,103880710101
22.741130276020566,1,103880710102
21.023424029739186,0,103890330201
27.320833456604355,1,103890330202
35.828388700052216,1,103890360201
35.670625867705226,1,103890360202
37.78151507068404,0,103890460201
41.53985231119071,1,103890510201
43.853151574451424,1,103890590201
39.14080350521546,1,103890930201
40.032144008254434,1,103890930202
35.28813544204384,0,103890930203
31.39752147080942,1,103900170201
21.54603963752401,1,103900270201
24.675586421303965,0,103900350201
17.140370925551718,0,103900410201
24.236645396816712,1,103900540101
34.9075775906971,1,103901060201
10.69128358657262,0,103910200201
17.806493466660903,1,103910260201
22.765178263198973,1,103910310201
35.993304902118794,0,103910400201
27.117744910364515,1,103910430201
19.747028095497697,1,103910510401
15.64981581671058,1,103910540201
18.992291308833554,0,103910680201
23.463227841656597,0,103910710101
40.08231315327983,1,103910710102
27.828956548195983,1,103910730201
37.152374915347494,1,103910730202
21.924526834755728,0,103910730203
50.045922320075285,1,103920200201
27.5220219928204,1,103920370201
26.987775542140703,1,103920380201
24.452437394865832,0,103920400201
18.478690142830935,0,103920410201
13.12836422161536,1,103920420301
15.248319632295946,1,103920420302
17.313672295475204,0,103920500101
23.873887546719477,0,103930110401
46.68894768008875,1,103930150201
46.96186478996183,1,103930150202
33.08307008710831,0,103930150203
42.858554840032994,0,103930290201
47.00903849002288,1,103930290202
27.873766151380135,1,103930470101
26.58984163455062,1,103930470102
21.878576314107722,0,103930510201
22.48266397133488,0,103930560201
20.30741980947748,0,103930560202
49.42743392720656,0,103930660201
56.820691785888734,1,103930660202
21.010856650296674,0,103930860201
33.40639096033944,1,103930910201
30.34703296346877,0,103930910202
39.501774368865206,0,103930950101
34.467643158895875,0,103931030201
39.014538361688395,1,103931030202
33.91532719250613,0,103940040101
38.152597496957235,1,103940040102
33.504877298451206,1,103940060201
35.962881085737465,1,103940060202
22.313219383967976,0,103940090101
24.246333613181612,0,103940090102
43.88764914719248,1,103940180101
36.90648068715066,1,103940180102
30.46015687514818,0,103940310101
48.07010570258414,0,103940330201
41.93559901173533,0,103940330202
41.142357321473966,0,103940330203
43.92488105191763,0,103940360201
25.680956570055514,0,103940380101
22.97417520188442,0,103940380102
32.83407703510879,0,103940460201
25.483639180769895,1,103940480301
41.340320908581056,1,103940510201
33.2552606051194,1,103940610201
23.747180349843013,1,103940610202
39.56027178549001,1,103950010201
24.122288039917137,1,103950070201
15.2487948153097,0,103950070202
30.675457914793082,0,103950220201
37.22769765557615,1,103950220202
24.077767115706482,0,103950220203
31.18543257891351,1,103950270201
45.19972855705549,1,103950390201
41.83960612811,1,103950390202
34.48361949211243,1,103950670201
36.59459125331266,0,103950670202
40.317380131196245,0,103950780201
45.0477090901278,1,103950780202
39.77692690586476,1,103951070201
37.49470906562215,0,103951200101
20.302076378599562,1,103960040601
17.814131397981292,0,103960040602
23.74592782388763,0,103960070201
32.615875749025236,1,103960190201
38.13945975671374,0,103960320201
47.516650679111834,0,103960350201
29.120675780710112,0,103960550201
27.845986278092248,0,103960550203
24.303580714051197,1,103960690201
46.399834713106735,1,103960720201
41.03469343864884,1,103960720202
36.13026571810918,0,103960750201
42.0694424533496,1,103960750202
25.72281002115447,1,103970440801
19.22122795986316,1,103970440802
35.6631276379772,1,103970480201
24.814372066274167,0,103970480203
20.318842007514906,1,103970520101
26.280906502781463,0,103970540101
30.72098462435826,0,103970540102
37.538108294008424,0,103970610201
41.63041694825032,1,103970610202
34.2889345877085,0,103970610203
37.07532870556298,1,103970710101
50.31669965417221,1,103970760101
36.90402504069673,0,103970760102
24.381935494522395,0,103970840102
26.14468515094775,1,103970980101
24.29512421844267,1,103970980102
20.28135853077354,0,103970980103
27.608328143279433,1,103971020101
23.642896971048152,0,103980040201
17.134175942732632,1,103980040202
40.89413937689738,1,103980100201
42.59188500822928,0,103980100202
39.56817962226165,1,103980200201
32.85362256527996,1,103980200202
34.97531054960012,1,103980280201
39.588885821444656,1,103980280202
43.75003554499947,1,103980470101
33.79041795275443,1,103980540201
29.125927622285847,0,103980540202
27.84409574928642,1,103990130202
25.793147200089503,1,103990240201
17.737947061631928,0,103990330101
31.66282082608133,1,103990480201
18.411848991255773,0,103990690101
26.773109790178555,0,103990730201
27.803092197782682,0,103990770501
44.82314255105584,1,103990990201
10.940677852459675,0,103991030201
18.21301676257813,1,104000370101
15.265262307780512,1,104000580101
19.538759725062043,1,104000820201
15.800434579087472,0,104000920201
37.141229022787776,1,104010180201
35.42374164824955,1,104010260101
27.63023002662148,0,104010320201
17.5355234572768,0,104010400201
43.77549819809825,0,104020140201
43.17724162752899,1,104020140202
14.846061032104622,1,104020520201
25.04251899717396,0,104020790101
32.43119137110412,1,104020790102
28.962719619070036,1,104030650201
20.69511714118593,1,104030890201
13.586147071063154,0,104030910201
18.87274522196237,0,104030980201
23.755390621227264,0,104031160101
27.372152590643008,0,104031230201
24.078364072935052,1,104040340201
16.842584806457726,1,104040340202
23.00397401173014,1,104040410201
22.987359261752886,1,104040410202
26.360412031099123,0,104040740201
39.957739192429095,0,104040970101
30.541159194586626,0,104041500101
10.127105709607171,1,104051320201
33.35284588059725,0,104060030201
22.801181449600065,1,104060100101
20.33368302513961,1,104060170201
24.943734693708517,1,104060270201
32.71464693215217,0,104060270202
17.173635490664893,1,104060450201
12.748771307232971,0,104060710201
11.997037351507341,0,104060740201
24.782894827591896,0,104060890201
18.153687060964522,0,104060890202
17.296364217455903,1,104060910101
15.191047572801688,0,104070110201
22.57140921245969,1,104070190201
19.437040685444543,1,104070240201
14.492354995301532,0,104070240202
33.25471790848057,0,104070370201
34.246208802125636,0,104070650201
23.550381895352597,1,104070930201
28.26503383696234,1,104071020201
33.89537850113558,1,104071170201
34.32249633644541,1,104071170202
39.34873022874052,1,104071340201
43.14734153795247,1,104071340202
20.911260966591552,1,104071360101
21.567437478198066,0,104080030201
20.892859100113263,0,104080030202
27.038259955347453,0,104080160101
33.62565182205336,1,104080370201
19.79077008619803,0,104080500101
19.89956154833785,1,104080500102
17.238972546726213,0,104080500201
11.96307260979248,0,104080500202
32.9147423798735,1,104080590201
20.319543363576066,1,104080810101
30.448794358141956,1,104090060201
18.270916664195028,1,104090060202
28.446142560023944,0,104090250201
39.56886070101849,0,104090250202
42.288500002848465,1,104090460201
35.85370605273687,1,104090860201
27.122504214642046,0,104090860202
18.44026271407536,0,104090980201
22.13576127006947,0,104090980202
28.343439406712022,1,104091020701
16.730908622661943,1,104091020702
32.870027099547514,1,104100010201
9.566300565874771,0,104100460201
17.424295363575876,0,104100500201
27.932952956613402,1,104100610201
29.633460807550346,1,104100900101
33.86584726422178,1,104100900102
47.74937691628112,1,104110030201
13.30197102030003,0,104110160701
29.76277946851754,1,104110290201
24.04207533317819,0,104110290202
25.514143183837568,1,104110290203
23.14998051383854,1,104110310301
14.075272960705604,0,104110440201
28.318168539982526,1,104110490201
9.752546879416727,0,104110490202
3.51204651757274,0,104110540201
43.64633487840018,1,104110560201
35.98497574327223,0,104110560202
31.350912873890636,1,104110650201
23.97804558045556,0,104110650202
24.97107612140618,1,104110650203
21.38389060572673,0,104120060201
27.045365567719035,0,104120100201
36.25673381244493,0,104120230201
33.61789772096042,0,104120270201
38.283764040640584,1,104120310201
33.61574619320608,1,104120310202
25.061639493709205,0,104120400201
19.722746885580406,1,104120480201
30.990753402623234,1,104120700201
34.95287570080658,1,104120980501
23.024836535340974,0,104120980502
25.667274271149235,1,104121150201
31.756316682264597,0,104130030201
34.05447043697566,0,104130130101
23.070101757135866,1,104130190201
21.635337162599576,1,104130190202
28.54103225345983,1,104130190203
9.701646955551947,0,104130270201
14.248173653494064,0,104130270401
17.86821512612615,0,104130330201
26.935548093624305,0,104130480201
30.5149222571312,0,104130500201
24.668682475678096,0,104140310201
38.75730890840479,1,104140310202
41.06851763935329,0,104140370101
31.523400804074043,1,104140610201
39.36156247130549,1,104140610202
36.09030488793287,0,104140650201
35.00777256610896,1,104150140201
29.42592160776456,1,104150140202
15.312800940140985,0,104150240201
20.380508390789426,1,104150330101
33.327207224324205,0,104150350101
17.87340015049203,0,104150390502
21.301904917560446,0,104150390503
20.926752665835938,0,104150440201
21.035337131976313,1,104150620201
17.035941666172064,0,104150620202
28.572773022010576,0,104160060201
18.10446948836364,0,104160060202
23.601621891191975,0,104160060203
34.12935870927697,1,104160170201
27.013031211930763,0,104160310201
31.645724686819854,1,104160310202
37.70566172697988,1,104160410101
40.477375750298144,1,104160430101
28.139761985896737,0,104160500201
56.29584857764752,1,104160560201
56.4390752553963,1,104160560202
34.1598053152707,1,104170440101
20.848098269500028,0,104170490401
42.744876014628794,1,104170870101
26.908490625276677,0,104180030201
30.550723976764296,1,104180160101
21.697844645569035,0,104180160102
29.38564853780003,0,104180200201
11.276115673503252,0,104180250201
20.591528590822602,1,104180410101
45.079735817292544,0,104180520201
40.737985136490124,1,104180520202
30.692238841771083,1,104190160201
31.896012834686914,1,104190200201
39.13947154786078,1,104190300201
21.329238172725034,0,104190360201
41.60999345954973,1,104190480201
31.93610462423452,0,104190510201
6.638491107544782,0,104190550501
30.152673216284832,0,104190580201
42.2031408358522,1,104190760101
18.507747964760096,0,104190820201
42.12500632241685,1,104200130101
39.69844458094178,1,104200240201
31.527655465508662,1,104200280201
47.81634693265675,1,104200320201
19.301521304515482,1,104200350301
30.118623271255142,1,104200350302
43.088118528333496,1,104200380101
30.18516136999551,0,104200380102
38.37268858803945,1,104200560201
36.706179511830605,1,104200590201
14.361975259710404,0,104200720201
24.896459704628825,0,104210050201
26.917518176651562,0,104210850201
23.48078221547223,0,104211140101
33.50284524554866,1,104211140102
29.12654017677733,0,104220650201
30.816278628457823,1,104220750101
19.702812446756315,1,104220790201
7.604743007834599,0,104220790202
33.828177449771104,0,104240010101
27.93332652382402,1,104240270201
22.08297395219992,0,104240330201
23.347805825447637,0,104240500201
11.143366051957393,0,104240540201
36.085866958760356,0,104240560201
33.388234349162836,1,104240560202
17.215344149986088,0,104250350201
23.51676830185042,1,104250350202
32.98141331704766,1,104250600201
25.75863815878582,0,104250600202
39.87240764499809,1,104250760201
31.798936504419487,1,104250760202
21.5161363730135,1,104250760401
21.314880120615673,0,104250960201
22.382048183554037,1,104260230201
21.91350093235532,0,104260280101
18.6999596157387,1,104260580201
12.719230495321348,0,104260620201
30.80588505943265,0,104270040201
30.73412881032415,0,104270090101
45.38623526416455,1,104270170101
1.5881895714832606,0,104270260101
20.772230346598185,0,104270300201
33.51892553442781,1,104270300202
28.61420094088828,1,104270340201
44.24205606630231,1,104270430201
24.47002562245364,0,104270740201
18.017811260290088,1,104270780201
10.501620621695988,0,104271050201
17.221155296845097,1,104271100101
34.20027635752387,1,104280120301
21.54310494130368,0,104280260201
25.931491165504724,1,104280310501
21.592203416123812,1,104280310801
40.02831499694367,1,104280410201
8.681548494805114,0,104280650201
25.328041393742478,0,104281090201
34.884883936063645,0,104281230201
14.284196803725019,0,104281290201
14.748694383272834,0,104290220201
27.2281450052535,0,104290290101
10.670797923028562,0,104291120201
23.149543511036207,0,104291190201
34.10336842318611,0,104291220101
14.797848893695809,1,104291250201
31.406161351954836,1,104291380201
37.75567299724611,1,104291380202
35.63183892105828,1,104300150201
26.259385873468194,1,104300170201
30.942788242744776,0,104300200101
30.190914568998714,0,104300200102
26.389724279576438,0,104300230201
33.53006051091374,0,104300390101
48.71769033837576,1,104300450101
39.006090267542696,0,104300450102
25.15829346540517,0,104300480101
16.397261581176895,0,104300500201
25.362892391279164,0,104300500202
26.099639697562907,0,104300540201
42.00071388357974,1,104300560201
45.65546454313468,1,104300560202
15.627202062421846,0,104300590201
27.120815932864918,1,104300590202
16.601198165527126,0,104300590203
25.556993581420006,1,104300640201
21.823871070326163,1,104300640202
32.87135476564658,0,104310090801
28.849725674297744,0,104310090802
40.27745035457957,1,104310180101
17.62072733968019,0,104310500201
25.66094697571747,1,104310500202
24.12664508510407,0,104310730201
26.245358342380925,0,104310730202
34.985264809920054,0,104310920201
33.561987740702385,0,104310920202
22.15255447634187,1,104311050201
20.962887772850067,0,104320030201
23.184504128494336,1,104320070101
27.104896130813522,1,104320090201
32.795061384032536,0,104320100201
27.761209444309472,0,104320100202
28.385323892006113,1,104320110201
22.79736202799605,0,104320170201
10.211817520203509,0,104320180201
8.092243940355852,1,104320190201
15.777646299123612,1,104320200401
39.994809737596555,0,104320240201
30.48915425538784,0,104320250201
27.902780948595236,0,104330030101
27.722672293299915,0,104330090201
26.84704083066604,0,104330100201
20.717911421563606,0,104330100202
21.353312345395683,1,104330120201
15.848752946133006,0,104330140101
18.787995609445055,1,104330140102
24.525262018851816,1,104330180201
16.200568394657502,1,104330200201
17.801709526477346,1,104330300201
6.237341118208148,0,104340040201
18.03489615012409,1,104340040202
19.875971709503276,1,104340060201
41.9738009019195,1,104340130201
29.364609856114853,1,104340290201
28.61043966802105,0,104340310201
18.476987885104958,0,104340310202
33.02501386715208,1,104340350101
39.81383686007658,1,104340380201
34.29192506067173,0,104340380202
40.86600527891622,1,104340560201
39.336442377423396,1,104340560202
34.16040545980896,0,104350030201
32.555665404650185,0,104350030202
13.584034761477964,0,104350060201
19.460841354979266,1,104350080201
40.91709027035878,1,104350100101
37.34555828215784,1,104350100102
26.374063622816355,1,104350150201
38.669290692776556,1,104350200201
25.521747591976574,0,104350290101
22.20355950930989,0,104350290102
46.74599649822634,0,104350300201
40.555867499726446,1,104360020201
35.31941337735606,0,104360020202
27.451038764318785,1,104360080601
51.057217937638875,1,104360120201
48.055974750603326,1,104360120202
33.22240174191676,1,104360180201
23.53496278307444,0,104360180202
29.865759707215826,1,104360200201
21.89563816337849,0,104360330201
24.98462846817512,0,104360350101
34.4127234454349,0,104360370201
32.268101890968,1,104360430201
50.98100175635674,0,104360450201
24.612917150497967,0,104360470301
29.431937330044203,0,104360470302
28.41023647975521,0,104360510201
37.308377539383564,0,104360510202
27.00968619645913,0,104370150201
46.98823557558461,1,104370150202
28.672902493195107,0,104370180201
41.51523037695603,0,104370210201
29.61534738475775,1,104370300201
26.288344684756513,0,104370300203
38.19609804373387,0,104370330201
39.664604092928066,1,104370390101
36.132963732797194,0,104370390102
48.55257858760695,1,104370430201
46.135441220419736,1,104370460201
46.273675320521555,1,104370520301
46.62980652453122,1,104370610101
38.961375534070356,0,104370610102
36.72036282522798,1,104370680201
43.516464140280526,0,104370680301
50.2044321101054,1,104370680302
29.17285888309275,0,104370740201
34.879253904019585,1,104370740202
50.79995676303562,1,104380060101
42.464258194495656,1,104380230101
27.424645645053516,0,104380270101
39.80402950573324,1,104380270102
22.80315754283213,1,104380370101
29.90341379192728,0,104380410201
20.841893055497838,0,104380440201
32.526861100595696,1,104380440202
32.737087023155496,1,104380480201
26.447613713745014,1,104380580201
37.02861919055895,0,104380610201
33.09346899991096,0,104380650201
38.25828367764477,1,104380680201
29.685493627264734,0,104380720101
57.62978816024916,1,104390030201
31.096055168566963,0,104390030202
31.912489310140767,1,104390140101
37.896760722766246,1,104390140102
18.44936556313214,0,104390180201
36.81214841048376,1,104390180202
34.731387365947086,0,104390260201
36.16139840824475,1,104390260202
39.02891799604646,1,104390380201
39.69221369862096,1,104390380202
21.009081583432195,0,104390650201
27.81405535197634,0,104390730201
25.9050196189556,0,104390810201
28.343175377915472,0,104390890201
30.07566806957362,1,104390890202
51.32698715981412,1,104390930101
27.22885283082767,0,104400020201
39.7619684711689,1,104400040201
39.20361068216197,1,104400170201
39.97035933382182,1,104400340201
32.35660664985139,0,104400370101
30.190301976493828,0,104400370102
22.304734360312413,1,104400390101
25.22856587030102,0,104400440101
45.09343379741098,1,104400490101
37.487807187323874,0,104400540101
26.039974187263315,1,104410170101
29.932983192941936,0,104410360201
35.369038082856726,1,104410560201
37.2562592405059,1,104410660101
48.72166299298598,0,104410700101
23.817703819289722,0,104420120101
22.73161088956058,1,104420120102
26.03793738960983,0,104420240101
34.77741631012894,1,104420550201
36.75805980716548,0,104420640201
34.46702385255096,0,104420640202
33.466980272082644,0,104420730101
36.62416552932493,1,104420730102
42.6725885547705,1,104420730103
39.2666602627985,1,104420760101
28.486546170192995,0,104430030201
34.026535167804916,0,104430030202
19.392969326504048,0,104430140201
23.035237034098383,0,104430140203
37.46307069828837,0,104430190201
46.630113293446854,0,104430250101
37.55335217403677,1,104430300101
22.023655258051043,0,104430520101
21.583659141210642,1,104430680201
32.6810388628787,1,104431000201
24.415278107991703,0,104431050201
27.60210520749664,0,104431160201
40.770439569401404,0,104431210201
55.869910326235114,0,104431270101
46.32644105706096,1,104440060101
22.882820228011507,0,104440070201
43.30526344363765,1,104440130201
34.891923394319505,1,104440150201
34.20121961170064,0,104440150202
25.35015044376424,0,104440180202
31.85393348236909,1,104450010201
24.933499225139755,0,104450010202
38.02903457433682,1,104450040201
41.1496249494248,1,104450040202
25.58529566324868,1,104450060201
32.92964577735398,1,104450170201
40.444180097215124,1,104450170202
45.46664365690137,1,104450190201
37.03866589810467,0,104450190202
31.70183183062636,1,104450220201
34.51990985434021,1,104450250101
39.46558567345955,1,104450300101
27.104444318191987,0,104450300102
40.46726990127592,1,104450350101
26.899408070149263,1,104450480201
17.687141001663417,0,104450480202
31.42414867180609,1,104450510101
23.15055509393,0,104450560201
46.485614085621656,0,104450620101
22.453709284186953,0,104450640201
22.773528547461833,0,104450640202
43.427905480800526,1,104460030101
32.72907996499779,1,104460030102
39.05764463949649,1,104460150101
28.592171687712106,1,104460220101
33.126689989668485,1,104460260101
41.63062592625216,1,104460330201
23.803016949168907,0,104460330202
44.38031956213406,0,104460400101
26.018989644642463,1,104460430101
28.815571759886662,0,104460470201
28.72047348455253,0,104460470202
40.8620104110744,1,104460500201
42.29440783120389,1,104460500202
27.029911712562516,0,104460520201
43.73282890539882,1,104460520202
23.556599181815308,0,104460570101
34.87815513139492,1,104470030201
31.49054061693532,1,104470030202
25.192962475621442,0,104470040201
35.91840035109145,0,104470040202
40.38016549604927,1,104470080101
50.875668339147865,1,104470100101
42.343896934673076,1,104470100102
39.43739762258642,1,104470120201
24.139174408217873,0,104470140101
17.016319900978427,0,104470140102
34.988692670706264,1,104470170101
27.41816860786276,0,104470210101
37.058659227152816,1,104470210102
39.12923656047699,1,104470230201
26.541552995103444,0,104470260101
24.008460517392724,0,104470260102
32.81388910862767,1,104470280101
27.818012325745567,1,104470300201
23.46924080729488,0,104470300202
24.347644227211415,0,104470320101
33.07522013171041,1,104470320102
30.603977689866532,1,104470340101
34.0323829818543,1,104470360101
37.45493223499244,0,104470370201
32.93341527845874,1,104470390101
16.42735199052448,0,104470450201
17.792706635683444,0,104470450202
47.581965129041194,1,104480010201
34.86364605842806,1,104480060101
28.175354259703404,1,104480110201
28.967509475515776,0,104480110202
17.320925094435086,1,104480160201
21.123854394391905,0,104480160202
24.517346028411602,1,104480180201
17.193135084647928,0,104480180202
18.86584379881065,1,104480200201
43.424050476083885,0,104480320101
32.3243484204725,1,104480390201
47.15520481754007,0,104490220101
28.08535173925751,1,104490310201
35.456805790264326,1,104490490101
31.39307370850405,0,104490580201
36.24781689281268,1,104490670201
41.087012912697126,1,104490710101
29.46681280430761,1,104490710102
31.603045059887968,0,104490710103
25.964953092816145,0,104490760101
36.830022322399095,1,104490930201
34.7818483720474,0,104490980201
34.51380246526445,0,104490980202
26.046554767899636,0,104500140201
41.51682073983166,1,104500180201
40.19616566993792,0,104500180202
22.88309244878276,0,104500220201
42.34518958029735,1,104500300101
31.499266418064945,0,104500540101
32.09015507872813,0,104500580201
36.44054144783983,1,104500620201
27.233146404310915,0,104500660201
42.39512649797374,1,104500660202
35.708856181769214,0,104500700101
29.784774091966014,0,104500700102
36.9810249324925,1,104500740201
38.892341298184746,1,104500740202
19.855557706057276,0,104500780101
25.532375673773466,1,104500780102
22.697351876260377,0,104500860201
53.28816636986605,0,104510030101
25.833931120759317,0,104510090201
34.09298208954175,1,104510120201
46.1410273955298,1,104510150101
24.18694127164202,0,104510190201
28.99442065165606,1,104510190202
31.901598757567584,0,104510190203
34.83918908787311,0,104510220101
26.27412885286931,0,104510220102
34.8419599563635,0,104510280201
26.172302191333525,0,104510280202
27.111885030376587,0,104510310101
26.733191983438783,0,104510310102
48.79096321086385,1,104510370201
19.073638541991286,1,104510400201
12.189080930144968,0,104510440101
8.966476594645592,0,104510440102
26.44153199170529,0,104510470201
35.58741316166745,1,104510530201
31.589082091285437,0,104510620101
38.74057062236524,1,104510620102
29.69719797032682,1,104510650201
13.692902541604644,1,104510720201
36.10784230283798,0,104510750101
37.40597701211,1,104510780101
36.86160242717872,1,104520110101
28.547699585443667,0,104520190301
31.117586472924238,0,104520320101
39.30854234841582,1,104520320103
25.380094630876297,1,104520420201
58.51785256123798,1,104520440201
64.30932731721674,1,104520440202
21.543992808453496,0,104520540201
39.446197189911736,1,104530040201
36.46819210198713,1,104530040202
36.852641858474406,1,104530050201
39.43671050532407,1,104530160201
31.020832947456675,1,104530200501
36.026151490125386,1,104530280201
40.39205536870854,1,104530310201
18.29733934807273,1,104540040201
29.152948244141097,1,104540070201
30.462640480772407,0,104540070202
32.66328583175986,1,104540070203
34.11258051345634,1,104540150101
29.821760149915978,1,104540150102
25.933409830194048,1,104540210201
19.449452405667405,1,104540210202
37.24033136127256,1,104540261301
15.413274701539747,0,104540490101
26.216850262723103,0,104540570201
28.271539079103107,0,104540570202
23.72076189802903,0,104540600201
14.236869248040271,0,104550030101
18.5430366417512,0,104550030102
25.468372090657653,0,104550080201
33.71284320320477,1,104550090201
36.73702520876266,1,104550090202
32.252808424840374,0,104550090203
31.28657945023942,1,104550120201
37.808832970860635,0,104550160201
14.253878502904515,1,104560170101
45.53441996312993,1,104560200201
26.319552552206293,1,104560220201
30.89814186056848,1,104560480101
37.459541223294224,1,104570080201
25.448738495941278,1,104570180101
22.234422234468454,1,104570180102
33.62704427315635,0,104570390201
29.894543706865193,0,104570390202
42.271631800179776,0,104570440101
40.08095008956039,1,104570540201
29.487175916812724,0,104570540202
35.60384539148802,0,104571000101
27.065106041937074,1,104571050401
28.3017963862313,0,104580140201
33.840475228862914,1,104580140202
38.55053652034466,0,104580180101
44.07122035505873,0,104580230101
39.14053885996795,1,104580370201
29.32315357666663,0,104580370203
41.83244856050281,1,104580420201
43.753404985115296,1,104580420202
27.04067161156808,0,104580490101
25.278019139877102,0,104580490102
9.948712406022409,1,104580540101
32.887743126337725,1,104580560201
23.7092254590889,0,104580590101
34.14900465087581,1,104580590102
44.80666538426807,1,104590010201
48.208789659329014,0,104590040101
58.70362345566069,1,104590040102
19.73866375781316,0,104590040201
28.203143293247585,1,104590040202
19.043758359217687,0,104590050201
33.09221890592129,1,104590050202
26.4414894305947,0,104590150201
28.86515597867132,1,104590170201
20.93057596580905,0,104590170202
31.256218786044343,1,104590180201
29.43497854880741,1,104590180202
35.86245124369297,1,104590200101
45.341775715301914,0,104590210201
31.105238538967246,0,104600040201
36.01930299983954,1,104600040202
38.49496235776649,1,104600060201
25.234225113555915,0,104600060202
21.386796545165282,0,104600060203
27.397048077964847,1,104600090201
17.118733750892076,0,104600090202
20.134959984271752,0,104600110201
27.163727501973785,0,104600210201
26.84110099587104,0,104600210202
24.439547285781394,0,104600250101
33.63988621903759,0,104600250102
40.87727990445653,1,104600300201
48.81916917057889,0,104610480101
40.804908763127365,1,104610870201
19.87176903331418,0,104610930201
21.051024512302984,1,104620150201
18.022209559899842,0,104620150202
43.96600078795683,1,104620170201
33.97197397621453,0,104620170202
34.31278084639268,1,104620220201
32.31432558733117,0,104620220202
44.43649742459243,0,104620240201
19.514464997105527,0,104620290201
17.06522425919643,0,104620290202
28.385990976750758,1,104620310201
33.181191539394696,1,104620310202
32.47171462964249,0,104620330201
45.86244338338754,1,104620360101
23.729881424908218,0,104620380201
22.45287928942988,1,104620380202
35.39950487509667,1,104620400201
28.883382033513282,0,104620450201
30.54528615592876,1,104620450202
34.68881411466418,0,104620500202
34.839487521631106,0,104620520201
43.24683595829785,1,104620520202
35.031720207924614,1,104620540201
35.17153765115159,1,104620540202
36.20617892771959,1,104620540203
30.2227959113903,0,104620570201
35.81524702294783,1,104620570202
53.861455839642886,1,104630120201
53.76103533203106,1,104630120202
35.23924164329037,1,104630150201
26.900068029356223,1,104630390601
12.104010813494408,0,104630390602
40.81782696497738,1,104630420201
29.79200500141797,0,104630420202
31.668452246992963,0,104630520101
33.534315052203915,1,104630610101
32.56752596458069,1,104630670101
21.975039334716367,1,104630760201
24.306849457066253,0,104630760203
21.046753592593095,0,104630830101
22.246467662458834,0,104630900201
19.713712637876046,0,104630900202
16.9712021791197,1,104640070101
22.287631634445678,1,104640070102
15.031206850484239,1,104640100101
31.0601738946122,1,104640120201
30.48189909551832,1,104640120202
11.238064547776498,0,104640170201
30.870664759699803,1,104640230101
49.60376020669792,1,104640280201
23.820360557162502,0,104640280302
33.43181658392308,1,104640430101
38.69524353847754,1,104640430102
22.69736678669621,0,104640430103
34.413082182642896,0,104640730101
30.80341608474929,1,104640730601
15.70304211097006,0,104640760201
31.74862496773123,1,104650090201
29.609960215771295,0,104650110101
42.08073030662096,1,104650110102
32.14297588275387,1,104650170101
38.38419730843001,0,104650210101
18.325544124908923,1,104650210201
26.062591284023043,0,104650230201
33.0398610199749,1,104650230202
28.582792159018545,0,104650260101
22.168787084096166,0,104650260102
27.842404623460997,1,104650290201
20.13064150041229,0,104650450101
25.401914585767216,1,104650620101
29.64389331038299,1,104650620102
30.213628416871252,1,104650730201
13.334068152954522,0,104650760101
15.831976209536856,1,104660060101
32.68409681761078,1,104660260201
22.286201284385776,1,104660290101
23.6784886668513,1,104660390101
18.733368694252007,1,104660420201
24.976075044453243,1,104660480201
9.711640446662024,0,104660540101
26.23695666413412,1,104660600201
19.708370701368878,1,104660760101
2.914738583780802,1,104670170301
13.731789199645014,0,104670210201
16.837460454618252,0,104670280101
26.146562309228813,0,104670310101
27.784935326829384,1,104670440201
22.52675217503421,0,104670440202
23.936785700623247,0,104680320101
27.083034966481776,1,104680390201
20.708256353531524,1,104681020101
36.92407564810319,1,104681280101
22.420058385188717,1,104690200101
24.88491692299085,1,104690280101
17.275174698164193,0,104690390101
36.60378940498448,1,104690580201
41.15020753394473,0,104690620101
32.79425544843942,1,104690660201
37.07435643412727,1,104690660202
30.37272754752813,0,104690730201
15.369766321968555,0,104690780201
25.914634330930443,1,104690810201
16.40392930078421,0,104690920201
30.30809180207674,0,104690950101
33.899607944326576,1,104690950102
27.171180200292355,0,104690990101
21.615247518982486,0,104700180201
14.368369757479517,0,104700180202
36.544443285259376,1,104700310201
37.63957687176786,1,104700310202
36.081910288268745,0,104700360201
30.868542378451725,1,104700360202
35.04107076374938,0,104700400101
9.820147664970925,0,104700690201
20.74920053692175,1,104700730201
19.82447376606512,1,104700730202
18.80807233682063,1,104700770201
21.367561152750714,1,104700850201
26.730610478842376,0,104700890101
35.61911316345454,1,104700890102
20.37404325525355,1,104700970101
18.661081426680695,1,104701040101
24.600580432685085,1,104701040102
27.74174086521594,1,104710060201
41.120775360057586,1,104710110201
25.746572333927894,0,104710130201
34.67405525829314,1,104710130202
34.41035785511212,1,104710160101
14.006788743934274,1,104710240401
16.162163812955843,0,104710320101
38.82795168517167,1,104710420201
11.713958755683915,0,104710500201
11.54884716642754,0,104710500202
26.85958252192073,0,104710560101
39.130389098360766,0,104710560102
34.5051880224805,1,104710690201
38.078503957990605,0,104710690202
35.37044986601984,1,104710760201
27.47819513432974,1,104710760202
27.23045005731277,0,104720190201
24.450017394142563,0,104720190202
35.85125092767268,1,104720230101
56.510112434668144,0,104720360201
45.58837735831217,0,104720360202
37.63490300527684,0,104720450201
13.001555993375447,0,104720490101
42.51712305301372,0,104720530201
38.00088611898299,0,104720530202
33.85890924649057,0,104720710201
36.464746624148155,0,104720760201
29.995353175319206,1,104720920101
21.165982887464267,0,104720920102
26.131526983323734,1,104721020201
30.761402469593328,0,104721060101
34.253738256276286,0,104721060102
43.211816705356746,0,104730100201
23.629235198598316,0,104730170101
30.668047883194493,0,104730250201
33.841346993341574,0,104730250202
36.55103483345678,1,104730310101
22.20531597059342,0,104730470301
31.99278390142637,1,104730610201
21.90001289363649,0,104730610202
37.43170382607935,1,104730720101
29.57032817452572,1,104730780101
36.03677272348059,0,104730880101
33.18913950051561,0,104730880102
14.41162991444202,1,104740050201
25.061943059402374,0,104740350201
30.82949042066289,1,104740540101
34.48287035480055,0,104740830301
31.49923632609859,0,104740830302
20.81811088758155,1,104740890201
30.480712198076965,0,104741320101
22.39696013900204,1,104741530101
26.33611267824883,0,104741610201
24.14571940950955,0,104750010201
26.9469365917443,0,104750010202
25.83112489626524,1,104750040101
41.57634541582789,0,104750110201
23.819645723397443,1,104750140501
18.918165972358217,0,104750180101
19.970130441886553,1,104750180102
31.8589394612952,1,104750240101
14.536410078824378,1,104750320101
21.76963515145709,1,104750380201
18.58065081912722,1,104750510201
26.42733286206665,0,104750700101
37.75472377700083,0,104750800101
58.65338612760248,1,104750830201
32.627157132995606,1,104760120201
27.66992221758061,1,104760170201
18.482474946380876,1,104760170202
20.994430463723262,0,104760200201
36.44005692917675,1,104760200202
35.308742724804475,1,104760220201
36.950904653071206,0,104760300101
37.873211370183206,1,104760300102
17.98824019617832,1,104760540201
31.491598789714384,1,104760580201
23.19777265332783,1,104760580202
28.569084177642527,0,104760580203
45.68933249042401,0,104760660201
27.144241891083325,1,104760790101
20.042060529392717,1,104760790102
20.063194423768554,0,104760820202
34.493314739172256,0,104770020201
36.31765661298194,0,104770020202
30.128361113875492,1,104770100101
34.877883786998,1,104770120101
37.871173194163745,0,104770120102
36.41910231248546,1,104770120103
34.71705050484838,1,104770160201
25.58378829931572,0,104770160202
35.39888954955515,1,104770240201
40.10763042365594,1,104770240202
41.62488349236027,0,104770270101
50.176642992926695,0,104770270102
37.84575982653106,1,104770290101
32.790960519835565,0,104770290102
37.598766100674844,1,104770290103
44.70242059681919,1,104770350201
36.048954329722044,1,104770400101
41.93734136519562,1,104770450202
28.07973761734589,0,104770480101
32.7949551217709,1,104770480102
42.78411393359798,1,104770510101
27.731883147055374,0,104770580101
25.841208652649804,0,104770580102
30.511346936768312,0,104770610201
31.357927569543932,1,104770610202
27.339740611126306,1,104770640101
35.64486598890203,1,104770660201
33.18686564135589,1,104770660202
17.622209750716937,0,104770690101
30.13518936857737,1,104780030101
21.562240697532975,0,104780030102
25.18563695968074,1,104780140201
27.32595965934264,0,104780220201
40.533659290867945,1,104780260201
24.199302218359946,0,104780300201
37.860989468570224,0,104780320101
50.24486089878736,1,104780380101
47.69349462312242,0,104780380102
42.85766674694816,0,104780380103
16.572349585238186,1,104780430401
20.274457680830242,0,104780500201
48.33098196758934,1,104790030101
55.40118625700545,1,104790030102
32.55850171605063,0,104790060101
40.738671265866635,1,104790090101
31.06384365025972,1,104790090102
41.11816586086031,1,104790110201
24.883541071976936,0,104790110202
32.08162531417262,0,104790140201
38.21359704081049,0,104790180101
53.098097031191855,1,104790180102
38.801720052198775,1,104790210201
30.530309947567513,1,104790210202
24.568257795071677,0,104790240101
27.77429370300038,1,104790240102
30.465454369661057,0,104790250201
43.83117526675198,1,104790280201
33.46507669844718,1,104790290201
32.173272472867644,1,104790290202
23.160899364345777,1,104790310201
37.81733891694563,1,104790350101
22.862910934990733,0,104790370101
37.36599028819201,1,104790370102
45.2182495482048,0,104790390201
41.634804460563196,0,104800020201
33.34976635779342,1,104800080201
44.04411698638362,1,104800140101
29.705888076364385,0,104800140102
39.51148847753081,1,104800140103
42.35127441808705,1,104800160101
44.49779000465539,1,104800210101
43.07557923568396,1,104800210102
28.85392936987933,0,104800240201
23.104427446167946,0,104800240202
38.6946896069161,0,104800300201
38.722571728653264,0,104800350101
31.076509940944,1,104800390201
42.81239949965595,1,104810010201
31.47968051664017,1,104810060201
29.647222543848795,0,104810060202
22.055612115936114,0,104810100201
24.4284615844682,1,104810100202
21.766416927851864,1,104810130301
30.68324357153171,0,104810150201
38.42968668903639,0,104810150202
29.14917493027281,0,104810200201
33.151856964267736,1,104810200202
55.45201072244299,1,104810220201
47.957258172893034,1,104810280201
51.01324728384785,1,104810280202
23.002359579655916,0,104810440201
14.646951129312585,0,104810440202
24.972928339604803,1,104810510101
26.396238383715165,0,104810510102
20.014754708173253,1,104820010201
25.08052009160838,1,104820010202
50.31002917948293,1,104820060201
37.81790534431042,1,104820090101
43.69232129856927,1,104820090102
32.353368810175084,1,104820110201
25.981284004238656,0,104820110202
35.69633530154479,1,104820140201
32.79151473765035,0,104820230201
45.52114312016882,1,104820310201
28.457350113238714,0,104820420201
43.08714526297102,1,104820420202
31.86086934491043,0,104820470201
27.68025103461855,0,104820470202
34.02244925884238,1,104820520101
29.801979517156084,0,104820580101
30.49067653824783,1,104820620101
28.77914172556629,1,104830050201
30.73238678250302,1,104830080201
24.69867344142578,1,104830080202
25.10258634160654,0,104830190301
13.147905300431292,0,104830370201
24.890656752392108,0,104830410201
36.8238267963976,1,104830410202
26.253747867782607,0,104830590201
38.40460234581995,0,104830690201
30.531127035310792,0,104830730101
27.0724180923654,0,104830730102
21.974926300623792,0,104830770301
21.72096787182511,1,104830800101
22.63403995108536,1,104830800102
16.82109390346994,0,104830800103
38.75738732359234,1,104830870201
38.8711991915915,1,104840020201
33.10656454407031,0,104840020202
44.75284151388314,0,104840050201
49.250480012908604,1,104840050202
39.55022100156732,0,104840110201
54.02748033665911,1,104840170201
54.863100089595,1,104840170202
39.80916960607243,0,104840230201
44.69793681997668,0,104840290201
26.86718887450984,0,104840320102
23.934135840098207,0,104840380201
23.9348732914602,0,104840380202
35.67543094364197,1,104840470101
29.117485418323785,1,104840470102
44.24182473661931,1,104840610201
27.863895032593728,1,104840670201
34.99968549452439,1,104850050201
34.63617260792059,0,104850070101
43.970248717781,1,104850070102
19.62692008227411,0,104850090201
24.829388060158013,1,104850090202
37.065177541478086,1,104850130201
29.174085723014965,0,104850130202
36.44232522841703,1,104850150201
37.38663841002473,1,104850150202
35.61569002447606,0,104850180201
37.03742261796158,0,104850180202
32.636993420674,1,104850260101
36.969945779237776,1,104850330101
26.56269559890792,1,104850330102
16.435866055956705,0,104850350201
45.70365725116931,1,104850400201
27.993095897419604,0,104850420201
23.115496807264655,0,104850420202
25.563438050240105,0,104850440201
26.74116346276075,1,104860040201
25.988021100737317,1,104860040202
32.48881708522106,1,104860100101
29.16825415434327,1,104860140201
19.836509413143865,0,104860140202
51.77902396338349,0,104860170201
47.01010695063418,1,104860210101
31.742464368002434,1,104860300101
22.35382779526603,0,104860460201
23.734685011624546,1,104860490202
30.966432383855647,0,104860570201
15.19877035757109,0,104860600201
22.692492511884215,0,104860600202
21.769990225567565,0,104860640201
36.47801880580245,0,104870030101
48.0086762230253,1,104870100201
22.371130662059368,0,104870140201
26.20130979274287,0,104870170101
20.83261935376224,0,104870310201
27.979411219095283,1,104870310202
26.56443450178354,0,104870310203
34.718414329521416,1,104870350201
34.409829224403786,0,104870350202
35.88222316348482,0,104870350203
38.039185760874204,0,104870440201
34.805078821435536,0,104870440202
47.30670004601739,1,104870470201
29.865298123785347,1,104870510201
32.394258782490645,0,104870510202
30.68561760121929,1,104870510203
41.429426795886165,1,104870560201
31.49554397093451,0,104870560203
32.819603699537154,1,104890040201
41.7827831370737,1,104890040202
37.88546005363887,0,104890090201
26.331611215430634,1,104890140201
31.867414055639617,1,104890140202
50.15364089133247,0,104890260201
37.59615375695449,0,104890330101
53.354403897681124,1,104890530201
17.2662098361819,0,104890650201
28.91432189142086,1,104890650202
38.4334029833194,1,104890720201
51.93943156290779,0,104890830101
32.447058971078995,0,104890950101
29.226190653016882,0,104890950102
30.176383628711033,0,104891070201
39.15816010719915,1,104891120201
30.519103290003383,1,104891120202
34.838351018035006,1,104891120203
34.87104720235467,1,104900390201
25.905425609705,0,104900390202
30.465197531034807,1,104900460201
40.41620425840932,1,104900460202
37.60625291070228,1,104900510201
26.579045879331964,0,104900690201
23.853030312878918,0,104900760201
28.43210082800524,0,104900890101
12.050778106858436,1,104901040101
20.573781041841382,0,104901240201
25.10075845525889,0,104901300102
39.93411038721304,1,104910070201
42.53459820456672,1,104910151001
25.43084240691547,0,104910190201
44.168690293747574,1,104910220201
45.208710207017084,1,104910270201
44.47220724097282,1,104910270202
12.414996852554749,0,104910460201
37.21419585417117,0,104910500101
42.68261276657887,1,104910530201
27.20221214920107,0,104910530202
36.363583722550274,1,104910560101
34.44814617695307,0,104910560102
27.6193128522515,1,104910700101
32.3753791198275,1,104910700102
53.95215969281,1,104910740101
28.669801797196193,0,104910810201
40.4236736415522,1,104910830201
33.0698090840917,1,104920010201
19.213232812673297,0,104920010202
27.247943346045435,1,104920070201
29.798298222538342,1,104920070202
43.90663295633524,1,104920100101
39.54200220298611,0,104920100102
56.50130416069518,1,104920210101
32.90893515801906,1,104920340201
27.310846076620837,0,104920340202
20.083274099730655,0,104920360201
24.066628798818062,1,104920360202
21.365569204387047,0,104920520201
23.131862856847704,1,104920520202
49.02898819674192,1,104920550101
41.328080851862815,0,104920620601
20.45307159803902,0,104920670201
40.47828515397896,0,104920710201
28.63062720161226,0,104930090201
30.05220945400771,1,104930090202
36.30499881125313,0,104930170101
31.722085577214134,0,104930230101
35.406879440315834,0,104930250201
18.671491336909924,0,104930280101
31.266323221115464,0,104930370201
17.409938449524205,0,104930400201
34.18690070358239,0,104930420201
28.686231616346955,0,104930420202
26.974605629149746,0,104930420203
43.2806899460935,1,104930530201
45.17055679154805,0,104930560201
20.861038501938967,1,104930730201
15.963542081162894,1,104930730202
33.811148676337154,1,104940070201
27.50224623978947,1,104940070202
39.75680521453668,1,104940110101
39.00099978984709,0,104940150201
32.04870246935927,0,104940180202
52.432153272480924,1,104940220201
27.943447617734265,0,104940320201
21.2604509777213,0,104940360201
28.144707519800267,0,104940490201
30.687525367366174,0,104940500101
37.844095090048754,0,104950150101
26.308379969491437,0,104950480201
22.74003469058941,1,104950710201
21.634856676168837,0,104950820201
28.325505150022497,0,104950880101
16.552780984394428,1,104951160201
16.134765919871846,0,104951160202
15.063751857511157,0,104951340301
17.595577407435226,1,104951340302
29.95549411273855,0,104960480201
26.820908341354706,1,104970140201
9.438291896984996,0,104970540301
23.29019041657837,1,104970750201
24.61668479015234,1,104970950201
26.775941420728156,1,104980050201
28.02574280207835,0,104980090201
44.2854548932856,0,104980170201
12.04551431575741,0,104980510201
11.528881513139934,0,104980550201
20.4030606170143,1,104980550202
26.807535287923507,1,104980960201
20.490777820821886,0,104981000201
29.271921427328135,1,104990020101
33.820957776452516,1,104990100201
30.70684882839168,1,104990390101
39.85195667411061,1,104990480201
31.990994073856587,1,104990480301
34.57683998404798,1,104990570201
20.25537453615135,1,104990680201
10.466210297397694,0,104990680202
13.052910619347397,0,104990710101
34.95347658831527,1,105000140201
29.194171061856025,0,105000220201
19.102210742013856,1,105000290101
14.161109326831411,0,105000370101
16.244316449725854,0,105000370102
21.864231608228586,0,105000560201
43.31608253653829,1,105000640201
18.903489957226338,1,105010130201
18.788235171990564,0,105010290201
23.542273848027786,1,105010500101
41.94823520354044,1,105010830201
32.77102634348751,0,105010960201
18.66140773751446,0,105011040401
42.57542121586938,1,105020100201
24.716594684234884,0,105020140201
29.443048962517913,0,105020370201
21.591121876876535,0,105020440201
22.57537473789329,0,105020440202
22.673568761560503,0,105020640201
21.37214435774036,0,105020790201
27.36267572106574,0,105020870101
22.398299693622114,1,105020940201
19.144176242851245,0,105030180101
20.133807124918548,1,105030200201
22.00344992301157,1,105030220101
37.05208251017152,0,105030240201
42.11773767863127,1,105030240202
30.19490026078956,0,105030350201
40.32041152831284,1,105030440201
25.383467715617165,0,105040050201
17.5789928290019,1,105040090201
22.991263038777543,1,105040140201
19.988390763925864,0,105040270201
26.158107251261974,0,105040320201
23.520030899144484,0,105040430201
24.238776274612572,0,105040430202
39.008997473507705,1,105040470201
7.240041797809678,1,105050270201
16.024208140188087,1,105050380201
26.366917459672,1,105050580201
31.48752575994618,1,105050660201
28.7371297715162,1,105050770201
20.427459648570625,1,105050890201
37.12218722708347,1,105060030101
19.598624397323306,1,105060030201
27.193838934264296,0,105060080201
23.452742977457703,1,105060580101
21.594302906210597,1,105070130201
32.17715277156448,1,105070170201
29.38116743406219,0,105070240301
35.12708772789091,1,105070280201
6.4261050842305645,1,105070510101
13.366679442119944,0,105070780201
12.74079923644883,0,105070780202
27.507227322486738,1,105080040201
19.634052824446492,0,105080400201
17.21255819279785,0,105080400202
13.956166423582557,0,105080400801
20.2456617576075,0,105081070201
20.236701371972806,0,105081070202
3.1694353643991766,0,105081110201
32.340962188339134,1,105090240201
15.27533624627846,0,105090300201
22.553707839232572,1,105090450201
23.968002327367675,0,105090610201
24.602460710536505,1,105100150201
26.216531947057213,1,105100170201
14.539989208949626,0,105100220201
16.593418282448916,0,105100270201
18.050037127483765,0,105100340101
29.99063548140598,1,105100470201
21.064847308824447,1,105100540201
22.842376816176447,0,105100570201
25.48012928056344,0,105110130201
32.850908293061416,1,105110170201
21.66224627486453,1,105110400201
17.669354156786472,0,105110510201
20.271038161026937,1,105110940201
36.41406927587346,1,105120010201
23.076852969942358,1,105120080201
33.37426447276454,1,105120230201
15.72245454659144,0,105120300201
14.12546795362789,1,105120620301
16.90757190141499,1,105120650201
34.58653796333286,0,105130040201
27.379369418165652,0,105130250201
32.765689764208055,1,105130360201
18.256373670103052,0,105130400201
13.243149568957932,0,105130870401
21.604151697670304,1,105140270201
41.521461409429975,1,105140560201
26.177662845355815,1,105140630101
18.371016976991225,0,105140630102
28.557243092870483,0,105140670201
31.35134957811616,1,105140700201
34.92031632624192,0,105140700202
27.2857163846583,1,105150060201
32.06747319389285,1,105150140101
35.39031600232775,0,105150160201
36.02209617382123,0,105150160203
25.125551629138517,0,105150190201
31.632489321491793,0,105150240202
16.086175693805462,1,105150470201
35.40246940645522,0,105150490201
37.82189859010255,0,105160130201
46.79215127172887,1,105160180201
36.05715729571493,1,105160180202
30.84134296727479,0,105160240201
43.110370431099334,1,105160240202
29.4042476491161,0,105160270201
30.30771948568816,0,105160320201
29.435177476744553,0,105160350201
19.29074790193059,1,105160400201
45.44861288918195,1,105160450201
49.15906479413053,1,105160480201
48.70916214486942,1,105160480202
21.65503173779158,1,105160510301
29.667208668229932,1,105160510302
19.5689720407318,1,105160510401
41.707107359621546,1,105160560101
24.241996366188857,0,105170070201
26.589161935857668,1,105170100201
30.716028266490056,0,105170140201
15.46972594136679,1,105170170201
24.661703621396303,1,105170280201
39.049442736141366,1,105170420201
29.668007146521052,1,105170490201
40.913512841529716,1,105170560201
10.604050147610032,0,105170560301
24.069261408950663,1,105170590201
27.46567414236139,1,105170730201
17.15842534461621,0,105170810201
33.25377476956384,0,105180010201
35.89077517387736,0,105180050201
39.493657784685205,1,105180050202
22.00575734983295,0,105180200201
30.12815871113356,0,105180540201
41.05795892055273,1,105180580201
14.666617425739481,0,105180660201
23.89193339202666,1,105180770201
17.596138017193347,1,105180810201
18.471835782527,0,105180920201
10.952359850853364,0,105190130201
39.85915686140386,1,105190170201
15.205754443155588,1,105190210201
24.72362711364467,1,105190210202
35.04850563198613,1,105190430201
48.632603379476805,1,105190520201
31.743015415263656,0,105190560201
23.053184547487636,0,105190600201
10.974235866880576,0,105190650201
11.389292685977015,0,105190820301
20.755170347853888,1,105190820401
27.25970655579425,1,105191000201
12.404580410821119,0,105191080201
18.531186736560997,0,105200040201
28.438759547287383,1,105200200201
19.727028121972147,1,105200330201
24.437882516441526,1,105200330202
18.813950844515034,1,105200400201
32.07503911938571,1,105200490201
35.880597959931414,1,105200620201
19.872338460323007,1,105200750201
50.999615825181756,1,105210120201
30.987657887848442,1,105210350201
37.18390444862564,0,105210460201
34.759227014415444,1,105210740201
18.287133368363175,0,105210860201
30.53646990905392,0,105211030201
35.01659787118433,1,105211140201
23.59323145724288,0,105211200201
30.095545264735602,0,105211250201
35.51738852516232,1,105211370201
19.67763380726688,0,105220040201
24.738028264616553,1,105220100201
25.978062781321857,1,105220160201
26.543019782044347,1,105220220201
16.743268401940554,0,105220440201
22.081399623345508,0,105230030201
36.84610004167409,1,105230080201
15.584241658450102,0,105230250301
33.705654014456734,1,105230330201
32.36874640707949,1,105230330202
40.05078705008015,1,105230460201
18.68649062244141,1,105230760501
36.12959893544863,1,105230850201
23.010486924856195,0,105230980201
33.67679970335617,1,105231060201
19.70971965679365,0,105240080101
20.76267107589298,1,105240080102
27.897919549824614,1,105240190201
21.097186580815713,1,105240300201
20.582090480931278,0,105240410101
37.296030083524116,0,105240850201
21.775444657024373,1,105240910301
29.33087901696086,1,105241070101
44.036907376272,1,105241290201
14.336132464321288,0,105241350201
12.12405092683411,0,105241350202
32.20744350500436,1,105250130101
14.198750764958968,1,105250200201
17.177861703597845,0,105250560201
26.859176863050116,1,105250560202
19.936333508148916,1,105250590201
32.17944608686509,1,105250790201
36.83338460932247,0,105250820101
24.97606217678194,1,105260010201
31.778985150090673,1,105260170201
26.84354242096963,0,105260210201
30.383568955477028,1,105260210202
30.13913484269438,0,105260290201
25.68096311567145,1,105260330101
30.179029047123404,1,105260380201
26.739284307454998,0,105260460201
26.045682871152092,1,105260540301
24.106000534342577,0,105260580201
17.422681860480626,1,105260820201
18.859246339396474,0,105260860201
18.404526455392066,1,105260910201
19.267031287521316,0,105270080201
18.56080020616964,0,105270670201
15.40553816014703,0,105270720301
19.94325970575071,1,105270970201
26.347883489280353,0,105280040201
19.64768094297293,0,105280070201
22.208568320383723,0,105280230101
32.38532903947126,1,105280290201
27.752093523339138,1,105280350101
46.6886637482643,0,105280410201
47.97093564996025,1,105280410202
20.228063433584566,1,105280410301
22.740619489478334,1,105290220201
23.30350071402228,1,105290260201
12.820517419806453,0,105290340201
21.826794343670993,0,105290380201
38.335021734642055,1,105300010101
49.94446101473749,1,105300200201
49.35675534726141,1,105300200202
46.49664339418058,1,105300200203
28.906429897714116,1,105300360201
26.997644623853724,1,105300360202
21.938070391509648,0,105300400201
24.947743343593082,0,105300440101
26.10098705309593,0,105300440102
26.250521034766464,0,105310100201
26.246692764908644,1,105310140101
15.411434998283744,1,105310140102
23.921161330785665,1,105310210201
28.87230763584393,1,105310210202
24.71098853837718,0,105310370201
23.51269907013845,1,105310480201
18.111806255674523,1,105310560501
3.5752142504081865,0,105310670201
14.801095373424822,0,105310710201
23.454399992058313,1,105320090201
13.013945267574124,0,105320130301
14.799839224589658,0,105320450201
10.436436431957011,0,105321030201
27.272456915251468,1,105330090101
26.71783060954757,0,105330210101
48.158914112528294,1,105330320101
13.69860128384622,0,105330410201
33.00484681444871,1,105330590201
20.4894826515423,0,105340300201
24.817458069429293,0,105340410301
24.921254556173032,1,105350020201
27.235638367337852,0,105350080101
37.17958761372682,1,105350140201
28.180232312776297,1,105350170201
38.77649517245942,1,105350610101
14.52599636790636,0,105360030201
27.814843050374332,0,105360640201
13.723195951294677,0,105360820101
11.210387121695256,1,105360820102
12.510803939160935,1,105370030201
45.9180517145868,1,105370270201
37.99343561496926,0,105370380201
17.950216872964635,1,105370510501
16.205964466350586,0,105370600201
12.945655360931116,0,105371080201
31.20738078499141,1,105380080201
34.18497873751402,0,105380130401
31.82736491779694,1,105380130402
21.645507981445448,1,105380230201
8.67418449707746,0,105380230202
31.20023481658255,1,105380390101
40.951303657502606,1,105380810201
15.088072785630466,0,105380980201
19.613178451082582,0,105381100101
18.039825547582197,0,105381330201
23.73220284703236,0,105381330202
29.74180731465687,0,105390020201
44.05921343327911,0,105390130201
47.50918284711072,0,105390130202
47.133082982506984,1,105390260201
20.009660979200365,1,105390380201
22.381147009136928,1,105390380202
34.421207968831816,1,105390430201
34.7558970344657,1,105390600201
18.89132319026439,0,105390720101
17.987010596785275,0,105390940201
32.84671952040214,1,105391170201
30.8284381701788,0,105391240101
33.49969034989542,0,105400320101
27.691555831440997,0,105400380101
29.46806954656447,0,105400440201
29.063475300286605,1,105400490201
23.900790742863165,1,105400900201
25.27897881426468,0,105400950101
22.484133952660958,0,105401410201
40.860179188649184,1,105410110101
19.932011756543943,1,105410140101
23.986841962279833,0,105410230101
26.55819077898139,0,105410280101
30.19908866461998,1,105410530201
8.756742506265157,0,105410610201
19.040765023627362,0,105410770201
29.55866264040774,1,105420330101
19.298064845920994,0,105420490101
25.56137957033645,0,105420580201
14.73125918868815,0,105420620201
23.901635635554648,0,105420700201
49.22089152733845,1,105430330201
15.633494584182557,0,105430390201
18.267932273194905,0,105430420201
50.16209294748376,1,105430590201
42.784754397942734,0,105430670101
20.41600049989047,1,105430750201
23.03797971396959,0,105440100101
42.0744449600308,1,105440210201
33.81941852277301,1,105440230201
14.385070630307865,1,105440310201
23.446177206880474,0,105440340101
36.19842892304374,1,105440420101
43.278094893054444,1,105440450201
21.524928739953033,0,105440560201
29.634912754339094,0,105440610201
41.20348296728611,1,105450090201
13.794179435718934,0,105450130201
26.179795394742154,1,105450130202
19.846470521696418,0,105450180201
16.159964526815415,1,105450220201
23.09048748133339,1,105450500201
21.977778463699934,1,105450970201
41.90930763370276,0,105460050101
29.70956696124576,1,105460150101
18.43021001804465,0,105460680201
17.308523524026,0,105460680202
34.88884635777132,1,105460800201
31.77027598135542,1,105460800202
15.757882070035329,0,105460900301
20.53258513435525,1,105460950401
43.16419016280292,1,105461010101
21.017108992436743,0,105470010301
10.216421746408823,0,105470010501
21.907111272830434,1,105470070301
16.873390112272247,1,105470070302
25.79174492620124,1,105470150201
31.446366470676637,1,105470190201
28.45249056022645,0,105470500101
20.30945159761857,1,105470630201
33.15534232647166,0,105471060201
30.84961429936561,0,105471060202
27.72443903527637,0,105480170101
19.00932474030614,0,105480530201
34.4907655053218,1,105480530202
29.601003014493102,0,105480720201
21.11922256637732,1,105480780101
22.27535422379705,0,105490030201
28.55234884229393,0,105490140201
25.461305522127322,0,105490360201
30.57087404812598,0,105490500201
26.878999591080717,1,105500430201
25.099028966922894,0,105500530201
30.88181547959105,0,105500530202
30.034816182771447,0,105510150201
23.815137700519774,1,105510370201
15.510735497148735,1,105510620201
24.292752609370165,1,105520210201
31.684229682833056,1,105520260401
27.911521623369854,0,105520510201
27.96722995220509,0,105520660201
29.644328420035045,1,105520660202
27.71160310999751,1,105530140101
36.66585789159837,1,105530230201
21.72947067021026,0,105530550301
19.624504831317893,1,105530810101
49.136710153070375,1,105531120101
15.75904121961305,0,105540070201
32.78231422884832,0,105550090101
36.89199649623675,0,105550170101
31.527029971882417,0,105550240101
24.7070519947019,0,105550240102
35.22845292425404,1,105550350101
19.602695149760176,1,105550980201
21.08769798013589,1,105551060201
28.88348261543409,1,105560150201
17.794894584984192,0,105560180201
24.742650256678033,1,105560250201
23.82637009249623,1,105560300201
13.891098795692146,0,105560370201
33.36436466099748,1,105560400201
36.56971551609137,1,105560630101
18.859933082629464,0,105570060201
23.27673502974723,0,105570120101
32.29527856585105,1,105570150101
33.57229297204051,0,105570300201
26.18852805031408,1,105570330201
17.79338823367855,0,105570330202
35.270941458488494,1,105570400201
18.384036018213582,0,105570430201
23.62840729996793,0,105570460101
32.98055703429628,1,105570460102
23.342791961584133,0,105570490201
28.81368962088947,1,105570580201
29.969144596431,1,105570580202
28.832320635604972,0,105570620201
37.43910568569212,1,105570670201
31.434592611400824,0,105570670202
34.91547529136478,1,105580090201
21.067614824289436,0,105580120201
45.819899311713584,0,105580190201
47.93816441912937,1,105580220201
38.81285335120075,0,105580380101
41.620081329485984,1,105580380102
23.045721575272903,0,105580440201
31.20031783004977,0,105580480201
19.442020079199725,1,105580640101
19.938852348410744,0,105580740201
23.579355533928226,1,105590040201
31.650295940039815,0,105590120201
27.710099859810505,0,105590120202
40.59273465502475,1,105590190301
32.493896359994395,0,105590190302
27.745007245524206,0,105590230201
30.674623991285465,0,105590260101
29.538461455965336,1,105590300201
14.705134082271277,0,105590340201
33.87450652524583,1,105590480101
19.946720935710964,0,105590560201
12.339275259066746,1,105590560202
19.177369331721387,0,105590590201
18.140103629222008,1,105590890201
34.87982559297033,0,105600160201
47.09648605410611,1,105600200101
47.42394701648565,0,105600200102
41.00489844860739,1,105600240201
34.405276778288254,0,105600390201
46.21330612901475,0,105600420101
25.989545422504357,0,105600440201
18.547905435067545,0,105600460201
17.660202418778017,0,105600480101
38.16546597269377,1,105610090201
19.16026340383824,0,105610160201
17.04738283265416,0,105610160202
29.330249605985525,1,105610190201
26.1296853039649,0,105610230201
22.584827814654837,0,105610270201
26.229361697839405,1,105610380201
36.825037218728035,1,105610490201
40.44895521247712,1,105610560101
30.970496650714207,1,105610560102
18.11464218465094,0,105610630201
41.27501812101706,0,105610670201
21.876370875034354,0,105610700101
40.375224370223776,0,105610740201
10.771499805390574,0,105610890101
22.64065777774883,0,105620060101
19.93753942780465,1,105620260201
36.58961488735618,1,105620290101
39.49617045074518,1,105620330201
19.609657232355513,1,105620370201
34.24604442945371,1,105620400201
30.91289674438578,0,105620430201
31.730008583282967,0,105620430202
47.87799976361631,0,105620530101
47.18385128491529,1,105620620101
31.0169467506848,1,105620620102
38.11328669758855,0,105620660201
15.195120463364098,0,105620690101
18.222158136826167,0,105620810201
36.29410820973581,0,105630060101
36.32934353200017,1,105630100201
30.424653302581532,1,105630200201
37.99388212259687,1,105630300201
34.553253343920936,0,105630360201
29.15255744775257,1,105630660201
37.69860034632082,1,105630720201
28.15102924269086,0,105630870201
17.495497069500846,1,105631200201
28.50700753563338,1,105640950201
16.949618099057822,0,105640950202
13.9611814251691,0,105641060201
9.198763635859821,0,105650080201
32.18100708921669,1,105650100101
41.2529627162952,1,105650100102
40.08903854854786,1,105650290201
25.75065231888291,0,105650290202
25.842071103758748,1,105650350501
25.72661364815454,1,105650370101
21.859758557070926,1,105650450101
6.8401213675665336,0,105660020201
19.907887190412488,0,105660170201
20.536753543838962,0,105660230101
20.763999687635934,1,105660270101
23.818140530926406,0,105660320201
21.922590047061327,1,105660360201
20.79978183974723,0,105660680201
21.165378386017622,1,105660730101
7.9774216367178425,0,105661050201
14.825266621441864,1,105670430201
28.78015798518156,1,105670670201
18.126467161125973,0,105670730201
21.81104543831063,0,105671110101
17.687684375263743,1,105671240301
15.074117538523574,0,105671450201
21.141312332012077,0,105680030201
27.92245289600892,0,105680060201
25.217335245970723,0,105680200101
12.514138387701584,0,105680230101
12.626262168927312,1,105680300201
31.434870453722123,0,105680350101
24.92579894616566,0,105680430201
31.32205466782523,0,105680510201
15.270163200253416,1,105680530201
25.502975142113357,1,105680700201
16.71169588272364,1,105690490201
34.360207209166404,1,105690910101
25.80532212356369,1,105691090201
17.09756030844747,1,105700250201
22.1059836917893,1,105700250202
30.628954122231786,0,105700460201
19.27834700405469,1,105700480201
35.721314295200635,1,105710150201
18.495235342172293,1,105710310301
27.580084106471727,0,105710390201
19.87725558837014,1,105710540201
19.015273531167278,0,105710620401
17.85940026063412,1,105710650101
36.633121875389364,1,105720050201
24.408919238158003,0,105720050202
30.490984348329757,0,105720190201
35.32330759306931,0,105720730201
22.10695783616554,0,105720760201
28.586082070678312,1,105720830201
28.58116392839517,1,105720830202
33.47989264993834,1,105730070301
19.081622140989534,0,105730070401
14.1219840900364,0,105730070402
22.51331388149597,1,105730120201
26.091380352956396,1,105730120202
20.67614604964571,0,105730410201
10.543271309438524,1,105730510301
27.607342525007354,0,105730560201
37.12140780462366,1,105730560202
16.61686004725771,0,105740070201
24.124028740834476,0,105740070202
16.720514021284572,1,105740640201
20.056070866943323,1,105740640202
9.022072270542623,0,105740770201
16.267979409612966,1,105750480401
31.974727208919532,0,105750540101
25.316764626957834,1,105760070201
7.779289385547525,0,105760100201
20.32562367142907,0,105760410201
36.74567717334075,1,105760530201
25.81707079699067,0,105760750201
31.389840586966987,1,105760810101
4.356490569393604,0,105770020201
22.382733107815138,0,105770150201
20.66041926709727,1,105770210101
30.440596369662455,1,105770290201
16.05898477768384,0,105770420201
30.197599522296215,1,105770450201
28.584001587653095,1,105770450202
36.93255628005886,1,105780020101
20.844946305680278,1,105780070201
38.04681125960773,1,105780070202
32.71267934930663,1,105780070301
34.322616708907475,1,105780120201
21.379886983704324,0,105780310201
33.044160905198176,0,105780520101
24.65139036691573,1,105780600201
20.49308505514623,0,105780730101
18.772134146430993,0,105780850301
23.625621982356197,0,105790120201
12.045277070252244,0,105790160201
24.68813914256166,0,105790280201
29.308424650303646,0,105790530101
26.143304265379463,0,105790740201
19.04876443455234,0,105790780201
24.569678902521446,0,105790820201
16.63045521091916,0,105791000201
21.906245557642823,1,105800010301
19.85908856139456,0,105800100201
33.93733903531862,1,105800150201
15.39840136479602,1,105800320401
24.88129514944633,1,105800460201
7.209255584642786,0,105800550201
46.3509453207128,1,105800670101
42.52149045924957,1,105800670102
16.750055128322135,0,105800810201
28.136497521443218,1,105810150101
30.39899877629484,0,105810210201
9.792294220297578,1,105810330201
18.06606636434062,0,105810450201
22.021235547479023,1,105810550201
19.99195660284597,0,105810610101
21.15002712296222,0,105811270201
20.951931011681978,0,105820040201
14.753906870282751,0,105820080601
32.180729955031815,1,105820110101
23.801311483736914,0,105820220201
33.13092318654101,0,105820260101
20.82826089574552,0,105820330301
38.797470443262284,1,105820440201
44.86092086101415,1,105820580401
35.56089060977466,1,105820620101
30.90900943048952,0,105820650201
40.97875898425093,0,105820690201
22.723029819889888,1,105830130201
23.87083011169598,0,105830150201
23.014845719101253,0,105830270201
19.80241543470072,1,105830410301
41.888854970830124,1,105840190201
18.629420042725094,1,105840510101
18.25084334195592,1,105840570201
34.88039599494536,1,105850080201
14.00724038642777,0,105850180201
26.13555794726785,1,105850380201
17.020097239788868,1,105850860201
18.959021624149305,0,105850860202
39.02118735636866,1,105851020201
30.365934621851213,0,105851280201
17.181137996281496,0,105860380201
18.511831635580727,0,105860660201
23.655170862479192,0,105860900201
19.016295227149172,0,105861030201
24.21403911448462,1,105861030202
20.730986345756897,1,105861210101
13.375804660814852,0,105861270101
21.432201099343427,1,105861270102
24.222635900251145,1,105870070201
39.406882338297834,1,105870390101
25.75545361342361,0,105870420301
22.671017137934758,1,105870470201
18.80003815346191,0,105870610101
23.183811174699134,1,105870660201
24.938626632093005,0,105880110201
33.98937901806914,1,105880160201
25.404166239028783,0,105880160202
25.151242587288486,0,105880390201
25.423917463403598,1,105880440201
4.388340002398754,0,105880600201
15.692570905825754,1,105880690201
21.54846341116908,1,105880690202
30.794375666544777,1,105880740201
19.00350458844846,0,105880900201
35.142030706110795,1,105880900202
20.01727704494571,0,105881000201
25.732966757334637,1,105881280201
27.30770490986415,1,105881330201
22.352977525202547,0,105881330202
33.35448277362225,1,105881330601
14.428464104614726,1,105890020201
16.649027819035865,0,105890020202
23.145812479010743,1,105890120201
22.674467040439957,1,105890120202
10.11999062511718,0,105890180201
33.37484580306117,0,105890220201
33.349069869922594,0,105890250201
24.15734605206955,0,105890350201
29.197594861299056,1,105890350202
10.483998303622354,0,105890380201
19.07268403430827,1,105890530101
15.479982794483998,0,105890590401
25.38736006117234,1,105890650101
21.765305503632526,1,105890830201
22.223510386886062,0,105890930201
15.212124728295587,0,105900050301
21.1006217761265,0,105900200101
36.52046387688898,1,105900240201
23.793256128755765,0,105900750201
20.526736661266778,1,105900750202
28.693820563898274,0,105900790201
28.533139225315118,0,105900920101
31.70946329850998,1,105900950101
31.41753702319431,1,105910160201
20.294722601690882,1,105910440301
41.854835299572954,1,105910720101
27.52939916159175,1,105910840101
24.063308862629817,0,105910890401
20.712918003823052,0,105910950201
24.275013790375375,0,105911360201
45.652635737338535,1,105920010201
30.8585005835352,0,105920150201
26.575979945357094,0,105920150202
14.742122577306741,1,105920280201
36.99282597661846,1,105920470201
11.541296316909158,0,105920510201
18.80745778354333,0,105920510202
52.76014953496581,1,105930010201
51.23496549945657,1,105930040201
23.512845320208406,0,105930190201
26.050022251797607,1,105930460201
16.44438721792234,0,105930460202
9.78464553088475,0,105930490201
16.329257278447603,0,105930490202
43.573177198010626,0,105930540201
26.894245028678636,1,105930570201
32.12787165174042,1,105930600201
14.350350576297348,0,105930690201
7.628423757282619,0,105940170101
24.129844578454257,0,105940260101
30.194932588600093,1,105940340101
30.297071574584912,1,105940340102
33.316099517204066,1,105940440201
28.251345408762788,0,105940520201
33.19409392611286,0,105940580201
26.234441327103763,1,105940580301
20.002848754967086,0,105940580302
53.24238742626162,1,105940670201
24.895272960419348,0,105940910101
22.772911553710998,0,105940910102
28.06930275340275,0,105940950201
12.451334243041641,0,105941110201
30.60024904924616,0,105950190201
18.087405663977783,0,105950270201
17.1301246813705,0,105950270202
24.105227297323427,0,105950510201
15.623735807058235,0,105950840201
36.06340952100604,1,105951000101
27.465881085133812,0,105951000701
16.5334679942651,0,105960100201
27.156332105518832,1,105960120201
27.335226455377843,1,105960270201
22.370577829612387,0,105960300201
30.709989421883837,1,105960410101
23.74432264217424,0,105960480101
37.747004471975075,0,105970070201
19.18774843853176,0,105970160101
50.10551740234393,1,105970200201
39.218154908923474,0,105970230101
16.606278029704043,1,105970230201
35.791190398995596,1,105970260201
28.17679485273715,1,105970300101
9.577236046375749,0,105970300102
21.90974940702607,0,105970460101
27.563611417225076,1,105970460102
23.693638005510135,0,105970500201
24.617643029658904,1,105970600201
15.335637249918648,1,105980200201
14.210274548038823,0,105980300301
10.154358511324961,0,105980300302
23.6160175935345,1,105980540201
17.10390303705553,0,105980640101
49.293221167291236,1,105980740101
30.700645631155112,0,105980790101
41.6640212017783,1,105980840101
14.993045034610786,1,105980890201
13.00132928619117,0,105981030401
13.72506252344808,0,105990010101
15.726259717934177,0,105990050601
33.13056654788706,0,105990280201
26.80654148461846,0,105990790201
16.14447047661606,1,105991000301
14.90972822335699,0,105991000501
19.61791475771868,1,105991000502
22.50339845031641,0,106000310301
37.797347241369586,0,106000370201
28.374735345359387,0,106000490201
19.52876164207537,0,106001060301
25.09585562138819,0,106001170201
16.533022840788597,0,106001170202
32.79545092805061,1,106010190201
24.239643365609858,1,106010210101
22.50316423571445,1,106010230501
16.997163607973977,1,106010230502
27.89018587104022,0,106010280101
11.713938733762655,0,106010300401
38.586606721042024,1,106010320101
47.72630074248806,1,106010370201
23.01034272222931,1,106010390201
21.514801061990216,1,106010440101
17.02573980952129,0,106010460101
23.828314610632237,0,106010560101
11.230206466135876,0,106020020401
30.78609197597738,1,106020170101
23.77231678258289,0,106020190201
30.549201889457414,0,106020190202
27.57865477698948,1,106020310201
14.66741644161284,0,106020580401
27.764960260606205,0,106020620201
28.128081926695405,1,106020690201
11.252811496251368,0,106020690202
23.088629833083267,1,106030200101
24.14820233348553,1,106030240101
34.213520926809224,1,106030460501
29.125138023936366,1,106030460502
43.147230732206495,0,106030530101
23.03698264627935,0,106030530102
27.198560110079157,1,106030750101
9.561829054129287,0,106030780201
18.681515501325045,0,106030780202
18.03946390263103,1,106030890101
32.917883582766976,1,106040380101
10.80299231719873,0,106040440201
8.448071782013526,0,106040520201
17.29574377193755,0,106040740201
25.332321382503753,1,106040850201
29.12262563369371,1,106040850202
37.64118787247209,1,106050060101
14.57721785476702,0,106050120201
35.2619802323747,1,106050140201
46.80608480184577,1,106050350201
17.73477931206813,0,106050450201
21.56042443874952,0,106050500101
46.215193677883185,1,106050520201
26.938731983413984,1,106050640201
24.701616735469706,1,106060020201
14.401603969242702,0,106060020202
30.56021340798514,1,106060030201
29.14557492625535,1,106060030202
32.85123097729832,0,106060050101
12.003920335049095,0,106060100101
23.02646499701233,1,106060120201
16.357933552722457,1,106060150201
29.085900952851283,1,106060150202
47.59051638633168,1,106060170201
19.89001464378187,0,106060310201
27.192670103659406,1,106060310202
13.524844453775492,0,106060340201
25.598743319647642,0,106060340202
32.15079835217919,1,106060340203
20.89889285948473,1,106060360201
28.622347124213295,1,106060390201
15.535384118985755,0,106060390202
25.714378637368032,1,106060390203
19.301236239055577,0,106060410101
31.54975617607828,1,106060430201
4.118167790039362,0,106060540201
29.147724639290296,1,106060540202
21.159820152390346,0,106070040201
23.27116163456809,0,106070040202
26.31420267897449,1,106070070101
28.89752344423978,0,106070160201
30.805463469605005,1,106070160202
37.9088359343567,1,106070190101
29.436104237852398,0,106070190102
25.357951969135684,0,106070310101
32.84747030810326,1,106070310102
35.43828002553991,1,106070310103
21.656746459945825,1,106070320101
24.932524271841224,0,106070340301
37.08367913008767,1,106070370101
26.418736341018604,1,106070390601
13.360260527041959,0,106070390602
22.823956651604682,1,106080050201
23.30618186939155,0,106080090101
33.5195382452004,1,106080170201
36.354671956908994,1,106080170202
6.841592595995676,0,106080210301
35.891550206363874,1,106080260101
41.43917123083024,1,106080280101
14.346797358840067,0,106080310101
33.188450638263454,1,106080490101
35.49632226916397,0,106080490102
7.565222693036198,0,106090100101
28.657906839637043,1,106090100102
32.64088412991253,0,106090170201
30.795605651039654,0,106090170202
36.80103930257983,1,106090300101
40.68806576151794,0,106090350101
42.36933836768277,1,106090350102
33.49641893721797,1,106090480301
36.896306469727165,0,106090630201
25.149658474129048,0,106100020201
28.890900415225982,0,106100020202
21.224119517402876,1,106100040201
34.899099860765986,0,106100100101
41.39753532643454,0,106100150201
22.892385576821646,0,106100260201
22.605104365732306,1,106100260202
35.27771463826333,1,106100260203
27.966567777056866,1,106100510101
22.286326163113856,0,106100510102
15.65064508029522,0,106100550201
17.83828938198128,0,106101030201
13.919561136030449,0,106110050302
20.44648853346432,0,106110330101
35.413265758126215,1,106110330102
25.368113490467394,1,106110570201
21.71801065473765,1,106110800201
22.721210938027443,0,106120050101
40.583051314798155,1,106120260201
33.12045596210859,0,106120330201
38.629527535422866,1,106120370201
26.215928815547286,0,106120370202
24.33839285323031,0,106120400301
36.42589937888343,1,106120550201
43.738108806004526,1,106120700201
26.11748905467978,1,106120840201
8.630290796448442,0,106130790201
30.502040103024196,1,106140160101
23.74428101607611,1,106140180801
27.57421240981037,1,106140240101
35.784106838686505,1,106140240102
24.76544550649885,0,106140250101
13.7777117501754,0,106140270201
17.509581246200945,0,106140270202
29.85660492912916,1,106140280101
19.027706153657615,0,106140280102
30.289708280835036,1,106140300201
37.24033506326302,1,106140330101
21.323131286044198,1,106140350201
22.533379124584602,1,106140400301
19.779057548150348,1,106140410401
14.6992116433414,1,106140500401
30.312747803457942,0,106140530201
40.05076580983057,1,106150050201
26.197007074885555,1,106150150301
22.221624515831575,0,106150150302
27.313193308526532,1,106150150303
33.55769020868341,0,106150150901
43.247954707266736,0,106150260101
27.073524304871395,1,106150300101
19.60467673624486,1,106150300102
21.46675655083159,0,106150340201
30.96081422893802,0,106150420201
24.621231655766262,1,106150420202
41.99899036368973,1,106150450201
28.747230476880294,0,106150450202
53.10065228721626,1,106150560201
48.8790658119487,0,106150560202
28.139817003202207,1,106150780201
30.85214319092447,1,106150780202
37.09496601448211,1,106160020101
33.75923236407654,1,106160020102
37.921460199928475,1,106160040101
30.894982019190895,1,106160040102
37.80856223259528,0,106160040103
29.549740625267702,1,106160060201
30.946799167588583,0,106160080101
34.83830935846317,0,106160080102
29.410433464514075,1,106160120101
33.8294498601702,1,106160120102
22.67706277120032,0,106160140201
38.27421586136822,1,106160140202
35.67171809448675,0,106160140203
31.56146469943852,1,106160160401
38.40862943065764,0,106160180201
43.96286319020723,1,106160180202
21.144813772178285,0,106160200401
21.943375989979852,0,106160200402
27.748643697938594,1,106160220201
36.096837671051716,1,106160220202
42.24087799995824,1,106160300101
35.04542365498546,0,106160300102
61.013259916254206,1,106160320201
29.51926168659997,0,106160350201
35.11007626589196,0,106160350202
32.51521362380312,1,106160390701
32.20094392847518,1,106160500201
19.806966455234516,0,106160520101
33.11878201386701,1,106160540101
23.146700039996908,0,106170260201
26.96202486476243,0,106170260202
34.47257664891526,1,106170320201
29.636510751342232,1,106170320202
38.352124013019164,1,106170420101
41.4610103789225,0,106170470101
37.135827049410146,0,106170520201
45.41800061913786,1,106170520202
37.350401163555,0,106170520203
39.997484490150256,1,106170580201
42.713716799720004,1,106170580202
34.32897595706678,0,106170630101
35.16620174093423,0,106170630102
19.8666876145394,0,106170680201
31.319341438164265,1,106170680202
55.200825224260406,0,106170790101
35.65878175248193,0,106171120201
36.4581190629654,1,106171120202
23.787130092080098,0,106171121101
23.651509761130807,1,106171121102
37.22848711885129,1,106171170201
21.305360539992193,0,106171230101
27.205651935361946,0,106171350101
13.764751553543256,0,106180130201
21.302083307795414,1,106180130202
24.083908254861555,0,106180130203
31.19892798397779,1,106180210201
40.26163022455317,0,106180310101
16.54542876605149,0,106180550201
17.33865462101132,0,106180720201
29.517876839014754,1,106180780201
37.60650796399299,1,106180830101
27.73716836276163,1,106190080101
28.041947192771516,0,106190350101
18.37045516492823,1,106191150101
36.35328952925628,1,106200200101
21.556233054355925,1,106200430601
29.500009186033495,1,106200530101
12.377222405584856,0,106200690601
50.017210816070275,1,106200730201
54.020388896793065,1,106200730202
33.28952271452005,0,106200730301
23.11984720672309,1,106200950201
16.017570418510374,0,106201040501
32.4257548539905,1,106210070101
24.602353132908735,0,106210070102
35.30642390205783,1,106210100101
33.2525190727776,1,106210180101
31.278866330960675,0,106210230201
39.44768532742403,1,106210330101
44.54629564913501,1,106210440101
20.729524928681524,1,106210440201
21.839393478087878,0,106210520101
34.80431545158609,1,106210540201
20.996455596121695,0,106210540202
11.496057600539537,0,106220010201
13.847635088115789,0,106220010202
23.818176261594495,1,106220100401
12.82249554860605,0,106220250201
16.000529089770723,0,106220250202
12.714683810061247,0,106220480201
22.63582884349116,1,106220520201
11.109297516697788,0,106220860201
34.52593728293977,0,106220890201
35.233681994510945,1,106220890202
9.63756302756431,0,106230040201
28.513017194899277,0,106230070101
17.44242604626792,1,106230130401
27.407106514585127,1,106230280301
39.89302483391337,1,106230310101
10.433457875844805,0,106230380201
22.526326833707923,0,106230690401
37.30104061114339,1,106230770201
33.19331838449575,0,106230770202
17.21428455843677,0,106240070101
16.87370413495661,1,106240120201
39.50761960681154,1,106240210101
35.29277516099285,0,106240210102
19.707523375935466,0,106240390201
25.734603670318755,1,106240390202
30.168084313396303,0,106240390203
29.127705813677363,0,106240460201
22.72917438536108,0,106240580201
39.015447410415405,0,106240630101
40.43168301070115,1,106240630102
25.421397757315717,0,106250140101
13.890276710784171,0,106250250101
27.11217951125788,1,106250310101
13.448314282557112,0,106250370401
22.545395756069077,0,106250420101
35.40212272575738,1,106250530301
32.4981202246823,0,106250590201
30.415259391285463,1,106250870101
18.088828821742208,0,106251090101
31.383313653596385,1,106251090102
34.64356868936351,1,106251150101
30.232112877720713,1,106251150102
39.28135115827243,1,106260010101
38.09747950785678,0,106260160101
16.731179895012364,0,106260210101
41.22206817585333,1,106260280101
28.84350533296878,1,106260360201
24.871934217939575,1,106260410301
26.343092514844034,1,106260430201
26.90307222482618,0,106260430202
31.686505551758746,0,106260480101
30.126533680859637,0,106260480102
16.352526385283035,0,106260480201
27.525616841367857,0,106260530201
23.866385735981844,0,106260530202
33.51046570895612,0,106270010201
39.02543868069348,1,106270010202
27.351470295302658,1,106270030201
16.674938403806735,0,106270030202
27.282857641739223,1,106270080201
24.99840389961033,0,106270100201
22.569704847723052,0,106270100202
22.436280666426423,1,106270100203
39.66933143854073,1,106270120201
47.42560644943852,1,106270120202
26.849682609272936,1,106270140201
34.512623928918615,0,106270140202
35.215430120008406,1,106270160101
23.16784697147438,0,106270160102
49.84587916649278,1,106270190201
34.11341015905271,1,106270190202
31.008840976468193,0,106270230201
25.146148065793106,0,106270250201
25.072145128878056,0,106270250202
31.954369656221324,0,106270250203
45.44896393530293,1,106270330101
29.962171814176102,0,106270350201
23.601228249919316,0,106270350202
31.79278426275503,1,106270470201
22.804648947188777,1,106270500201
30.620726934272554,1,106270570201
36.63281225830619,1,106270570202
22.476379373126406,1,106280080201
43.448200114205044,0,106280140201
50.720973571847345,1,106280140202
33.921475625414345,0,106280270101
37.49084339338966,0,106280390101
24.73227781951675,1,106280420201
22.89382487476404,1,106280450801
28.74222055726315,0,106280510201
26.7797059834296,0,106280510202
46.650015868381296,1,106280540101
37.65537271592559,1,106280710201
25.934757158685585,0,106280810201
17.46875015735774,1,106280810202
16.78716147531233,0,106290060201
17.56039676236006,0,106290060202
25.09353159340894,1,106290100201
21.395668025052345,0,106290220101
31.038977841949237,0,106290250201
18.74493520712601,1,106290480201
19.312804747999703,0,106290640301
34.283724158812475,1,106290710101
23.86114772604186,1,106290830401
36.538744505129706,1,106290870101
7.460570032629094,0,106300170201
14.695741506590155,0,106300170202
4.944468178704355,0,106300200201
22.623297790944257,0,106310010201
25.832056784524095,1,106310090201
31.769156460120236,1,106310290201
15.330935996251311,1,106310340201
19.133642495922054,0,106310380101
22.009672629765706,0,106310540201
24.77813599990806,1,106310750201
28.764496091343155,1,106310750202
31.33435616666486,1,106310750203
25.083234601286605,0,106310830101
20.14775961009299,1,106310870201
19.54498314973066,1,106320010301
24.1685041962084,1,106320050101
10.649759186963646,0,106320320201
27.11092705079779,1,106320360201
11.51961693989142,0,106320540201
25.50470986094604,1,106320860201
19.219018877999392,0,106320860202
15.06301304757319,1,106330010201
17.727756564393868,0,106330010202
15.850445049182671,0,106330380201
21.71738938231256,0,106330720201
16.013182978641588,0,106330720202
21.717666490435697,1,106331190101
18.649842558039506,0,106340040201
20.53533511960623,1,106340150201
15.311843028935332,0,106340240101
16.64334835835566,0,106340330101
9.087234498254551,0,106340410201
14.749089665175342,0,106340450201
26.831225925994275,1,106340500201
16.138007889663733,0,106340590201
15.687096178906577,0,106340590202
21.64472588843313,1,106340640201
25.77937242519653,1,106340640202
23.80139928521793,0,106340680201
20.047799220459357,0,106340730101
20.547041995640427,1,106340860201
29.819630035589135,1,106350100401
25.029461783381745,1,106350230201
35.84745092914403,0,106350460201
22.35610262178956,1,106350460401
29.510317720680472,0,106350550201
26.471790684160403,0,106350650201
38.47100612453095,0,106350750201
39.628521761797444,0,106360040201
44.83280444202198,1,106360040202
34.507024050305496,0,106360080101
15.815779536621562,1,106360210201
4.052988749700457,0,106360210202
36.91501243607733,0,106360500201
19.28585084936384,0,106360760201
20.542108112819623,0,106360800201
11.609270465535928,0,106360800202
10.403005402493946,0,106360840601
14.569780414174549,0,106360840801
26.752309243561967,1,106360880301
37.538587580773275,1,106370010201
15.763335298776227,0,106370070201
23.191813887469387,1,106370070202
18.87071063680542,0,106370270201
28.04485769986941,0,106370380201
33.69154958063313,1,106370400201
22.712791195455605,0,106370440201
25.021713577759023,0,106370480202
27.61658544957622,1,106380030101
30.163475537135103,0,106380180101
28.108322492943724,1,106380240201
33.240635030100414,1,106380340301
17.161581904772277,1,106380340401
13.186732256929748,1,106380390401
28.077666515149687,0,106380490101
22.179735850364683,1,106380690201
14.009930354072925,1,106380740201
10.235882876239375,0,106380790301
21.761951653241272,1,106380900301
26.040846458998782,1,106380950201
22.988663249252493,0,106380950202
31.483731267749167,0,106381000101
16.956829235786604,0,106381250201
22.603549135572134,1,106390050201
13.071434832587858,1,106390100201
9.683758961468117,0,106390300301
6.618543814761779,0,106390450101
38.5863388390436,1,106390510201
44.94420286604775,1,106390710201
18.514423661290472,0,106390760101
12.116209587437679,0,106390760102
24.076786589840587,1,106390860201
29.283873205403207,0,106400110201
29.5212247950491,0,106400140101
14.574919345270729,0,106400190201
25.5028102460459,1,106400190203
6.152046097417644,0,106400210201
22.587585685052154,1,106410290201
23.61353040496285,1,106410290202
32.68527178010729,1,106410540201
31.095171379721716,1,106410580101
26.81649246700094,0,106420040701
23.971395598791258,1,106420200501
17.226994252545197,0,106420300301
22.659744073427284,0,106420510201
25.28797161799967,0,106420510202
41.542163955480426,1,106420560101
26.373301687881355,0,106420620101
23.722910078153554,1,106420620102
37.4292409657861,0,106420720101
37.61413692338854,0,106420720102
10.316532678525574,0,106420980201
25.614320727075818,0,106420980202
23.456969125887422,1,106421250101
35.25595033096839,1,106430050201
17.177640857047685,0,106430090301
20.33674677366473,1,106430260201
22.79064248045224,0,106430260202
41.014905666478015,1,106430300201
31.876485125998535,0,106430300202
16.716037984010732,0,106430580201
16.87544717663193,0,106430580202
41.93370588927125,0,106430620201
26.205978634365376,1,106430620301
18.848681923259008,1,106430620302
27.30368801383328,0,106430720201
27.567927366145188,1,106440030201
25.07940736902346,1,106440030202
21.909219283296117,0,106440120201
16.196545676999747,0,106440140201
25.226624438953433,1,106440310101
44.76663812343195,1,106440370101
22.433336899530122,0,106440420101
17.62832859570061,0,106440520101
36.82877546552992,1,106450020301
37.12565517803705,1,106450020302
34.370875870249705,1,106450060601
49.001555722586176,0,106450090201
24.2223290105823,0,106450170201
32.63507730994675,1,106450200201
22.5912016619905,0,106450240101
32.61116030871266,1,106450270301
13.65566372299805,0,106450380201
18.242614902527233,0,106450380202
38.58213204070968,0,106450490201
11.452980561757713,0,106450590201
23.573437506981435,0,106450770201
27.118058150294647,1,106460020401
31.407406904274488,0,106460080101
25.562555445968602,0,106460190201
34.39378494617068,1,106460340101
34.50636830754148,0,106460400201
12.323763151527158,1,106460400301
31.224460261638225,0,106460480101
37.117158563718675,1,106460480102
22.569244710655845,0,106460480103
20.630921440464146,0,106460690101
19.419068445459512,0,106460690102
19.980074146086366,0,106460720201
22.30040865783082,1,106460720202
42.462807088980476,1,106470050101
33.81489371155904,1,106470310201
29.18973092476035,0,106470350101
7.3739789083481835,0,106470460202
25.793644578414757,0,106470570101
34.047386894387216,0,106470610101
24.817178202588842,0,106470750201
6.5123914372593585,0,106470750901
25.959571494940135,0,106470790101
7.3933461519534305,1,106470900401
37.608477581320614,1,106480160101
32.365876227004954,1,106480510201
6.785014070027574,1,106480660401
8.08124784468703,0,106480660402
28.34993897607173,1,106480810501
30.547386714961654,1,106480860301
15.686797046020304,0,106480960201
36.92418846059111,1,106481060201
16.576263476894596,1,106490020201
21.685637609049532,0,106490120201
30.03684076779489,0,106490160301
16.770785930380917,1,106490160501
21.253503694640795,0,106490210301
13.377423463578612,0,106490210302
27.113080217626045,1,106490230401
33.79341566885955,1,106490250201
37.778302882750324,1,106490410101
47.187191092486266,1,106490410102
9.515549836714953,0,106490450401
19.85681440296439,1,106490450501
52.16013674009796,0,106490480101
25.455541352448275,1,106490480201
20.614327371468473,0,106500070201
29.318981032735945,1,106500070202
29.572670982190132,0,106500140301
15.369201547638164,0,106500170201
36.947657197525274,0,106500190201
25.074122718793873,1,106500290301
32.75759948355645,1,106500290302
27.937240552727047,1,106500310101
30.644008979077796,1,106500340201
27.00339111197155,0,106500380101
19.03795529542424,0,106500410301
14.908387160160233,0,106500410302
9.845047470292187,0,106500430301
28.605198482573467,1,106500500401
27.48540406022112,0,106500530101
28.42606065161967,0,106500530102
34.52400560739924,1,106500550201
29.73891069162937,1,106500550202
25.415250224205188,0,106500600101
16.952090532364227,0,106510050401
30.734685681879522,1,106510170101
36.027431376296995,1,106510350201
26.03945116275557,1,106510440201
25.438311124825546,1,106510470201
23.06631694699425,0,106510470202
40.00715527112513,1,106510530101
9.16122971575516,0,106510670601
23.35635297263747,0,106510730201
32.14878151322571,0,106520020101
15.150467354214934,1,106520060401
20.51311059200932,0,106520090401
12.49079543753327,0,106520090402
35.23712427696721,1,106520150201
33.55603789791179,0,106520170101
42.87670859476547,1,106520170102
24.9718914008227,0,106520400201
29.109655549698058,0,106520460101
29.99668200298814,0,106520460102
26.153682963875298,0,106520460103
35.18863607093405,0,106530070201
29.060972937236357,0,106530070202
20.19077379846059,1,106530100201
36.345741189330276,1,106530140201
27.004740538846253,0,106530280201
21.239010871106203,0,106530280202
23.35601910559801,0,106530350201
35.65957647872166,1,106530460301
24.862760406310702,0,106530630201
24.798083684808407,1,106530770201
15.440043561958893,0,106530880401
29.980823882290796,0,106540060101
31.768251490050474,0,106540060102
34.95182461772935,0,106540190201
17.145653344648707,0,106540210401
18.327052983031322,1,106540210402
32.287853082394285,0,106540270201
57.68180661759919,1,106540440201
41.074854550858525,0,106540440202
35.6725983687744,1,106540510102
49.06953435474235,0,106550110201
10.774288178281378,0,106550110301
18.809419868596642,1,106550240201
29.034754660225566,1,106550290201
22.543536085581778,0,106550510201
26.61694969286245,0,106550600201
42.45605685652803,1,106550690201
14.212746923097693,0,106550780301
33.54443869196359,0,106550920202
37.73894917125123,1,106550920203
27.096595488716876,0,106560030201
21.557179184983376,1,106560110201
20.344587452316016,1,106560110202
29.733477997489924,1,106560240201
22.25036008735575,1,106560300201
28.24930649917891,0,106560380201
31.432095790975662,0,106560440101
27.643833410023145,1,106570030201
31.243570155656567,1,106570030202
31.064496803192924,1,106570170201
18.167563784679174,1,106570290301
22.37389837831436,1,106570370201
19.342672726751786,0,106570370202
18.8605000111425,0,106570370301
23.906387362603542,0,106570370302
10.121010677385184,0,106580110201
47.403804770795375,0,106580230201
18.399431647438615,0,106580460201
19.160037202648223,0,106580460202
32.415144284196494,1,106580690201
35.92902389669481,1,106580730201
35.42159420053656,0,106580730202
20.049305628528728,0,106580920301
33.338652502397046,0,106590010101
35.95969511728076,1,106590180101
18.756892836149586,1,106590410201
17.000878210171166,1,106590800201
22.41240323907178,0,106590850201
24.14070781703796,0,106591020201
30.948993726904003,1,106591020202
10.431249730603582,0,106591130301
19.674438592260728,1,106591130302
17.58795801491331,0,106591250201
20.164002358069112,0,106591250202
23.283918554652054,1,106591300301
17.1567081575017,0,106591360201
38.3742232938505,1,106600010201
31.026550171600988,1,106600060201
23.099695786746906,0,106600060202
32.484798036700305,1,106600520101
28.004266732786093,0,106600980301
36.510457414600836,1,106610210101
24.806858198655583,1,106610240201
20.12578027411516,0,106610320101
21.26247523410453,0,106610360101
31.45920407612878,1,106610360102
34.81778676081687,0,106610510101
25.429627887855602,0,106610580201
25.25436201796965,0,106610690201
21.270203513797885,0,106610850101
24.467357666550942,0,106620150101
29.190075271020532,1,106620230201
26.505214267582655,1,106620230202
32.25220970220391,0,106620310101
34.504455520007724,1,106620350201
29.16230299056202,0,106620390201
29.649784075849833,0,106620510201
19.716686838046492,0,106620550101
23.76423943270096,0,106620630101
33.05549739802298,0,106620710301
32.6575424968497,0,106620710302
18.166180177765956,0,106620750501
13.263209372938714,1,106620750502
22.404791612448612,0,106621000201
8.326572282233201,0,106630230201
17.331580361957663,1,106630320201
18.268173658007758,0,106630590201
17.937011444566508,0,106630680101
17.338106592110467,1,106631000201
7.667019888757268,0,106640050301
28.061462555907365,1,106640210201
42.28832212699791,1,106640380201
24.64371333049945,1,106640420301
22.79651753539512,0,106640420302
21.393902655373783,0,106640620301
23.442364038949986,1,106640660301
8.532522496932927,0,106640910201
25.08328440409164,1,106650090201
20.842412294387543,1,106650090202
20.004882279911442,0,106650150201
34.01616223283911,1,106650270101
32.420898186091435,0,106650610201
15.691710628967888,0,106650730101
31.016492295447016,1,106650780201
19.889333522604957,0,106650840501
12.430761168749813,0,106650840601
15.821739256722264,0,106651020301
29.28034394686928,0,106651130201
26.726309616633866,1,106651130202
14.99129676671458,1,106651360301
27.5754101672066,1,106660160401
27.55722395751218,0,106660310101
16.743955488053814,1,106660350201
9.502159145992644,0,106660350202
33.364417100588746,1,106660380101
34.798423558366615,1,106660380102
23.005902233253135,0,106660460201
29.650574961826536,1,106660460202
32.14512401090705,0,106660540101
23.1221818917753,0,106660770701
32.242317412800766,0,106660770702
32.09333718170801,1,106670050201
21.458341178480964,0,106670090201
19.460292149277794,1,106670200101
21.21790263738296,1,106670240401
37.87937843708383,1,106670530101
32.282054698116625,0,106670530102
26.170271489069062,1,106680040201
33.14808940854497,1,106680040202
25.06955040664328,0,106680080201
38.17481166759325,1,106680100201
21.19970536912104,1,106680140301
23.396993220618242,0,106680170201
24.807347505964437,1,106680170202
28.12289849663876,1,106680170203
45.03297308583857,1,106680210101
12.57888779167007,1,106680230201
21.795113146266967,0,106680230202
19.5415377278503,0,106680300101
19.162157116451375,0,106680300102
32.069571927275035,1,106680430201
32.74743253062712,1,106690070301
42.041388026767606,0,106690150301
35.99975634226226,1,106690150302
33.9297815461011,1,106690330201
28.8247515426212,1,106690530101
20.509687840888255,1,106690610201
31.985225137252698,0,106690690201
17.79280313002336,0,106690870201
15.378441441033088,0,106690870202
23.001669233825464,1,106690870203
33.135279371655464,0,106690910201
28.41285779073073,0,106691040201
10.725417842100587,1,106700420201
34.811518160295066,0,106700700201
31.19108173979317,0,106710060101
33.709587986424125,0,106710300201
31.45233749779167,0,106710380101
25.975229098170743,0,106710470301
25.501041701752413,0,106720050101
13.779465514509965,0,106720200201
24.491373863091944,1,106720770101
9.591258800909959,0,106721020201
20.086404541317933,1,106721170201
25.25954343484178,1,106721170203
13.955447775130525,0,106730010201
14.911424757267419,0,106730020201
25.186121198349326,0,106730020202
8.92841372651815,0,106730031101
34.5379906982478,1,106730031201
7.43449430334594,0,106730040401
20.522680339073673,0,106730080601
25.894603883621258,1,106730130201
35.41600649032822,0,106730220101
29.866301208141667,1,106730240201
27.46854581122689,0,106730250301
14.99939553155974,0,106730250302
30.434326632261143,1,106730270101
45.880950567839534,0,106740050201
21.465240451907228,0,106740100201
16.579058568217597,0,106740100202
24.90779834904206,1,106740200201
19.61430835642084,0,106740370201
19.18904186252398,0,106740370202
23.829669940984957,0,106740470101
17.452805145836905,0,106740530201
32.581958932038795,0,106740600301
25.468164507848325,1,106740600701
18.986160512969732,1,106750110201
31.591773103557294,1,106750180201
31.7975982317315,1,106750210101
44.04933922718864,1,106750310201
24.90672401603975,0,106750310202
11.651958627187526,0,106750340301
36.40539247323616,0,106750470101
34.97966032712523,0,106750470102
39.03228749499055,1,106750600201
32.69845140439129,1,106750640201
29.402669697766722,0,106750700201
10.188486066713718,0,106760010301
28.345026177018692,1,106760010501
35.34915096601008,0,106760030101
13.613362789538584,0,106760150501
9.51639626766977,0,106760170201
15.42866798094763,0,106760190101
22.355950687973646,0,106760220201
43.418594270807255,1,106760240201
44.439039464118466,1,106760260201
5.016705964549007,0,106760310601
17.045892541295377,0,106760330201
11.861621230663646,0,106760380301
17.051482018582895,0,106760420201
22.445372048366174,1,106770030101
38.15024760768638,1,106770070601
26.30379675412372,1,106770170101
15.7156936717579,0,106770310601
31.224109123643462,0,106770640201
27.77925428714514,0,106770710201
44.78245788031599,1,106770740201
47.57524880039763,1,106770740202
32.530319389066385,0,106770880201
14.198868257749629,0,106780030801
24.428236073025854,1,106780050101
31.594134215418563,1,106780200401
19.882103246201435,0,106780460301
37.52765524842159,0,106780490101
31.62166007769551,1,106780520101
25.182336239205892,0,106780540101
43.03951750599104,1,106780570101
25.186927505897213,0,106780690101
15.514622606892528,0,106790100301
19.96174702830266,0,106790350201
41.718875631401076,0,106790380201
21.718099348766724,0,106790450101
25.185788659537657,0,106790450102
23.34438736266135,1,106790550101
12.889700265303501,0,106790620301
19.341935499628956,0,106790620302
40.91698557388623,0,106790660201
23.267121509957356,0,106790760201
38.02954707693402,1,106790830101
32.81586031041974,1,106790830102
19.651512143802613,0,106790860201
12.76115872989651,0,106800050101
8.061876167738095,0,106800310301
42.528775926567384,1,106800340101
33.98872368389237,1,106800410201
33.51456510784891,1,106800480101
34.18045841605409,1,106800540101
27.80779646497523,1,106800540102
20.150293693047825,0,106800650101
18.154491599765734,1,106810010601
13.338908434926996,0,106810010602
22.797463823171736,0,106810110201
21.98941880661279,0,106810110202
27.09597063379305,0,106810140201
22.443369203771724,0,106810170201
11.18079473543535,0,106810170202
25.246298274762513,0,106810210201
31.348158856955067,1,106810210202
12.664895720646493,0,106810270201
5.952312225016954,0,106810310401
14.946034903812759,0,106810310402
32.36313644407409,1,106810370301
21.380291616390572,1,106810370302
45.036238899984326,1,106810470101
37.0931842687697,1,106810470102
38.54701461588544,1,106810500101
30.349518700637507,0,106810500102
17.360219052817072,0,106810700201
15.593589662425005,0,106820010501
16.622615472706922,1,106820070101
25.392844656289995,1,106820120401
14.594184217688252,0,106820300101
40.82737082777723,1,106820360101
24.490538563281635,1,106820420201
20.36297170680195,0,106820420202
22.239632981896186,1,106820590101
23.524793939271735,0,106820650101
20.36436330686828,0,106820650102
19.439309269474847,0,106820870101
34.86085327618821,1,106821090201
28.0815446693416,1,106821140101
17.625047717096354,0,106821200101
38.03496829406099,0,106821250101
18.461280328638196,1,106821310301
28.091564162462966,0,106821360301
16.360579823925644,0,106821360501
26.52428446537455,0,106830300201
13.740446888470037,0,106830300301
29.765441075726372,1,106830450101
19.397047819211352,1,106830480201
24.712849666117787,0,106830720101
23.302339655267428,0,106830720102
31.106836332318704,0,106840010101
23.43583737604226,0,106840060201
24.85401024881656,1,106840110101
26.939792920472204,1,106840140201
16.896862312013265,1,106840140202
28.51075789716339,1,106840190201
19.829437129217233,0,106840190202
23.91247885320079,0,106840190203
41.35792891324606,1,106840210101
21.864849825541384,1,106840330401
23.636814895214187,0,106840480101
32.55158729303393,1,106850040201
22.5012716375041,1,106850070201
42.283455711211616,1,106850170101
17.804659455384922,0,106850190201
19.16767247939338,1,106850190202
23.91194022395763,0,106850220201
42.81992195626756,1,106850280201
30.18516298325495,0,106850350201
46.128270465771294,1,106850350202
26.06164426630298,0,106850350701
33.4179298060916,1,106850350702
29.271297052172432,0,106850380101
44.35956749211889,0,106850440201
27.096836764157516,1,106850500201
33.82591422779539,1,106850540101
49.87647979498567,1,106850570202
21.383833744508827,1,106850630101
27.69203179500203,0,106850630102
38.91279544970297,0,106850720201
23.879275387354234,0,106850720202
21.038908829898833,1,106850750201
19.289491807888854,0,106850750202
20.758170741998043,0,106860010301
30.219784611746718,0,106860080101
19.054494140165154,1,106860180201
20.004710167851883,0,106860200301
31.463282183249753,1,106860280201
33.141941506540014,1,106860280202
30.254461528516842,1,106860430301
38.35433385282337,1,106860430302
33.94195093942907,1,106860490301
31.52371488509377,1,106860550301
30.290712535807955,1,106860550302
22.251113789601273,1,106870130201
11.146227512710045,0,106870130202
17.672340580698272,0,106870410201
47.661692575809184,1,106871050101
31.39192152794628,0,106871050102
27.355878184026263,0,106871100101
42.347381075170965,1,106880290201
35.067772445435196,1,106880490201
26.839512461285267,0,106880490202
23.307126955539072,1,106880650101
43.61643198792905,1,106880690301
35.16413158981858,1,106890010101
39.10700265050682,0,106890050201
21.776211481778045,0,106890120101
19.519328895295168,1,106890270201
30.38827340825883,1,106890380201
25.832012989693386,0,106890380202
37.995557934600654,1,106890450201
17.502924357340092,1,106890590201
40.79261960422484,1,106890630201
43.07053667312448,0,106900080101
34.857939509468046,0,106900080102
23.184557758302933,1,106900080701
29.142215109973392,1,106900080702
28.6713833354329,1,106900320101
35.22026018471759,1,106900410101
42.66908892639865,1,106900460201
36.91446845185756,0,106900460202
34.98898031863863,0,106900510101
38.165021196154115,1,106900510102
42.81152465500786,0,106900550201
27.526473228417643,0,106900650201
36.0828024033224,0,106901040101
30.849108706886923,1,106910020101
19.306239756813273,1,106910020201
21.1582613527333,0,106910050101
21.70817225996176,1,106910080201
26.142620994306114,1,106910080202
23.92383550095561,0,106910140201
31.165480576205002,1,106910160201
27.565339251670725,1,106910170201
27.293764646108116,1,106910170202
16.5353761804881,0,106910190401
9.251183879430819,0,106910190402
24.253314829514057,1,106910200201
20.344959979752648,1,106910250201
12.568828144767917,0,106910250202
50.05205872147023,1,106910260101
29.261053207199495,1,106910260201
26.60557555467784,1,106910260202
27.794775023049205,1,106910290401
31.51244531621634,1,106910290402
22.76715422780049,0,106910320201
18.43907070254147,0,106910340101
9.63041105090848,0,106920070201
23.068543663198266,1,106920070202
21.199108835256908,0,106920070203
27.301688776636336,0,106920080201
35.59496955067948,1,106920080202
44.592046291702474,1,106920100201
23.495887138546284,1,106920200801
14.45664428175781,0,106920200802
17.145027474650114,0,106920240301
37.51692605464365,1,106920250201
29.227840514799205,1,106920300201
21.348818515082517,0,106920300202
20.233494954187936,1,106920330301
38.30946278939243,0,106930030201
33.22453691251115,1,106930130201
25.73552322337428,0,106930180101
31.866068514975858,1,106930180102
26.777025929916874,1,106930230201
32.557578807043065,1,106930230202
18.047324744896894,1,106930430201
25.638131695098473,1,106930820301
34.76299829763379,1,106930870101
19.58675199421626,0,106931110301
25.06418800178495,0,106940100201
12.352402907727283,1,106940100202
21.818899703658047,0,106940120201
27.637005896584636,1,106940210201
19.804096035047696,1,106940270301
32.773574910018645,1,106940300701
33.443069038542426,0,106940430101
25.72693540646459,1,106940460201
28.548533131498182,1,106940640201
19.587215766617465,0,106940660201
14.499540522993442,0,106940780101
20.378009512040727,1,106950520201
12.978585446753428,0,106950520202
39.24501088313304,1,106950590201
13.421927856941176,0,106950840201
17.727289317553392,0,106950840401
25.89777409805615,0,106960040201
14.463839508063955,1,106960110201
8.425322777283396,0,106960140201
38.41401182974785,1,106960280201
18.284107608829224,0,106960300201
20.712412233952517,0,106960300202
22.271732533126205,0,106960470201
29.77365968234852,0,106960500201
34.3600584217095,1,106960500202
37.67849029287207,1,106960590101
22.057920069553877,0,106970120101
9.989470219340117,0,106970160201
17.37362660250767,1,106970160202
37.06904830337105,1,106970250301
26.146630847333014,0,106970250302
22.15944779266849,1,106970390201
24.74050156739076,0,106970480201
18.56226497908672,0,106970520301
25.534856108641385,1,106970630201
29.454289103634846,1,106970630202
13.569073615419708,0,106970760501
18.549571031309377,1,106970990201
10.66139499515278,1,106971040201
19.533505856125284,1,106971150201
17.91296225284691,0,106980100201
37.54160682258042,1,106980190101
18.92990301243985,1,106980250201
11.639593504102685,0,106980760101
41.72220072850496,1,106990060101
20.845665820827705,0,106990240101
23.78781528320348,1,106990310201
15.197336383020124,1,106990310202
26.96400912065069,1,106990330201
13.295643685811308,0,106990330202
22.574775751723628,0,106990340201
48.3376880687246,1,107000070101
39.052954205834254,1,107000070102
34.202900467780744,0,107000140101
30.235192428310807,0,107000180201
15.916672165234454,1,107000390201
28.21181891857755,1,107000460201
20.620397490049946,1,107000460202
17.79969632230162,1,107000500201
19.48210430292709,0,107000530501
19.913886283518046,0,107010050201
28.738810559935615,1,107010210201
24.3082644946003,0,107010210202
15.44764809446992,1,107010310101
28.449787179121447,0,107010470201
20.464286512064906,1,107010730201
34.929053499044244,1,107010790201
38.11637029284988,1,107010790202
27.17055337446574,1,107020100102
38.56224849969089,0,107020100103
41.09309423328062,1,107020140201
39.79491111002619,1,107020140203
44.17881038564809,0,107020230101
26.114389515395157,0,107020350101
37.717087606727574,0,107020480101
43.214381026459925,0,107020520201
39.380358049315504,0,107020690201
43.13415358116332,0,107020730201
43.24455126032007,1,107020730203
13.65526983768774,1,107020780301
39.29621646975261,1,107020820201
42.592365051642226,1,107020820202
41.32218511856714,0,107020820203
28.992297562838825,1,107020950201
27.762377732923266,0,107020950202
33.8562369716323,1,107020990201
31.984916373765017,0,107020990202
15.802988350448066,0,107021030201
26.271509764809274,1,107030030701
48.21490286629131,0,107030160201
43.12106650001418,0,107030160202
35.49922302007976,1,107030290201
30.79509469884053,0,107030290202
37.44366204636276,1,107030410201
26.460284147114134,0,107030460201
33.00675027556172,0,107030460202
30.292253438923257,0,107030460203
31.222993970519102,0,107030460204
15.017934221712286,0,107030670201
19.870124668048426,0,107030670202
49.48748547601611,0,107030710201
21.48193453061195,0,107030760201
18.501775710330044,1,107030970201
43.27333788186828,0,107040010201
22.308658185012323,0,107040050201
32.89960827868645,1,107040050203
36.36905926244965,1,107040090201
29.423479693851196,0,107040090202
16.58787870001057,0,107040120201
28.05487580251062,1,107040120202
43.59776669464656,0,107040240201
41.616369418194815,1,107040240202
36.43290293299077,1,107040320201
34.86319243641463,0,107040320202
40.880311211617524,1,107040320203
23.396752589735563,0,107040360201
29.880392263234672,1,107040360202
28.34250714546872,1,107040720201
28.7988114785379,1,107040720202
38.587901949597104,1,107040840201
39.293276573945796,1,107040840202
36.62098996232683,0,107040880201
37.763293642159915,1,107040880202
47.114833522973626,1,107040960201
45.59918975351238,1,107040960202
40.31587177451643,0,107050040201
44.97320371756172,1,107050040202
25.846426829667607,0,107050160202
28.174985004613788,0,107050160204
35.375755061430205,0,107050390201
36.65503614618864,1,107050390202
11.399373886165037,1,107050620201
41.172515272068516,1,107050680201
24.028441156297397,0,107050730201
32.16341334041074,0,107050900101
45.92950541865498,1,107051310201
54.87623419081604,0,107060200201
50.023248139227114,0,107060200202
58.85875206847162,1,107060200203
45.26937543512035,1,107060240201
38.59337540020832,0,107060240202
16.404215286516045,1,107060310201
28.211327402076364,1,107060390201
10.645196933570324,1,107060430201
17.14296583462091,1,107060500201
45.21554124104847,0,107060580202
18.874796767593942,1,107060650201
32.18285655187988,1,107060730201
31.06265614824511,1,107060730202
22.720622291036136,0,107060840101
43.88453454541043,1,107070010201
41.946847077044616,0,107070010202
48.35808729089333,1,107070010203
31.458659061849275,1,107070090201
35.885157507589426,1,107070090202
52.79532188475107,1,107070170201
49.84805685394695,1,107070210201
46.131556062968876,0,107070210202
31.396958404688274,0,107070210301
19.402898444273887,0,107070250201
31.365819098543327,0,107070290201
30.379132862279057,0,107070290202
33.65784062903897,1,107070290203
28.854386370660578,1,107070370101
25.254202988435672,0,107070410201
28.40421567951415,0,107070410203
36.25522731623323,1,107070530101
38.666040263407055,1,107070770201
29.25684936369253,0,107070770202
37.25615728046207,1,107070770203
32.90915645686177,0,107070850201
34.77032757942067,0,107070850202
31.461354788876715,0,107070890201
37.12221103836776,0,107070930201
38.42755261109072,1,107070930202
25.991225272881923,0,107080070101
23.739394800650803,1,107080070102
19.829612140304178,1,107080110201
26.226591555596364,0,107080110601
27.662806390372324,0,107080110602
32.136996855270155,1,107080110603
45.0277765783186,1,107080150201
31.048550272058133,0,107080190101
34.37409891703952,0,107080230201
39.975840903566784,1,107080230202
33.11182079638195,1,107080270201
44.95410352073096,1,107080270202
33.445747553550326,0,107080270203
39.00678173324643,0,107080680201
34.02301892920284,1,107080920201
24.915262273915776,0,107080920202
34.31623076311491,0,107080970201
21.75620958723686,1,107090090201
27.22358658482126,0,107090090202
40.58303075602021,0,107090130201
43.73557413901889,1,107090200201
43.418877052754986,1,107090220201
35.88209203416152,1,107090220202
39.006990624737355,1,107090280201
28.987095418732615,0,107090330201
33.5331374000259,0,107090330202
40.1355298838722,1,107090430201
46.47193510405076,1,107090430202
45.69811008577691,1,107090500201
44.60605040672431,1,107090520201
34.208588225916294,0,107090520202
36.86467559462975,1,107100040201
41.69780371827875,1,107100040202
32.51780030645165,0,107100100201
30.141453808391834,0,107100150201
25.832620750586244,0,107100150202
36.17173013711168,1,107100260201
23.346107472275808,1,107100260202
34.05092235353572,1,107100340201
27.485461126280313,0,107100420201
36.296771926081576,1,107100420202
40.02736767879,0,107100440202
31.886787977122633,1,107100500101
30.082997377005437,1,107100500102
41.990690345276306,0,107100550101
21.534273169682116,0,107100580301
49.43841220100267,0,107100630201
29.78438551037887,0,107120010201
30.54643286194329,0,107120010202
26.517358019665814,1,107120020201
26.125675992508807,1,107120020202
37.905535602709136,0,107120030201
28.748715746725203,0,107120070201
34.72492207689667,1,107120070202
23.540368821647114,0,107120080201
32.23305471358794,0,107120080202
32.056591874398705,1,107120090201
41.01702231022098,1,107120090202
37.43818617095171,0,107120100201
34.40792796031437,0,107120100202
42.99647553741016,1,107120100203
51.509715832190615,0,107120110201
43.14941750293628,1,107130060201
41.23083315038832,1,107130060202
16.98506703363059,0,107130100201
26.22094362348618,0,107130100202
39.61876838214746,1,107130140201
34.39894960844872,1,107130170201
29.388580726874487,1,107130430201
43.93917216150968,0,107130450201
37.89455648005733,0,107140010201
33.198826445781776,0,107140010202
33.91978006085229,1,107140050201
37.46049258358663,1,107140050202
40.784688849253875,0,107140080201
37.62613527945509,1,107140080202
49.496722878440224,1,107140100101
41.468925305955416,0,107140120201
20.829274534712404,0,107140130201
28.26958330854939,0,107140130202
44.00409911220985,0,107140150201
36.610548993495776,0,107140150202
48.84260203054745,1,107140170201
41.65423606656186,0,107140170202
25.38574988861083,1,107140180101
22.355220571249237,0,107140180102
27.221466487271254,0,107140180103
33.07926972943593,0,107150020201
49.409304974671244,1,107150020202
28.17817686338762,0,107150040201
39.50960659365542,0,107150100202
38.16067434360069,1,107150120801
17.857458266122492,0,107150130201
43.387589403693134,1,107150190201
36.23961146375407,0,107150200201
50.08932682700079,1,107150200202
46.56879002546811,0,107150210201
33.22817760387725,1,107150250201
32.36631210807769,1,107150280201
33.658171085799054,0,107150280202
37.55707207064924,0,107150290201
43.17430352155577,0,107160040201
27.5603614874624,0,107160080201
30.003635799052272,1,107160080202
25.732598232705996,0,107160130201
21.780391113286424,1,107160130202
16.39498321991752,0,107160190101
47.48659444236401,0,107160240201
57.666447124621264,1,107160240202
23.220619088020968,0,107160270201
40.68121178863176,1,107160270202
39.78024744500724,1,107160280201
38.31038702558702,1,107160310201
32.95656118568375,0,107160310202
21.31288754728942,0,107170140301
43.324997781639105,0,107170170201
27.15949012162132,1,107170290201
44.425107961591394,1,107170310201
30.37726034499073,0,107170340201
41.20690756467529,1,107170340202
29.90375752791919,1,107170460101
21.149931335991887,0,107170490101
20.94968082298391,0,107170520701
30.281528826667675,1,107170550201
42.50112143126928,0,107170610201
37.19018529136018,0,107170670101
44.303326895996875,0,107170700201
37.890470162783195,0,107170700202
49.499825708318525,1,107180240201
37.76940297153813,0,107180280201
47.54888989312472,1,107180280202
33.362379739415594,0,107180430101
32.2035301429731,0,107180430102
51.63359736517014,1,107180550201
46.0415686252169,0,107180550202
33.55267823324023,0,107180580101
39.52602286125907,1,107180580102
26.837042012646,0,107180660101
32.61312216031186,0,107180660102
23.036792536746248,0,107180700201
33.109176816559156,0,107180700202
25.003077303784174,0,107180770201
31.593446805258395,0,107180810201
34.15682280366578,0,107180850201
35.62010293932567,0,107180850202
33.67131545806467,1,107180880101
31.10712599267079,1,107180920201
27.598109079769273,1,107180920202
48.339717729043,1,107190050201
41.96435223037684,1,107190050202
40.49044623609071,1,107190050203
36.81274128642498,1,107190080201
40.28167577832232,1,107190080202
47.68920006921804,1,107190110201
54.68137595514949,1,107190110202
44.62327804262762,1,107190110203
30.164754720757077,0,107190190201
40.70357687903878,1,107190190202
32.59826502168729,1,107190220101
47.513966584397224,0,107190250101
50.38330724598895,1,107190330201
37.85512046031861,0,107190330202
36.43862952378913,1,107190360201
44.57865395726818,1,107190360202
22.26941019591872,0,107190360203
29.633503279478703,0,107190420201
27.466072050573207,0,107190440201
26.993736602667372,1,107190440203
21.122254038958413,0,107190470201
44.71836376055495,1,107190560201
29.150046205597686,0,107190610101
32.755929321805446,0,107190610102
44.00132670938336,0,107190670201
46.745587732381196,1,107200010201
35.42674910705292,0,107200040201
23.020737717384524,1,107200130201
29.753564759907512,0,107200160201
23.498067523542392,0,107200160202
51.15401777670463,1,107200170201
52.4407590981791,1,107200170202
47.31073994001228,1,107200170203
38.157163176304906,1,107200190201
37.02323651963284,0,107200200201
40.99467141362765,1,107200200202
44.197370392991026,0,107200210201
43.15449590782371,0,107200240201
25.349612825431095,0,107200250201
36.194514325571525,1,107200250202
36.17143603963892,1,107200280201
27.361906844934943,0,107200310201
23.963416861278965,0,107200310202
45.12023187954801,1,107200320201
43.554704990739275,0,107210131001
40.977986888828504,0,107210131002
11.573192011696847,1,107210160201
28.44551173003888,0,107210340101
19.318271266144436,0,107210340102
24.21011860684915,0,107210340103
21.590248560811325,0,107210341301
24.455215127420445,0,107220150201
32.32665359240183,1,107220230601
28.812738673563622,0,107220230602
28.89210372525992,1,107220250201
22.80865699151625,0,107220320201
38.05787742499473,1,107220340201
46.80670315500553,1,107220360201
34.05225260369123,0,107220360202
37.79740901072565,1,107220400201
22.56909150834227,0,107220420201
25.06596027322122,0,107220420202
26.50580673412727,0,107220460201
13.858473745020312,0,107220500201
48.34659760767957,1,107240050201
45.15410502866293,1,107240050202
39.42954670296097,1,107240080201
27.225384300921174,0,107240080202
37.288983308233774,0,107240110201
35.667651741197794,0,107240110202
28.327737811415464,0,107240180201
32.91698172764449,1,107240180202
39.92267866805738,1,107240270201
30.92637091526929,0,107240310201
28.494522078974267,0,107240310202
33.174524389167196,0,107240370201
40.210503691147814,0,107240370202
45.31628647076457,1,107240370203
14.832379660955015,1,107240400101
49.47212788494588,0,107240470201
41.8643489632987,0,107240470202
12.687717972105595,0,107240560301
43.5380088247791,1,107240630201
28.6582145074059,0,107240630202
44.807062204471464,0,107240630203
48.00664912741824,1,107240660201
46.841196298467885,1,107240660202
32.166317712503265,1,107260010201
32.15168037224925,0,107260010202
32.92615497045497,1,107260130201
39.6430781646102,1,107260130202
41.41861144916608,1,107260410201
28.92064613660415,0,107260410202
45.73391191673415,1,107260410203
37.84797765419305,0,107260440201
45.474279556760685,1,107260440203
21.419584036388535,0,107260470201
48.452547383634,1,107260500201
53.77119703380927,1,107260530101
51.72335767390608,1,107260530102
25.000209275425775,0,107260620201
43.79579734306601,1,107260680201
37.13398248339052,1,107260740101
38.461046464908684,0,107270070102
36.829544345537215,0,107270070103
28.58206043823521,0,107270240201
33.68789477355922,0,107270240202
30.550931861107898,1,107270380201
32.45614414960482,1,107270380202
39.890644851426714,1,107270450201
37.04207605091476,1,107270450202
31.80340591242685,0,107270490201
39.74332659681527,0,107270490202
27.151236630363176,0,107270700201
39.71556360523474,0,107270840201
43.23600048095442,1,107270840202
49.57331734303511,0,107280090201
48.337182559171545,1,107280090202
42.350022824036984,1,107280160201
41.17362942103147,0,107280260201
52.32423091267642,1,107280260202
37.1966734822984,1,107280330201
32.05161452565295,1,107280330202
41.90624374792692,1,107280400101
50.480824716138,1,107280400102
40.079281573662705,0,107280400103
49.90068203308969,1,107280440201
45.17571863318226,1,107280440202
34.37414881171966,0,107280610202
41.935224788101515,1,107280680201
36.65145548347574,1,107280680202
39.33096137518025,0,107280680203
42.15448551633985,1,107280830201
26.080639049911724,0,107280830202
36.95448593507936,1,107290080201
35.769457685112584,1,107290080202
28.651056993123262,0,107290080203
30.375244987231905,0,107290170201
24.167228376553442,1,107290220201
35.861802175451025,1,107290270201
36.52904892238341,1,107290360101
46.844991669326525,1,107290400201
43.442760223509325,1,107290400202
26.890135997457172,0,107290450201
27.970749748389952,1,107290450202
26.581238863285954,0,107290490201
24.53738375144524,0,107290490203
45.52491862417716,1,107290630101
46.587246076840664,1,107290630102
33.448490009807365,0,107290720201
36.31717141261452,1,107290720202
27.629824140786777,0,107290770201
32.42968510517912,1,107290770202
41.28232088041104,1,107290860201
38.43059030884197,1,107290860202
40.81980400673017,1,107291000202
35.47571521297036,0,107291000203
36.061737067204,1,107300170201
23.287430075058364,0,107300190201
24.805850278964353,0,107300190202
22.634277208976467,0,107300610301
32.77167065909539,1,107310080101
39.40741062834491,1,107310080102
36.856955279443824,1,107310190201
36.39610439119203,0,107310190202
15.4619839351388,0,107310230201
18.5157231439838,1,107310230202
18.88709116977624,0,107310290201
26.453059199899542,1,107310290202
27.951433582675435,0,107310290203
34.71679772986035,0,107310400201
39.30732917471467,1,107310420201
30.142775975502012,1,107310420202
15.678908534518577,0,107310460201
8.260874100389927,0,107310480201
10.413192715540916,1,107310480202
44.185935003756015,1,107310520101
25.94531784338902,0,107320020201
24.48849159992623,1,107320020202
30.107945976828713,1,107320040201
33.71268002206481,0,107320040202
31.650636082599366,1,107320180201
36.89448119813246,1,107320180202
46.15908225480771,1,107320240201
42.7696291519902,1,107320240202
34.9857753344276,0,107320240203
31.426061031411205,0,107320260201
32.91626352170038,0,107320300201
45.36373449375063,1,107320370201
35.95755452927336,0,107320370202
29.93619226821109,0,107320410201
30.315669545442226,0,107320410202
26.094669088529553,0,107320430201
26.637778072415074,0,107320430202
47.85377061704778,1,107320490201
44.590036653592534,1,107320490202
34.39549075805793,1,107330070201
36.40120380299865,1,107330070202
33.9395378974626,0,107330070203
32.03357430734005,0,107330090201
31.066819556100544,1,107330090202
23.892404305217973,0,107330090203
22.747508096046964,0,107330130201
34.544853481587765,1,107330130202
27.777895901252695,0,107340020201
33.784733569262684,1,107340020202
26.135254319571832,1,107340040201
19.45006214713244,0,107340040202
22.0276131680064,0,107340080201
26.44605663466451,0,107340080202
43.47673336955603,1,107340110201
33.286209991859906,0,107340110202
31.98320228912215,0,107340130201
37.57293508098398,0,107340150202
25.08374408917049,0,107340190201
34.631440895948295,1,107340190202
48.79925252193748,1,107340210201
26.961044063043524,0,107340250201
15.255321410574373,0,107340320201
41.79077728003172,1,107340380201
17.43361461811732,0,107340400201
32.27068137681306,0,107340440201
40.16751386919449,1,107340440202
28.697223696042347,1,107340490201
45.58505060715757,1,107340510201
47.58963344931261,1,107340510202
21.962672801568473,0,107350020101
35.801149554383,1,107350020102
30.71867242385355,1,107350020103
38.91731793068294,1,107350020104
46.703844939930704,1,107350030101
40.249669338993556,0,107350030102
48.6700749608933,1,107350040201
39.832362789453136,1,107350040202
35.83140018440589,0,107350050201
36.891770177775314,1,107350050202
26.224929017007973,0,107350110201
32.140429042493714,1,107350110202
36.72789190694483,0,107350130201
28.434367524675903,0,107350160201
30.49420324279009,0,107350160202
37.90254824781226,0,107350190101
37.290578801962404,0,107350190102
23.264685679306567,0,107350230201
31.660178711339018,1,107350230202
33.96453456140757,1,107350230203
33.79139741850989,0,107350240201
31.599234663116953,0,107350260101
19.61392308701481,0,107350260102
52.66896100771298,1,107350270201
35.90724693575008,0,107350280201
50.16470674948038,1,107360090201
41.683701279815004,1,107360090202
36.64734907420634,0,107360090203
27.65913577804452,1,107360220201
26.614244130356376,1,107360220202
37.23257897039127,0,107360320202
47.550028900407355,1,107360380201
62.16865232954694,1,107360420201
44.78870348743403,1,107360480201
33.63489495556334,0,107360620201
43.09274844155783,1,107360620202
36.61277759304778,1,107360650201
22.985057067390766,0,107360650202
24.393095548806837,0,107360650203
18.870820712585708,0,107360780201
47.6013489226944,1,107360820201
49.93754257996235,1,107360820202
23.778963143528635,0,107370020201
30.362190096774395,0,107370020202
31.49865402764372,0,107370020203
29.05633146089015,0,107370040101
37.89838022181593,0,107370040102
38.099584632737255,1,107370070201
53.23353979508326,1,107370090201
46.68170716353984,1,107370090202
39.81124105822032,0,107370090203
17.84741683710891,0,107370130101
16.963111146198234,0,107370130102
18.37601439990351,0,107370150101
14.691057195088925,0,107370150102
44.3810900978674,0,107370360101
43.690325765788394,1,107370360102
43.55591990628192,1,107370490101
42.76023556765617,1,107370490102
8.714871492913932,0,107370530201
39.566860618145625,1,107380120101
48.73705928220829,1,107380150201
40.01771421698671,0,107380210201
43.27613750491925,1,107380210202
42.57961938828579,1,107380340201
40.642043720379036,0,107380370201
42.56817513278174,1,107380460202
22.676756803759314,0,107380490201
34.05946065453322,1,107380520202
38.60169055540199,0,107380650202
22.123621136252073,1,107390010201
33.38519657782917,1,107390010202
25.149414755220267,1,107390140201
36.53887368646846,1,107390180201
35.99279970145737,1,107390180202
23.643549458070915,0,107390220201
33.95507015147835,1,107390350101
30.72076715542532,1,107390350102
28.266368837141684,1,107390780901
53.07269043454384,0,107390820201
33.40505628900019,0,107390860201
40.4060508876878,1,107390860202
31.90887657076515,0,107410030201
36.47032220845635,1,107410030202
31.456594742591893,1,107410030203
42.609048906845324,0,107410070201
21.351921994795823,0,107410090201
29.264165704922927,0,107410090202
32.57782504619363,1,107410090203
32.45370334521414,0,107410150201
46.829063220001636,1,107410170201
36.085947347575946,0,107410170202
22.47523943095262,0,107410270101
39.258736128731805,0,107410290102
30.234506424259624,0,107410370103
17.57778385197324,0,107410430301
25.646926720613568,1,107410430302
54.06549930151799,1,107410490101
31.80371897265814,1,107420010201
33.439349893126824,0,107420010202
37.053139091344434,1,107420050201
30.441997513296833,0,107420050202
15.973881510380178,0,107420090201
19.664533423036453,0,107420090202
33.367072342000675,0,107420090203
52.9646306640462,1,107420330201
49.04590242995709,1,107420330202
41.5681732921595,0,107420370101
32.29526462052492,0,107420410201
29.60200071357677,0,107420450201
30.602388764605493,0,107420650201
41.49570160113218,1,107420650202
26.473072446976147,0,107420650203
24.977879243905257,0,107430020201
31.373983891522435,0,107430020202
29.395426044029094,0,107430030201
34.91966218801703,0,107430030202
28.758320232901948,0,107430050201
37.081611761842154,1,107430050203
34.01073607641015,1,107430060201
21.740284445643336,0,107430080201
32.16645188488415,0,107430080202
21.001860290450203,0,107430090201
27.620842967521444,0,107430090202
35.19763298207776,0,107430100101
40.441300806206655,1,107430120201
37.1479554459656,0,107430120202
36.14171479948546,0,107430120203
18.33408271209536,0,107430130202
25.611220649990372,0,107430130203
36.82753491658953,1,107430150201
26.367509524562514,0,107430210201
42.32362193575368,1,107430210202
43.33429974970237,1,107440130201
43.23528386038618,1,107440130202
39.837071218391,1,107440130203
47.206117227608146,0,107440260201
38.96005667778465,0,107440290201
20.517624312277405,0,107440290202
38.93974300918397,1,107440350101
27.345985459980266,0,107440350102
36.31883655388188,1,107440380201
38.14790379499082,1,107440380202
53.98363882860514,1,107440410201
43.286623547153546,0,107440410202
27.05351987565065,0,107440440201
34.35198583408354,1,107440440202
41.14666333499294,1,107440470101
33.78491769991793,0,107440560101
39.04838128168055,1,107440560102
37.224589779805385,1,107440620201
37.07699839549613,0,107440620202
44.98591426488072,0,107440750202
41.16309872069541,1,107450030201
45.12668888112939,0,107450030202
28.281046740452794,0,107450070202
19.090966617965478,0,107450070203
34.61327541982407,0,107450110101
26.961450877883667,0,107450110102
41.99365293089806,1,107450180201
44.911945124341386,1,107450180202
31.705820485595307,1,107450410201
30.930127976161554,1,107450410202
25.76092321427035,0,107450410203
33.58118314430635,0,107450450201
39.42603114891032,1,107450450202
39.32318543695997,1,107450520201
39.904161247924165,1,107450520202
54.78147510203348,1,107450560101
21.100658556009808,0,107450600201
28.010377822068413,0,107450640201
35.24321499787409,1,107450640202
40.34060574163357,1,107450680201
24.75425290527913,0,107450680202
32.726502712076496,1,107450710202
42.99316103794184,1,107450790101
42.855057258429284,1,107450790102
32.80990579474969,1,107450830201
19.00341709132136,0,107450830202
24.673784175384462,1,107450830203
32.82919346164966,0,107450870201
42.667837896169374,1,107450870202
34.248808585701106,0,107450940201
32.544084464234146,1,107450940202
28.545301419311663,1,107460010201
26.72303692086746,1,107460570201
45.02639032254403,1,107460770201
48.57588391508066,0,107460820201
32.21786704605962,0,107460920101
27.037051325531547,0,107461070201
22.507534894339063,0,107470210101
29.13468785647963,1,107470210102
29.57948480262196,0,107470210103
34.845763382219715,0,107470210104
49.835579722360784,0,107470350201
38.73834823060571,0,107470530101
16.978516833227925,0,107470570202
15.24287508359354,0,107470570203
22.016029676433593,0,107470680201
27.699786618034366,0,107470680202
19.548546912834553,1,107470680203
37.13363184457922,0,107470720201
22.62318065503854,0,107470750203
14.92445902245749,0,107480040102
42.7619330059679,1,107480280101
34.315364451688595,0,107480280102
40.90257119743974,0,107480360201
26.187191147475318,0,107480360202
35.516685653717516,1,107480420201
30.529225225934557,1,107480420202
33.92294447426752,0,107480440201
34.08183794879753,0,107480460101
34.28200430958648,1,107480460103
34.34797826843488,1,107480480201
31.65923518059733,0,107480480202
19.47614510915281,0,107480480203
33.19997361009066,0,107490030101
47.90402059469922,1,107490040201
43.28879921524454,1,107490040202
36.60708561902917,0,107490080201
44.139341308982395,1,107490080202
28.039904421561047,1,107490140201
25.059779733288213,0,107490140202
33.207494894249436,0,107490180202
31.894237928397402,0,107490220101
44.31582684657931,1,107500020101
29.21512128632035,0,107500020102
34.84249716556378,1,107500090201
26.880429969714868,0,107500090202
31.512252290045378,0,107500090203
42.470767664843116,1,107500090204
24.985987627847962,0,107500270101
22.511361236739436,0,107500410101
32.04930588932437,0,107500440201
52.251273460498936,0,107500480201
51.6425869784436,0,107500480202
36.56177428303465,1,107500510201
15.372713394828176,0,107500580301
28.97562039582788,0,107500620101
38.62160795683909,1,107500620102
43.7879345040069,1,107500650201
31.415071713678067,0,107500650202
39.89924457570398,1,107500760101
39.6435886125964,1,107500830101
29.44590670449289,0,107500870101
29.937689980206095,0,107510030201
37.760939781090634,1,107510030202
37.4584182884337,1,107510070101
39.726723685003066,1,107510070102
36.37289501944796,1,107510090201
33.92699123812004,1,107510090202
35.198162710633,0,107510100201
39.972563563182554,0,107510100202
22.53183835769852,1,107510110601
38.393866373812955,1,107510170801
26.195218883634837,0,107510170901
52.185322249366266,1,107510210201
46.94134028583303,0,107510210202
34.07301166436196,1,107510240201
29.032281144899283,1,107510240202
29.70686945253509,0,107510290201
34.997034401520814,0,107510290202
40.56973403617822,1,107510290205
36.56278517950837,0,107510330201
34.37534583522619,0,107510330202
51.07202328932488,1,107510340201
24.52937362869658,0,107520170201
36.24973631782077,1,107520270201
25.974039099569662,0,107520270202
36.844331996534734,1,107520270203
18.4431866433005,0,107520320201
26.436363115491023,0,107520340101
27.224291000661815,1,107520340102
25.061894287716605,0,107520370201
31.137987895008855,0,107520410201
38.16318569750843,0,107520440201
20.55645636806796,1,107520460201
35.539637316963685,1,107520490201
26.774940433678392,0,107520490202
13.71007183560196,0,107520510201
34.40775451115591,0,107520530201
33.37105649457809,0,107530020201
36.171861496909905,0,107530020202
49.90861734025923,1,107530100201
40.97470267978491,0,107530100202
24.176837740179703,0,107530170201
25.646952740664446,0,107530170202
38.30073291896657,0,107530200201
33.93270439081647,1,107530240201
31.369179098695895,1,107530240202
35.37193913007644,1,107530310201
35.83719722473431,1,107530310202
34.068843104121605,1,107530310203
24.55900258125778,0,107530420201
40.72524567531191,1,107530420202
41.65568098220566,1,107530530201
30.697147976486214,1,107530530202
32.02692969803876,0,107530560201
24.557269741783266,0,107530560202
32.53719093206423,1,107530780201
37.55877647590356,0,107530850201
45.57739770976762,1,107530890201
29.56858455124942,0,107540010202
32.091152184394865,0,107540010203
24.646572362923866,0,107540060202
35.31097678816733,1,107540110201
32.36668583569877,1,107540110202
24.895709386977355,0,107540110203
22.78980708087706,0,107540160201
24.14003903259212,0,107540160202
26.176516881752114,0,107540160203
51.911101016500545,1,107540210201
25.343983222403214,0,107540250201
28.63266782811182,1,107540250202
32.15501411000821,1,107540250203
36.148253682239805,1,107540300201
37.87453073287548,1,107540300202
33.68544167677776,0,107540600201
15.346184808415728,0,107540690401
29.3608393205886,1,107540690402
34.586520798918656,0,107540990201
37.91906844840212,0,107540990202
47.04367321479812,1,107540990203
31.786610189853153,0,107541130201
35.63929511457356,0,107541130202
23.080094174068485,1,107550020201
33.14958487381622,1,107550020203
28.710799783110716,1,107550120201
21.64164987386806,0,107550170201
29.42122708721617,1,107550170202
22.347485149030796,1,107550170203
49.97740438388314,1,107550190201
49.365069954755064,1,107550190202
38.044770647362114,0,107550220201
48.497511815071164,1,107550220202
28.53371915827841,1,107550240201
13.501307779942433,0,107550270201
5.723180784506804,0,107550270202
30.553473227733082,0,107550320201
39.08081166109483,0,107550340201
43.03602112827378,1,107550360201
34.080754996011336,0,107550360202
42.81085120132023,1,107550510401
41.13664029007118,1,107550510402
22.206382457268802,1,107550530201
17.618203492641463,0,107560010301
29.951150045879437,0,107560020101
20.301749364780367,0,107560090201
11.445466210976308,0,107560090202
44.80593042172637,0,107560110101
31.31110875723828,1,107560130101
16.370946552392695,0,107560140202
27.17505541849003,0,107560140203
45.1173709085637,1,107560160201
47.4371550546041,1,107560160202
48.155657029056776,1,107560210101
16.813815935438303,1,107560260301
24.867296536251178,0,107560280101
32.26841898317892,0,107570060201
31.472675640604965,1,107570060202
37.411345837463486,1,107570080202
28.56262794875875,1,107570110201
28.74795061669854,1,107570110202
39.029172166730476,1,107570160201
36.15373324525758,1,107570160202
33.436397232331984,1,107570210101
31.874102871960275,1,107570210102
32.890133024467794,0,107570230201
30.20624426462433,1,107570310101
26.22497953517749,0,107570310102
25.584124871794735,1,107570310103
32.46433735240035,1,107570430201
37.41878167249381,1,107570460201
30.590126781650767,0,107570460202
24.33969385073809,0,107570480201
33.53863195399348,1,107570530201
37.331393598176874,1,107570530202
50.58573492163567,1,107570550201
27.994864708550807,0,107600090201
33.57399361545496,1,107600090202
46.45243545893037,1,107600200201
39.982579529218334,1,107600200202
34.95198562622304,0,107600200203
26.44615790284375,0,107600250201
29.067460639254367,0,107600320201
31.862308964874092,1,107600320202
36.373908300398845,0,107600470101
26.653711191363058,0,107600470102
31.84041424328356,0,107600520202
42.2699049155329,1,107610020101
29.31739564459998,0,107610020102
25.60305184110027,0,107610050201
35.75417962812364,1,107610080101
41.00398324972864,0,107610110201
53.78949772719612,1,107610110202
54.52303861545349,1,107610140201
45.82924305102466,1,107610280201
36.92839310870687,0,107610280202
41.91679909005216,0,107610390201
52.01443810752095,1,107610390202
36.48644035235075,1,107610420201
26.013666286900495,0,107610420202
32.320972343716576,1,107610480201
16.759646744296735,0,107610480202
47.24372845438399,0,107610510201
49.1224161092316,1,107610680201
46.093015641048716,1,107610710201
27.223097626004936,0,107620010201
22.973097907537717,1,107620190201
25.557863122605198,1,107620190202
34.94366861413122,0,107620240201
40.95659597415121,1,107620240202
53.809420360584426,1,107620330101
39.80487448306084,0,107620330102
17.549247811836427,0,107620520101
32.76764687391887,0,107620700201
31.461780760129766,1,107620700202
40.53129130506096,1,107620750201
36.64394374591223,0,107620790201
40.43860609502815,1,107621070201
31.801097820594876,0,107640100201
42.71425149191142,0,107640100202
30.387206568224254,1,107640130201
32.28803006616643,1,107640130202
19.904699273259343,0,107640190201
34.28568547963344,1,107640190202
35.40903635704428,0,107640210101
27.797983983329885,0,107640240201
28.94322835633044,0,107640300101
35.92028608859596,1,107640300102
34.38326364326848,0,107640350201
44.16659875348853,1,107640350202
43.07226569079725,1,107640350203
34.25175548304473,1,107640440201
33.51125365072877,0,107640520201
29.088351173953253,1,107640520202
31.046509030120404,0,107640520203
32.49067806697726,0,107640630201
33.26207904464137,1,107640660201
22.342522032937545,0,107640660202
38.920873071631064,0,107640690101
34.550613152982216,1,107660010201
22.514748983268472,0,107660010202
31.620967431577522,0,107660010203
40.72627258214792,1,107660030101
29.52894903552643,0,107660040201
44.29325416990226,1,107660050101
44.197152160116694,1,107660130201
30.459925461925213,0,107660130202
38.62954320333409,1,107660140201
44.063149639124596,1,107660150201
28.82403822174436,0,107660150202
32.606869316134876,1,107660200201
37.1690401694824,1,107660220201
37.73826727104182,0,107660260101
35.938746986228026,0,107680020101
48.99109239184886,1,107680020102
36.65102716830597,0,107680100101
41.17366726922712,1,107680130201
30.93440071472022,0,107680160202
52.944480585126904,1,107680180201
40.063057614117945,1,107680250201
26.96433472646795,0,107680260101
23.277592287434473,0,107680310101
42.881635095643745,1,107690020201
37.17698442234704,0,107690020202
52.72994590548665,1,107690080101
40.80877658291843,0,107690160201
45.71549025311144,1,107690310201
26.163868367503518,0,107690310202
36.21372485363157,0,107690340101
19.43684822844729,0,107690580101
35.391064835671514,1,107700140101
33.89722400902291,1,107700140102
21.725889563736924,0,107700190101
24.753614667002356,1,107700190102
18.771477341793204,0,107700190103
37.208296668048746,0,107700230201
48.88217930552029,1,107700230202
38.81434442446193,0,107700230203
35.960234654662095,0,107700320102
24.01476166372534,0,107700370101
28.876756181843206,0,107700370102
38.47425619696541,1,107700730101
43.38535838696893,1,107700730102
24.72130508643507,0,107700820101
26.73429997813049,1,107700820102
24.202187589846698,0,107700820103
43.36275761315305,1,107700910201
27.780595571344378,0,107700910202
29.984660059743913,0,107700910203
28.856686907508436,0,107700960201
42.01546225382032,1,107701000101
34.31915805350875,0,107710220201
53.32206101834357,1,107710250201
32.23948671516566,1,107710320101
34.17163063885607,1,107710320102
18.269775556549448,0,107710410201
27.848797975713836,1,107710410202
31.117238413960774,1,107710580201
26.896960411246848,0,107710580202
18.554108801108686,0,107710610201
47.95888617204537,1,107710780101
34.00197138701327,0,107710810201
42.94498904985441,1,107720010201
39.30312790953943,1,107720070101
28.560286312436943,0,107720070102
33.08910884802287,0,107720160201
40.277378731278944,1,107720160202
41.91465939750661,1,107720250101
30.30903743486456,1,107720340201
36.234262534962554,1,107720340202
46.947803849426464,0,107720550201
33.57852815457034,1,107730010201
51.251223109537634,1,107730030201
47.09291528442646,1,107730110201
41.40929845286804,0,107730470201
37.98461975216298,0,107730470202
22.80860643427777,0,107740090101
29.752393383284414,0,107740130201
30.841138604707798,1,107740160101
42.441513211692566,0,107740200101
35.10664922018566,0,107740260201
30.754379720748602,0,107740260202
24.9099051229639,0,107740430101
33.501497207011006,0,107740470201
34.443778407668944,0,107740470202
16.983506640679014,0,107740570201
25.366896640116984,0,107740570202
38.58822011588812,1,107740740101
34.41165984057194,0,107740770201
40.004700360881756,1,107740770202
38.55967388483453,1,107740810201
28.433387888828666,1,107750010201
25.688542927502937,0,107750010202
39.24189272272511,1,107750010203
24.0592116959886,1,107750060101
25.204110902767706,1,107750060102
21.46753529303441,1,107750060103
38.04376567926718,0,107750080101
38.76900891707782,0,107750090201
34.83417546187366,0,107750090202
26.276929494683337,0,107750090203
36.21033947416193,0,107750090204
34.697132424857344,1,107750140201
36.218754898340364,1,107750190201
34.824308120652034,0,107750190202
26.569234406262268,0,107750190203
38.03192316994212,0,107750200101
37.49012207905438,0,107750200102
24.004807000448473,0,107750210201
30.919638340368998,1,107750210202
35.15495533628522,0,107750210203
22.269187555994055,0,107750240301
26.37963716438039,1,107760100101
51.56433469709633,1,107760130201
49.391932535140946,1,107760130202
36.07263430258096,1,107760160101
39.40096210142571,1,107760160102
38.4762429427188,1,107760270201
44.74801218784376,0,107760300202
37.00740495521687,1,107760330101
20.236999614583638,0,107760370201
31.790721215186274,1,107760370202
39.15159156692322,1,107760640102
39.76378122053688,1,107760640103
22.037462625823295,0,107760740201
24.178176950050517,0,107760740202
41.407305690125945,0,107770070101
40.80372851990391,1,107770070102
47.14629681099011,1,107780270201
42.89354503826519,1,107780270202
54.1211345156693,1,107780410201
39.6934996370831,1,107780440202
37.477932449581985,1,107790010101
38.07226586423575,1,107790010102
46.76119166544357,0,107790050101
42.29508790884301,0,107790050102
29.118601317704467,0,107790230101
42.50101397904318,0,107790250101
39.63225224253541,1,107790250102
18.823368369281898,0,107790340201
38.42208901731509,1,107790390101
28.712943811772238,0,107790390102
19.404427316276326,0,107790390103
54.962489598924435,0,107790430101
35.30009642178315,1,107790480101
24.531661638921076,0,107790480102
31.236188769442922,1,107790480103
33.49300146220383,1,107790500201
34.40129770854705,0,107810020201
42.913321102135946,1,107810020202
48.404341449116885,1,107810040101
37.55503604067859,0,107810070101
46.24577701069498,1,107810080201
34.11802928731417,0,107810080202
41.353646093795255,1,107810110201
27.303682819347543,0,107810110202
53.17111776373266,1,107810130101
46.21820601626491,1,107810130102
34.34441982726359,0,107810150101
8.426698193181656,0,107810170101
41.205183030880896,1,107810190101
41.69254167956838,1,107810220101
41.29632391157741,1,107810220102
42.802156641794014,1,107810220103
38.28240379681745,0,107810250101
50.754532931609475,1,107810250102
32.0471103259561,1,107810330101
24.687345602630252,0,107820020201
41.758138082541194,1,107830030101
34.99214842487893,1,107830070201
41.13644296951249,1,107830070202
31.52043330566307,1,107830150202
26.37800923077239,1,107830220101
30.629153450034114,0,107830290201
34.996958995388304,1,107830290202
36.09395627987603,0,107830340101
45.36139766987932,1,107830400101
34.88677652112785,0,107830400102
38.784573236818844,1,107830400103
52.1017724693695,1,107840030101
45.8174693788863,1,107840030102
30.629120879881484,1,107840070101
43.39649128173398,1,107840120101
22.376422747444156,1,107840160101
49.40061738052387,1,107840210101
36.03254245196514,1,107840230101
37.61128713236171,1,107840230102
22.368882922163838,0,107840250101
38.80198048239819,1,107840280101
33.91397680443585,1,107840280102
42.219120640080625,1,107840300101
39.21293729076754,1,107840300102
26.810520246773354,1,107840440101
17.113703105427874,0,107840440102
38.718492819930354,0,107840510101
35.31552174156833,0,107840530101
36.223574765224264,1,107840550201
50.37851544013494,1,107850260101
47.862186494565236,1,107850260102
30.79670313804347,1,107850350101
31.958350355698684,1,107850350102
37.963485495489515,0,107850540202
23.61089525607038,0,107850730101
44.40758321127666,0,107850820101
41.91454114779678,1,107850870101
38.68092579199037,0,107850920201
37.78595796718714,0,107850920202
32.73142516629561,0,107851010201
36.78038248154746,1,107851010202
35.64847620422468,1,107851060101
32.54604155755767,0,107851150201
47.365604727236565,1,107851150202
46.23569165838858,0,107860010201
47.93506223642546,1,107860090201
20.982321361453533,0,107860130201
33.15902782881132,0,107870030101
25.987315301548726,0,107870030102
24.689457858738216,0,107870050101
30.614846212748045,0,107870050102
27.93271550516024,0,107870060101
18.222265746718044,0,107880030101
43.312927815767296,0,107880060201
56.683891467605584,1,107880060202
42.90891563075193,0,107880130101
36.51376055472271,1,107880190101
36.991573788114394,0,107880190102
40.92783338863415,1,107880320202
42.40576324129906,1,107880320203
40.862252916029924,1,107880450101
27.3230845032332,0,107890170101
29.35401058422721,1,107890170102
34.9684202637799,1,107890220202
18.05941414061972,1,107890350102
19.372534594153937,0,107890350103
27.077288645467664,1,107890350104
41.88744207420301,1,107890370201
33.25526821801883,0,107890370202
40.34784602661396,1,107890370203
41.40564617348675,1,107890410201
49.13611717122468,1,107890440202
54.21112750050693,1,107890460101
29.936948348515052,1,107890520101
54.37298468163458,1,107900160101
42.41705150942457,1,107900190101
40.00424389176902,0,107900190102
45.61173676851955,0,107900190103
33.05276246567116,0,107900280202
60.923828226572205,1,107900310202
36.62161619975751,1,107900370101
44.839096892891334,0,107900490102
24.67792829641839,0,107900670201
38.69422553846609,1,107900730101
34.03915663051888,0,107900730102
26.6635498547918,0,107900730103
32.52848505903566,0,107900730104
26.397547107903726,0,107910040101
30.38254004217914,1,107910040102
36.93530708175271,0,107910090201
44.9030641502742,1,107910090202
44.95755077732504,0,107910090203
38.02205380440091,0,107910280101
34.92265350644421,1,107910280102
39.71969093443497,1,107910330201
19.803950675723716,1,107910480401
18.274597703148913,0,107910530101
31.39767209842445,0,107910580101
47.123236183429846,1,107910630101
46.11168429460885,1,107910830201
31.937118746598063,0,107911020201
26.121875532413974,1,107911020202
31.10175306934753,0,107911020203
48.491585537072446,0,107911070101
26.07250132703317,0,107920150101
30.740973377506986,0,107920150102
36.998698412806334,1,107920170202
29.873816228469536,1,107920170203
35.1227863884302,1,107920210101
33.03013259633953,1,107920320301
23.220559612040553,0,107920380101
38.83795388967125,1,107920400201
36.67180465071894,0,107920400202
30.098862104283246,0,107920460201
34.785877265689024,0,107920460202
28.10884463259028,0,107920480101
28.0768448224058,0,107920480102
18.23089251058363,1,107920500101
22.49584891766002,1,107920500102
36.44310426239459,1,107930010201
44.820893046092706,1,107930010202
29.111081834010115,0,107930130101
30.858322685321465,1,107930310101
42.83046602501809,1,107930310102
28.516910112027194,1,107930480201
29.98635340251674,1,107930480202
17.780291272004927,0,107930520101
28.687298651337425,0,107930520102
40.91964145038281,0,107930730201
31.11515562642509,1,107930730202
30.63573455649124,0,107930790201
33.49587387999974,0,107930920201
26.050568782356923,0,107930920202
27.291507085719836,0,107930920203
40.87686504666737,0,107930960101
34.576796643867795,1,107931000101
32.06801145639393,0,107931000102
26.055731643381996,0,107940090102
51.82437282622806,1,107940130101
45.87420329624285,0,107940310201
45.239179502781994,1,107940340201
42.64399137630616,1,107940340202
46.17722962445824,1,107940480101
34.30326045684227,1,107940590101
29.66747946772851,0,107940590102
31.112788944663674,0,107940620101
32.37132878242324,0,107940620102
23.030457987782324,0,107940660201
18.858225270327715,0,107940760101
29.633302980988496,0,107940760102
21.489948027103434,0,107950180101
49.24823582800698,1,107950280101
35.344500045691284,0,107950380101
40.70991086709327,1,107950410201
36.50530467097976,1,107950510101
20.578209398397988,0,107950770101
24.458885987187184,0,107950770102
27.350421576916503,1,107960020101
32.057412733531116,1,107960020102
39.65166782196323,1,107960060201
44.09274615741767,1,107960060202
26.561559029478428,0,107960070101
25.12230390603483,1,107960070102
23.940157083779567,0,107960070103
56.15643805068943,0,107960080101
51.50401761318291,1,107960080102
18.846525833843533,0,107960110101
41.97143445162503,1,107960170101
15.354815156522964,0,107960180201
31.49337840796169,1,107960270201
43.6023656966017,0,107960300101
35.520308178622216,1,107970050102
21.963669031935652,0,107970050103
33.505471109276485,1,107970080101
37.56493081230997,0,107970080102
34.02375694183215,0,107970080103
50.32185443607844,0,107970170101
28.571824675962212,0,107970200101
38.32572918079158,1,107970260101
32.76973311261201,1,107970260102
19.036843326905327,0,107970370101
29.90000213124431,1,107970670101
28.298867831007655,1,107970670102
39.19371676767976,0,107970700101
33.94047033379207,0,107970730101
32.356595673411036,1,107970730102
51.757893316394764,0,107980030101
34.512209738517114,1,107980100201
27.649184772159586,0,107980280201
40.91081433031872,1,107980350101
29.595383306396087,0,107980430101
38.353674631630824,1,107980500101
31.50547376415372,0,107980500102
30.078279116525025,1,107980530201
36.588163046043334,1,107980530202
36.081677935766365,0,107980710101
39.69715886822575,1,107980710102
41.343053952576064,1,107980780201
32.21419986965963,1,107990010201
33.537561939607414,1,107990010202
42.150027097104925,1,107990040201
36.00573723770327,1,107990040202
42.25664104387157,0,107990070101
48.946872459968844,1,107990120101
20.780242911160418,1,107990150101
14.383086654597363,0,107990150102
36.630333778291806,1,107990180201
28.532429680305267,1,107990230101
27.531273865450313,0,107990260201
31.27290905012042,0,107990260202
45.88578794204001,1,107990290201
42.62854289373151,1,107990370101
39.80150457609865,1,107990370102
24.508872107630978,0,107990400201
30.684459893717,0,107990430201
41.952636175737126,1,107990490101
44.573155277153575,1,107990510101
41.75798338916328,1,107990570101
41.56140661048181,0,107990650201
29.734798565920755,1,107990680201
37.55406309646524,1,107990680202
41.70242792981595,1,108010090101
26.573879066024602,1,108010140201
30.382633111052318,1,108010140202
25.02061692318696,0,108010140203
38.82934463812235,1,108010160201
43.33743014111505,1,108010190201
28.726063180142614,1,108010210201
31.412238431748662,1,108010210202
11.76504241964187,0,108010280401
32.621169900736355,1,108010310101
23.669190339108106,0,108010450101
31.89305148525928,0,108010490101
33.52772994240202,0,108010490102
30.956803351557344,1,108020030101
27.17633280830279,0,108020030102
32.73947576127675,0,108020250101
45.971051038859486,1,108020350101
46.456941566329,1,108020350102
49.26205605481356,1,108020640201
42.794746106689566,1,108020640202
19.696353927630458,1,108020700201
18.649387585207908,0,108020740201
23.419410566402274,0,108020800201
33.99291602164631,1,108020800202
22.611261135690636,0,108030080401
26.197311174281026,1,108030080402
37.67533237641679,1,108030240101
27.414916343725505,0,108030240102
13.417459319252146,0,108030290201
22.89838062937998,0,108030290202
15.022792934006425,0,108030540301
38.00407673646394,1,108031100201
31.92994166666896,1,108031100202
14.06921757383115,0,108031130201
40.20225042155097,1,108031150101
20.794024974296168,0,108040010501
24.972167315257945,0,108040040201
24.257975038583105,1,108040040202
30.492673146788707,1,108040070201
12.026023921702393,0,108040070202
22.22445671654979,1,108040070203
34.89300141574505,1,108040270201
31.58863826357659,0,108040350201
24.24010864825872,0,108040410201
28.597088295003903,1,108040460201
22.349578099572454,0,108040490201
21.69220420182958,1,108040490202
23.12630063009293,1,108040570201
16.749334058945962,1,108040570202
22.82348560006221,0,108040690201
29.35863861127739,1,108050130101
23.21434234036276,1,108050250201
26.451953031137606,1,108050250202
41.66474674894961,1,108050310101
8.244332315443081,0,108050360201
17.49476042089371,1,108050570201
37.32034768272757,1,108050600201
34.74861294391073,1,108050600301
18.980623236541135,1,108050600302
14.552039287435502,0,108050690101
35.87863703233091,0,108050720201
11.966622544914003,1,108060060201
14.948046397349735,1,108060280101
16.158893225745423,0,108060280102
24.481011547712004,1,108060390101
31.015233962117637,1,108060450201
15.072380130011334,1,108060550101
19.802663636667415,1,108060550102
19.48456752629402,1,108060800201
15.216025052103646,0,108060800202
15.22784271156422,1,108060800203
14.837635405171383,0,108060820201
13.42896549903321,0,108060820202
24.43683453969969,1,108060860201
14.112566295959253,1,108070590301
21.943923837362885,0,108070650101
28.112189483771512,1,108070750101
21.7689427691062,1,108070930201
31.734482515290942,1,108080080201
29.316304252241977,1,108080080202
25.309264159890777,1,108080080203
16.120665492634206,0,108080150201
28.175208169104362,1,108080190201
28.86541052959168,0,108080190202
30.23216413205022,1,108080270201
17.381984932641817,0,108080430201
28.70904665029673,0,108080470201
25.630937246547376,1,108080510101
31.87568014977325,1,108080510102
13.370355354020209,0,108080550201
19.863096415386867,1,108080550202
22.40242097654675,0,108080550203
35.31755763510623,1,108080700101
30.36536298348383,0,108080740201
35.314104107710875,1,108080780201
30.139559368517048,1,108080780202
18.689133882581153,1,108080900201
32.883923481501384,1,108080900202
31.689607475868737,1,108080900204
27.24159952566916,0,108090020101
40.34118652397042,1,108090020102
34.39498662649725,0,108090080101
29.545215666933004,0,108090080102
20.41546040813388,0,108090130201
23.30395899028259,1,108090190201
37.62070161930223,0,108090230201
46.47417614783509,1,108090260201
45.97661291209194,1,108090290201
38.48043723404672,0,108090290202
28.106650013184836,1,108090320201
25.408958681617186,1,108090350201
29.027220457546132,1,108090380401
26.996963270237977,0,108090410201
30.064744763859743,0,108090410202
24.17416944542195,0,108090520201
34.66667707040695,1,108090620301
35.759229213185925,1,108090740201
25.048087811370564,1,108090780101
15.463728710496099,0,108090780102
12.62557876693702,1,108090780103
11.24110773418798,0,108100170201
14.715676428394927,1,108100170202
24.41039442602625,1,108100720201
15.433488916950814,0,108100720202
35.76874090306608,0,108100850201
40.23988854464473,0,108100850202
16.79520852324382,1,108100960201
17.84692941784971,0,108100960202
32.087187806644884,0,108100990201
11.12524875147557,0,108110150201
16.808689586256357,1,108110150202
17.856390292113947,1,108110150203
25.2378954756385,1,108110190201
32.33910584028718,0,108110390201
40.29285781044764,1,108110390202
28.52832566463891,0,108110520201
33.334391509161236,1,108110520202
31.3841050497308,0,108110740101
27.26963068268002,0,108110800101
26.04135614753284,0,108110800102
24.477646494987038,0,108110850401
17.416133038519025,1,108111350201
36.90598130401045,1,108111380201
17.236961168775913,1,108120060401
35.963156285511076,1,108120090201
26.15974961708416,0,108120360401
20.987388003025792,0,108120360501
15.79196887927963,0,108120360502
26.715656403134957,1,108120380201
29.175531305045233,1,108120530201
42.2632858659936,1,108120860101
34.09403668824099,1,108121030101
19.633406909158342,1,108121110201
11.633932329283999,0,108130100201
36.94352046729101,1,108130140201
26.952306088596266,0,108130140202
23.484659224418937,1,108130190401
11.557741465837612,0,108130190402
19.0016395912915,0,108130190601
26.782858794596304,0,108130760101
30.775110106228766,0,108130760102
16.573597172824186,0,108130870201
29.285892209658734,1,108131080201
11.13507692709399,0,108131080202
17.13611085335393,0,108131170201
14.8475645847214,1,108131360201
22.155510818199907,1,108131360202
29.27603798312768,1,108140280201
33.88907125188321,1,108140570201
29.619796343630103,1,108140570202
26.441708562307404,1,108140620101
38.52900910384307,1,108140620102
29.58005649660291,0,108140810201
25.153462638191474,1,108140810202
26.140317052652897,0,108140810203
44.170966024260764,1,108140860201
27.73399073286321,0,108140900101
23.410386530761276,1,108141090201
17.074815472970297,0,108141090202
16.87263198029556,0,108150130201
14.360053926175016,0,108150130202
14.049559473138206,0,108150240201
38.3344625137524,1,108150350101
17.199246968979974,0,108150410101
26.620081078265542,0,108150520201
30.01724362972686,1,108150520202
24.65818667341602,0,108150640101
38.373789349304516,1,108150690101
29.87414831284082,0,108150690102
45.97202328042491,0,108150920201
44.86627547953325,0,108151200201
18.849782606303357,0,108151260202
23.595773672848484,1,108151310201
20.690933401522916,0,108160200201
27.81093693691317,1,108160520201
5.616773973347501,1,108160680201
30.738616972768178,1,108160870101
18.823493317466713,1,108160870701
26.509594412865923,1,108161000101
33.18733655123664,0,108161190201
31.625946135543785,0,108161190202
33.41274740488393,1,108161270201
29.740785392543465,0,108161550201
27.992498114413273,1,108170140101
33.42928699632244,1,108170300201
18.688571517838454,1,108170390201
13.622049681747132,0,108170540201
18.139812660842736,1,108170540202
13.196049127237824,1,108170580301
28.40151145253159,1,108170640201
25.208667173324454,1,108170730101
18.5676080725778,0,108170730102
22.084183711579037,0,108170780201
16.76330748454698,0,108170980201
28.27974770194571,1,108170980202
19.61192275351283,0,108171170201
30.381111423255874,1,108180080201
34.89901688601681,0,108180220201
42.7186206983984,1,108180290201
17.537251780516662,1,108180390201
32.531646051143525,1,108180410201
21.458780956420675,1,108190110401
18.484811732772442,1,108190130201
17.555713425749435,0,108190160201
22.28558579152782,1,108190200201
20.257375823725567,0,108190200202
32.31296566076484,1,108190410201
24.37222857580963,1,108190490101
23.314744696801572,1,108190550301
40.27223469187214,1,108200020101
17.978544130526597,0,108200090201
15.117551283065502,0,108200090202
21.503738428861737,0,108200120201
31.394676374722078,1,108200120202
27.328837230439184,0,108200120203
35.23531473025928,0,108200170201
20.338058552001776,0,108200220201
17.008008429980382,0,108200220202
32.949970705924116,1,108200220203
38.25417030614016,0,108200260101
24.828080504585703,0,108200290201
27.342392569888496,1,108200310201
33.73262805193931,1,108200360201
37.7700271029258,0,108200390201
41.79447033341175,1,108200390202
20.145587504826988,1,108210040501
20.685780258647966,0,108210040502
38.10343190680632,1,108210370101
18.952965893921863,0,108210550201
31.6258121515347,0,108211050201
28.5752828548408,1,108211050202
16.7100954521179,0,108211120101
16.620323244098977,0,108211240101
22.572164729139303,0,108211300201
22.300125634881873,1,108211300202
18.435012290192493,0,108220210101
21.49071366910644,1,108220210601
11.725814873950876,0,108220310201
16.10756137591966,1,108220410201
15.261418586300822,0,108220500201
23.543546340982346,1,108220500202
33.04997692656063,1,108220550201
12.169255176925322,0,108220690201
8.172840658732731,0,108220780201
20.17221085305231,1,108220780202
34.65412206678386,1,108220860101
26.142755917900487,1,108221070201
22.271268054578687,0,108221070202
22.696330253997658,0,108221230201
15.152800237266737,1,108221270201
17.613135482190522,1,108221270202
15.763534662385153,0,108230020201
20.47554129434539,0,108230020202
19.424767389894185,1,108230050201
28.0659514712506,1,108230050202
21.62616620870832,1,108230140201
19.093196444609333,1,108230220201
30.262378885082565,1,108230250901
11.394368440891448,0,108230270201
11.465974763975426,1,108230310201
15.848054523880156,0,108230480201
24.779960572876973,1,108230480202
24.396866706770336,1,108230530201
29.58368657096593,0,108230620201
18.529657832535207,1,108240130201
18.768469010384322,1,108240130202
10.376185566518696,0,108240210201
20.260347149142323,1,108240540201
21.304195772287713,1,108241140201
15.073234727861461,0,108241210201
13.450160471934023,0,108241470201
12.619010541729667,0,108241650101
45.19800440958484,1,108250060201
18.09328717449861,0,108250200101
21.94605866577562,0,108250290201
19.61741201420951,0,108250290202
22.555058497887707,0,108250490201
22.554027498558533,0,108250490202
33.338881283149924,1,108250520201
15.36659985235877,0,108250520202
20.851093579102365,0,108250610201
23.8371585469276,1,108250610202
23.09886004448301,1,108260010201
29.589795448092772,0,108260010202
21.865464112207423,1,108260070201
16.52134184956001,0,108260070202
9.67342193239913,0,108260310201
16.850751313667207,1,108260310202
11.314670981937269,0,108260310203
23.12175649080002,1,108260420201
15.01631725504837,1,108260420202
24.484410945012776,1,108260480201
40.75090564330841,0,108260560101
34.10837397946273,1,108260640201
25.187067471804628,1,108260640202
39.42104120177159,0,108270100201
26.794024658719383,0,108270140201
21.94116196110429,0,108270170201
21.450475117870422,0,108270170202
18.037866279982527,0,108270310201
20.933031171195935,0,108270350201
20.44294645527912,1,108270440201
35.72853335194068,0,108270480201
43.403508146664464,0,108270530201
26.880670523315068,1,108270780201
22.37479392903025,0,108270940201
14.735464025090582,0,108280180201
27.03181984663618,0,108280330201
28.293630588771233,0,108280630201
36.05684141613932,1,108280750201
25.392309846088608,0,108290430301
12.985279291630812,0,108290640201
16.40470173317779,1,108290640202
12.275975178137182,0,108290690201
8.635260582152963,0,108290690501
36.78501213591308,1,108290870201
18.18081052375544,1,108290970201
26.36867972694429,0,108291070201
16.700999109544554,1,108291070202
20.565778063650175,0,108291120101
43.636482492145376,1,108300260101
33.100926595537246,0,108300320201
25.87236088985889,1,108300510201
28.56394007702498,0,108300510202
33.578714424925856,0,108300570201
28.359154405066125,0,108300570202
42.21047137217973,1,108300600201
34.4814065401836,0,108300600202
29.772233239524198,1,108300670201
34.20873076992924,1,108300720201
36.53531282749241,1,108301110201
23.015851556417978,0,108310080201
17.71477765969716,1,108310080202
17.545967641245266,1,108310080203
31.900555145217044,0,108310100201
10.107468518043582,0,108310130201
27.816917776220233,1,108310450101
14.32960920608422,0,108310610301
22.207883400949935,1,108310640201
23.465042131785296,1,108310640202
29.226961756218458,0,108320080201
26.635541846267824,1,108320080202
35.611113398900805,1,108320140201
19.30296396205936,1,108320140501
17.685844487911346,1,108320140502
7.830973361844019,0,108320270201
14.91424151173489,0,108320270202
9.217151467301623,0,108320270203
27.14516700024764,0,108320390101
18.709772526403455,0,108320600201
20.260617171946887,0,108320600202
25.259345274468302,1,108320650201
33.052235553311355,1,108320650202
8.903165336183974,0,108321010501
14.977013656363,0,108321070201
23.25734644882424,0,108321120201
24.070006833690247,0,108321120202
19.368130938443247,1,108321480201
33.50501955278332,0,108330030201
27.87388337706974,0,108330030202
23.84227180666744,0,108330120301
28.836130871944466,0,108330180201
31.52573622340673,1,108330180202
20.485343555452474,1,108330210201
27.691549108570815,0,108330320201
29.25342488182703,0,108330350201
0.7419485732994016,0,108330380201
17.09580051471945,0,108330380202
28.727649884969694,1,108330380203
37.091629323172114,1,108330460102
15.107300483002627,0,108330560101
19.219658900758272,0,108330630301
41.06679453398253,1,108330650201
8.817058568536176,0,108340020201
28.06917694571005,0,108340120201
19.05189400410395,1,108340290201
30.43072724312919,1,108340330201
28.57838916560239,1,108340360201
25.59466615811801,0,108340400101
34.59417628579877,1,108340430201
41.25572727223499,1,108340470201
24.53425228304665,1,108340620101
22.593579356287876,0,108340770201
29.457834138555015,0,108340770202
30.888682873107896,1,108340800201
45.96644260107867,1,108340880101
30.065739980907306,1,108350020201
14.362225392017589,0,108350060201
42.21458182784432,1,108350610101
37.614664373450026,1,108350610102
17.346717385861698,0,108350990201
14.54367779191017,1,108350990202
28.708788338569455,1,108351050201
22.015911456279017,1,108351210201
22.0809497401497,0,108351400201
35.13120216206741,1,108351520101
29.72362681052339,1,108360080201
29.984053706130318,1,108360150201
16.77393235988168,0,108360180201
10.146950521022918,0,108360210201
31.607187228525007,0,108360340101
11.78807597159594,0,108360570101
14.697569696649703,1,108360670201
15.568381441761415,1,108360730101
19.252421544689504,0,108370210201
18.199455565479802,0,108370350201
11.735444860644522,1,108370530101
14.294272035315085,0,108370660101
17.537008532204982,0,108370720201
20.627320799480085,1,108370720202
24.36445168635473,1,108370810201
24.71175924182982,1,108371030101
23.62172520499828,1,108380080201
18.53152025899198,0,108380170201
30.48164661835926,0,108380210201
30.74911151151221,0,108380210202
20.05602321230367,1,108380440201
30.35262743021935,1,108380570201
10.834163309140946,1,108380800201
16.88449977874319,0,108380930201
26.386941869888343,0,108380980201
25.712711995976477,1,108390090201
34.217349099067775,1,108390390201
14.042717945630791,0,108390460201
14.24723400715523,0,108390480201
31.276770537549005,1,108390620201
14.449952767051133,0,108390630201
30.65725460809025,1,108400070201
22.26245852434422,0,108400310201
18.584366926586164,1,108400350201
16.508514960531127,0,108400350202
18.97492511507535,1,108400460201
18.559845186835737,0,108400490201
27.39486993696956,0,108400660101
18.410125546091837,0,108400720201
15.99132621215197,1,108400770201
20.268542131390994,1,108400770202
28.412143850735383,1,108400820201
18.937631942132526,1,108400820202
41.665682811910365,1,108400870201
21.908630481536985,1,108401020201
20.796363549002496,0,108401020202
30.57850232871705,0,108410010201
28.10871143858048,1,108410090201
36.62460105288315,1,108410390201
34.66857392176916,1,108410670201
19.314964269538248,0,108410670202
18.989920465149126,1,108410730201
17.464678032431095,0,108410890201
23.9053465896826,1,108410980201
19.629531579319924,0,108420210201
15.622257794414423,0,108420340201
23.744465612993917,0,108420510101
19.02018905379625,0,108420590201
16.362579177946756,0,108420640101
13.322469330539798,0,108420760101
15.693752488273706,0,108421060201
23.195380724797023,0,108430140201
23.947981082834833,1,108430140202
18.68391513705722,0,108430250201
25.600674038464852,1,108430350201
14.388003495695328,0,108430560201
16.077341614655513,0,108430560202
18.512933122387334,0,108430620201
15.38739864364165,0,108430790201
23.875271921144247,0,108430900102
18.875976213479827,0,108431110201
25.76784323482875,1,108431150201
38.319247599300766,0,108431150202
18.62323037913735,0,108431210102
32.00908728064645,1,108431310201
14.509502191310737,0,108431370101
33.025394892148555,0,108440010201
13.93851848154141,0,108440130202
25.99261811974351,0,108440240201
26.676221440566138,0,108440240202
25.96181541817609,1,108440690101
12.482123624234575,0,108440750201
19.492571394357377,1,108440750202
40.10864100027818,1,108440810101
30.3904918185958,1,108441040201
20.047119821521306,1,108441320201
15.236358782284128,1,108441380201
27.694788655435442,1,108450170201
13.862208977948846,0,108450310201
11.899692385210038,1,108450310202
19.57145830890829,0,108450330201
7.2301911345581695,1,108450460101
24.313321064268987,1,108460030201
25.818953978114195,0,108460070201
17.080893140066863,1,108460220201
20.59400282972844,0,108460220202
35.2979425984855,0,108460260202
31.983117557448537,1,108460310101
20.431072849433114,0,108460450201
8.153852906100255,0,108461050301
18.077928702572663,1,108461050302
17.287967581377405,1,108470010201
5.708332837724237,0,108470030201
21.730282068961937,0,108470030202
27.15829833759922,1,108470100201
25.125716627429483,1,108470120201
24.750656765909564,1,108470120202
34.27938291945459,1,108470150201
9.587113076729631,0,108470160401
40.886127091534725,1,108470260101
9.775963656981697,1,108480030101
18.078837787890322,1,108480070201
15.416676439553045,0,108480100101
14.713258280039536,1,108480180201
32.47086598637567,1,108480290201
18.71530228285549,1,108480430201
14.083593676551732,1,108480430202
22.02966825696357,1,108480650201
21.607975188954185,0,108480800201
20.540581427717413,0,108480870201
32.69846096934063,1,108480870202
35.9615554162239,1,108490080201
30.698085513743198,0,108490200201
32.258146573711706,1,108490330101
28.768920730516932,0,108490610101
28.937881001322424,0,108490740201
23.24784079105686,0,108490780201
18.708209988714952,0,108490780202
47.90992334354206,1,108490940201
18.968621030679373,0,108500150301
3.786624386934448,0,108500180301
24.063875291834076,1,108500250201
22.512544342178888,0,108500250202
31.289942606752238,0,108500320201
16.712313752636746,1,108500320301
28.892554218550305,1,108500390201
26.349210475754784,1,108500390202
9.336787668004208,0,108500540201
12.433106667176604,0,108500570202
47.89116308700096,1,108500610201
40.25468236698397,1,108500780201
38.80730878442297,0,108500780202
22.782120067267066,1,108510010202
16.685843738264126,0,108510040201
20.693908345101168,1,108510070201
17.413721527708084,0,108510070202
38.883308718319995,1,108510190101
30.476371634675104,1,108510250102
41.07902145529083,1,108510280101
45.72825892818255,1,108510320101
43.946259752940406,1,108510320102
29.62440970687328,1,108510350201
7.143578693769424,0,108510380201
13.43097807844209,0,108510470201
18.342802328833407,1,108510470202
54.075870902649214,1,108510500201
40.76585427903734,0,108510500202
18.68183576718117,0,108520170201
17.628044903771496,1,108520170202
13.195757156292212,0,108520450201
20.084924608457708,1,108520510201
15.040829935947055,0,108520560201
47.56164317965803,0,108520670101
35.33943723327545,1,108520900201
37.60800452429146,0,108520950101
34.48316761056971,1,108521010201
14.909560751696455,1,108521290201
21.89350768601757,0,108521400201
8.483838545825234,0,108530020201
35.198519693248564,1,108530070201
17.31787338560487,0,108530130201
19.23209664714277,1,108530130202
17.760387862635987,0,108530130203
12.011089000132076,0,108530160201
33.46244608084063,1,108530240201
23.172893210810177,0,108530360101
32.7039420938501,1,108530360102
35.160364527941475,1,108530500101
30.020815859430964,1,108530530201
23.057963665268787,0,108530530202
31.452381471899947,0,108530550201
33.6030858616287,1,108530550202
41.89423856038738,1,108530580101
33.351829303392456,1,108530580102
9.776664191695478,1,108530610201
26.782860501958403,0,108530640201
19.686382898830374,1,108530670201
7.915188376679831,0,108530670202
13.286409913298787,0,108530670203
19.967425327309808,0,108530700201
27.037991618533102,1,108530700202
35.64578040358045,1,108540080101
17.249722387378327,0,108540200201
1.9734595301254227,0,108540440301
11.952724711874934,0,108540440302
19.719746313431965,1,108540560301
9.105792557491252,0,108540560401
39.283996300506644,1,108540640101
24.914160018136005,0,108540680301
23.535676354871065,1,108550010101
24.90444184765957,1,108550030101
30.037930327339854,1,108550090201
36.585107033319446,1,108550100101
26.28021077717879,0,108550100102
20.0428621269235,0,108550120201
16.65729800098854,0,108550120202
23.75199751536816,0,108550130201
17.301604415679982,1,108550140201
23.493051631905576,1,108550140202
44.766075176771764,1,108550220202
24.815233221066524,1,108550240201
10.856419260925833,0,108560150701
21.675753619183205,0,108560280301
10.39552845385245,0,108560330301
34.27639723429411,1,108560360101
31.38316690261472,1,108560390101
17.6847534570692,0,108560410201
10.63777198109065,0,108560410202
18.398273226953755,0,108560440201
10.691478915657232,0,108560500201
15.840130196230644,0,108560500202
17.48225702630417,1,108560500203
41.457749270866074,1,108560520201
10.570578594589168,0,108560600201
26.493868980309816,1,108560600202
33.448105410253646,1,108560660101
33.83484009678112,0,108560660102
42.78332390571816,1,108570160201
32.69116135486082,1,108570240201
38.53687831912512,1,108570240202
8.879536546919399,0,108570500201
23.99593293281056,0,108570610201
20.328782733485816,0,108580140201
33.04090751638284,1,108580140202
23.707198768450034,1,108580210201
18.85361433244494,0,108580390201
22.124346237650293,1,108580470201
29.164718607073738,0,108580470202
23.792013505380453,0,108580610201
34.91982309096686,1,108580610202
21.76054346834261,0,108580650201
21.288952997828225,0,108580650202
30.181734241214784,0,108580720201
21.596788104142345,0,108580830201
32.46934858039227,0,108580870101
35.44890957272763,1,108580870102
29.41744522167438,1,108590040101
25.431446627762455,0,108590100201
30.972520380272382,1,108590150201
27.253587303522526,1,108590180201
21.868974736829454,1,108590200201
14.29444570945472,0,108590200501
18.758648227992815,0,108590200502
19.282024010460642,1,108590200503
27.269265413917744,1,108590230201
19.969181036779553,0,108590230202
23.11331789203118,1,108590260201
29.29726721167443,0,108590280201
24.610256651757297,1,108590300201
18.28503771987246,0,108590300202
23.10506323879533,1,108590310202
28.35353663587679,0,108590330101
20.41058646997444,1,108590350201
31.677469639645206,1,108590400201
33.05527937871826,1,108590400202
51.23846867795451,1,108590410201
30.53282539499814,0,108600080201
25.467116868090713,1,108600500201
27.99600528053764,0,108600780101
21.279369777228624,1,108600910201
14.587101161319088,1,108600990201
12.995633702968362,1,108600990202
27.86115108588537,0,108601030201
8.60366214660419,0,108610200301
44.179796153068494,1,108610240101
12.099354012694926,0,108610330601
14.314886020750466,0,108610330602
19.528700242722387,0,108610920201
28.836656898476072,0,108620040201
30.55198644382737,0,108620040202
24.808168554377083,1,108620120201
14.543753331147396,0,108620120202
29.686533570152065,1,108620210201
38.154851106668055,1,108620320201
23.20377488531312,1,108620370201
35.597994584847854,1,108630040201
18.868030600415608,1,108630080301
17.28368419560856,1,108630300101
10.736292316268635,0,108630300102
27.809971129505545,1,108630330201
17.471802191276517,1,108630430101
40.65862008727578,1,108630590201
31.81854515555835,0,108630590202
19.092315153130002,0,108630620501
26.791106238550004,1,108630620503
28.67530085147536,1,108630780201
11.869005861092063,0,108640140401
24.05909618606664,0,108640210101
41.11518458015246,0,108640250101
36.00986860664861,1,108640400101
19.089186528381074,0,108640480201
42.743590723004424,1,108640590201
8.924365384138788,0,108640630201
27.84890541903494,0,108640740201
18.309555905419586,0,108640850201
18.62304471424693,0,108650140101
31.754723818002663,1,108650140102
21.77511566042374,0,108650140103
27.18092831087959,0,108650180201
9.518092774730317,0,108650230101
22.69804602377497,0,108650310101
14.711633730129815,0,108650440201
23.899629406832695,1,108650520201
28.327436257234513,0,108650600101
24.29119794485476,0,108650650201
17.927640001180677,0,108650690101
20.0627315352131,0,108650690102
36.40528626011904,0,108650860101
16.43703975017069,0,108650900201
22.66468736591296,1,108650900202
24.006618186864802,1,108650980201
21.615608678536393,1,108650980202
24.97812319010953,1,108660610201
27.73847308750038,0,108660750201
28.70359975323171,0,108660750202
19.56351235875083,0,108660750203
30.678488191613006,1,108660850201
23.394226567657586,1,108660850202
25.84889419638634,1,108660990101
25.493242154692776,0,108661040201
17.719003548062872,0,108661040202
28.28101546857409,1,108661190101
35.45508245684553,0,108661190102
27.24462755020702,0,108670150201
31.09796574787797,1,108670150202
31.139554957061225,1,108670260201
34.52750540545879,1,108670260202
15.028686363707351,1,108670480201
9.864770032188428,0,108670540201
27.66992822961194,0,108670570201
29.356629192119595,1,108680070201
16.810544673022655,0,108680120201
20.595060023937457,1,108680240201
14.034844877211256,0,108680240202
27.63469539716723,1,108680320101
29.501685818397736,0,108680320102
24.444022668170238,0,108680450201
23.837729733792727,0,108680530201
33.74938394402118,1,108680570201
31.387322883677335,1,108680570202
38.55484091209912,1,108680770201
34.05918717893519,1,108680770202
37.90268211854214,1,108680810101
11.749048599380806,0,108680890201
27.378657337241098,1,108680890202
31.739298904505937,1,108680890203
18.477467284928448,1,108680930401
17.85269059257449,1,108680930402
29.44189960689554,0,108690030201
26.769533431681207,1,108690080301
17.0474198586001,1,108690080302
30.41772354828433,1,108690100101
21.6772849704193,0,108690200201
17.62385789975936,1,108690200202
30.109534616102508,0,108690280201
21.754837964556376,1,108690280202
16.42103962349786,0,108690370201
32.55088337619318,0,108690420201
35.97231747579705,1,108690420202
27.704981219941438,0,108690470201
20.041104479074672,0,108690470202
23.996679517768523,0,108690500201
18.416693179428883,0,108690500202
25.340956045687896,1,108690520201
20.988895604548556,1,108690520202
40.05764658901785,1,108690550201
23.4495362842917,0,108690570201
32.78459955324997,0,108700220101
34.765409214150445,1,108700220102
12.518606351568078,1,108700270201
6.047226967988771,0,108700450201
32.715478030881485,0,108700500101
28.387071556519516,1,108700590201
18.145142063994374,0,108700780201
25.715123347702974,1,108700780202
30.87612733935514,1,108700870201
28.332029757056702,1,108700920201
26.258864791709023,0,108700970201
14.812322993316048,1,108701161101
11.131870921661225,1,108701161102
10.852123794568481,1,108710180202
37.56733193784659,0,108710250101
24.573552950227423,1,108710270501
20.047082584617932,1,108710630201
23.78125139209135,1,108710700201
16.033927801583772,1,108710700202
1.8981775896836606,0,108710810201
11.850299546216077,1,108710940201
23.25940577022759,0,108720080301
24.427998116268032,1,108720290301
40.638684717127546,0,108720320101
22.861430260008152,0,108720320102
26.56161539902792,0,108720350201
33.19381209763386,1,108720350203
35.31050216728794,1,108720380201
37.203899631629966,1,108720380202
25.79270361308446,1,108720440201
30.027041766036728,0,108720440202
18.901526085633705,1,108720440601
26.828363973425223,1,108720500201
13.43125123390583,0,108720500202
25.442863715227393,0,108720620201
22.49254798481367,0,108720620202
33.36114927509302,1,108720620203
27.901474489967864,1,108720650201
17.685874721474548,1,108730190501
18.40752923840287,0,108730190502
28.862686024576576,0,108730410201
23.805974970791837,0,108730410202
29.30471944488427,1,108730550201
29.04010498038027,1,108730550202
30.758789462007737,0,108730550203
28.360653220038408,0,108730590201
36.25497073928334,0,108730750201
27.365803938228257,0,108730880201
28.00171156566417,1,108731060201
22.583848165294135,1,108731060202
32.91846639512205,0,108731110101
29.042818408324944,0,108731110102
34.104669146668506,1,108731150201
17.790670010928654,1,108740030201
20.276409129802104,1,108740030202
15.488110198576077,0,108740090301
26.965498606773913,1,108740150301
11.182012464914452,1,108740190101
25.621115686925606,1,108740220202
20.687255314201032,0,108740220203
12.167242691252884,0,108740320201
26.378354938881433,0,108740320202
17.466363366803048,1,108740400201
25.36070115617913,1,108740450101
20.103397274170923,0,108740530201
23.03906783239131,1,108740530202
14.239154919524708,0,108740600401
18.6031196980572,1,108740630201
13.00459631077984,1,108740630202
17.782957998545474,0,108750150201
19.62436566439265,1,108750150202
7.97505286445935,0,108750510203
21.27588537271581,0,108750550201
36.408933055653854,0,108750590201
46.10557609543084,1,108750590202
16.033295907276155,0,108750630201
14.777212151965749,0,108750680201
25.5862573899474,1,108750680202
19.87661182794948,1,108750680301
32.31389825106576,1,108750810201
24.975439114236366,0,108750810202
22.59662008869032,0,108750810203
14.204291935549996,0,108760070201
28.339290377366453,0,108760460201
35.528062548788725,0,108760460202
37.297919875611655,1,108760570201
40.38300732776646,1,108760620201
39.89808723683297,1,108760620202
32.30748591837156,0,108760620203
26.36432084605377,1,108760650201
14.281348290297013,0,108760650202
15.265200059945213,0,108760680201
25.95948791653616,0,108760680202
28.541794063100188,1,108760700201
35.614330078405324,0,108770020101
44.53003858877486,1,108770020102
39.52451755961301,1,108770020103
21.05994374332354,1,108770020201
28.8658361548095,0,108770060101
29.021696653994784,0,108770060102
19.869514272878618,1,108770090201
39.63825605417105,1,108770270101
22.57090116594611,0,108770270102
29.650718053113074,0,108770270103
15.69419601725016,0,108770300401
14.286014342541925,1,108770300501
26.292424563673727,1,108770340201
14.642530932630445,1,108770410401
41.8699768283133,1,108770440101
14.561881578020639,1,108770470201
17.023437995088724,0,108770540202
28.14314981204238,1,108770580201
14.070873735691421,1,108770650201
26.655730647409698,1,108770720201
16.828730551575813,0,108770750101
29.476525315347747,0,108770860101
19.38257160627874,0,108770860102
24.88141995595117,0,108780020201
30.22848962774462,1,108780020202
32.76180376903177,1,108780050101
16.497370139034693,1,108780080301
25.18522847192841,0,108780110201
33.04698448069009,1,108780110202
24.606044847865878,0,108780200101
25.035083200992386,0,108780200102
20.827768428078183,1,108780230201
16.409463576476895,0,108780230202
21.38128063781248,0,108780230203
31.095472686627904,1,108780270202
26.471913499920017,1,108780270203
16.34959308043809,0,108780330201
17.948995967863908,1,108780330202
32.053142290112966,0,108780450201
13.473097558837376,0,108780450202
37.713961808886125,1,108780480101
31.538816295314355,1,108780520201
27.26544687292231,1,108780520202
12.426175144703567,1,108780580401
36.72488650526851,1,108780610201
37.96624925339057,0,108780610202
31.336887704853954,1,108790030201
16.258244489891034,0,108790070201
13.036588405838787,0,108790070202
36.395489071175064,1,108790130101
34.443692124519444,1,108790260201
28.38614474281039,1,108790330202
38.83160889719714,0,108790380201
23.49791604546118,0,108790470201
27.261414219757086,1,108790470203
42.67195460834909,1,108790640101
15.472216813456289,0,108790770201
30.95736313903786,1,108790870201
18.4196962491621,0,108790870202
24.845095612293214,0,108790950201
34.38800307527887,1,108790950202
32.60297548759281,1,108791000201
24.01461190477088,0,108791000202
33.231581054373194,0,108800090201
35.32451859816797,1,108800090202
41.05018125518338,1,108800120201
31.622292745417067,0,108800120202
30.177533688847845,1,108800200201
45.89726252010487,0,108800260101
26.656090832792,1,108800340201
22.401204825547566,1,108800340202
21.83318912658197,1,108800360101
19.682286665855774,0,108800420101
12.20254249359427,0,108800440601
21.068861872951892,1,108800650201
21.893146741496757,0,108800650202
40.12944855038579,1,108810030201
49.19257338290278,1,108810030202
11.879999402377239,0,108810060201
45.728508031970925,1,108810100201
38.46947289667148,0,108810260201
48.55361599835582,1,108810290201
29.27362435233181,0,108810290202
19.121861458932973,0,108810320101
23.651738877641666,1,108810320102
16.05701390429771,0,108810350201
27.784764734402344,1,108810390201
18.694287363797798,0,108810390202
31.025284927768325,0,108810450201
38.026070126792405,1,108810450202
29.991561853755623,1,108810520201
18.657233370801748,1,108810740201
31.496531168058368,1,108810740202
14.650950330918338,1,108820080201
14.160094863836095,1,108820080202
18.477251119957955,0,108820080301
33.57705480022738,0,108820210201
23.710278843070576,1,108820430201
20.870034381545434,1,108821060201
20.792075128885326,1,108821060202
21.813811637007994,0,108821100201
30.27034272814905,0,108830030201
8.729811904820313,0,108830070201
32.240945915660966,1,108830150201
25.763611318602173,1,108830150202
25.027059542900336,1,108830220301
32.919749310302635,0,108830250101
34.656346082500406,1,108830250102
15.269875635837142,0,108830330101
26.236247315410253,1,108830330102
12.653237686207387,0,108830400201
26.493258186250845,1,108830550301
15.713107447784942,1,108830700401
16.76278730017722,0,108830740201
15.959806243736502,0,108830740202
23.090847612756942,0,108830850201
18.66246471733783,0,108830880201
12.139563682773357,0,108830940101
25.637614759531914,0,108840160101
24.489746674889165,1,108840160102
31.123757209670266,1,108840160103
36.59940009626633,1,108840400101
32.66846666175645,1,108840430201
23.975640176607882,1,108840430202
18.51168968231347,0,108840540201
24.96917271030928,1,108840540202
35.11868549684751,0,108840570101
19.26704623190025,1,108840640201
30.967039726422637,1,108840710201
28.778180526618925,1,108840740201
19.521709632024958,1,108850030201
17.8713425926916,0,108850030202
27.74871473079298,1,108850190201
19.806180416533262,1,108850260101
18.96086262950351,1,108850410201
41.70541723736647,1,108850440101
30.634060745176452,0,108850460201
27.407415136854524,0,108850530201
33.529434795023946,0,108860010101
29.648803272058075,0,108860050102
16.3943114520783,0,108860100201
27.590231606570807,0,108860140201
23.267984772213634,1,108860180201
16.68522510323329,0,108860180202
30.410982261917574,1,108860230201
21.41312640503386,1,108860230301
7.977895756466929,0,108860360401
20.721937236410433,1,108860400101
37.61710884517784,0,108860490101
30.76104514427481,1,108860530101
4.160591768595174,0,108860970201
7.447504075335838,1,108860970202
44.835189271074164,1,108861060201
41.49706928365476,0,108870240101
8.856428453168824,0,108870240201
16.873164014418936,1,108870350301
14.216403437037776,0,108870350401
20.971771300977085,0,108870520101
32.28537138415483,1,108870520102
26.715943709617633,1,108870690101
23.999522189844946,1,108870690102
20.888046376987955,1,108870690103
27.281910330626904,1,108870870101
14.346946826566363,1,108870870102
32.632574753038945,0,108870920101
22.811000914113933,0,108870920102
23.939526536803772,0,108871090201
26.26728516697397,1,108871090202
33.59323494460877,1,108871090203
13.688872469518671,0,108871140201
15.727766550875996,0,108871230101
11.283870209047228,0,108880040101
12.405819919491359,0,108880040103
38.23709763971654,1,108880110101
13.777562523480576,0,108880180201
36.586512981332746,1,108880240201
21.45187373492209,1,108880350201
24.558772353190257,1,108880350202
32.3047947639892,1,108880500201
22.502425227437595,1,108880530201
15.962753934853177,0,108880590201
21.486862550132628,0,108880590202
19.065590470989036,0,108880590203
17.464107654284817,0,108880630101
12.399432218489606,0,108880760201
21.88850589659668,1,108880760202
18.718765189547682,0,108890090202
23.7289290047491,0,108890130701
17.062041559674203,0,108890130702
35.46888766104914,1,108890180201
24.567534437830012,0,108890180202
26.097135204385143,0,108890180203
25.77208076108055,1,108890320202
33.36950281118132,1,108890370201
30.103200682501328,1,108890510501
26.009739259216737,0,108890690201
32.26420173610296,0,108890750201
29.08018344511244,1,108900050201
39.167965288791585,1,108900050202
24.14923456260765,1,108900050203
30.701302439849407,0,108900160101
26.160980764115937,0,108900160102
26.03344763404088,1,108900240101
15.411629495993097,0,108900240102
38.87652341081799,1,108900270401
33.52219102971338,0,108900340201
32.619286482246025,1,108900340202
30.77503022978766,1,108900380101
29.61126593423484,1,108900410201
25.35046784862822,1,108900440101
17.378006311661164,0,108900560201
24.09097456312742,1,108900560202
29.71338451152648,1,108900590201
21.15298484701703,0,108900690201
18.781506396838036,1,108900730201
48.30942429939877,0,108900790101
23.47292324303836,0,108910030101
15.722444434655216,1,108910070201
19.74494840246237,1,108910070202
37.51310654513923,1,108910110202
11.740105545586635,0,108910190201
19.801726166542984,1,108910340301
32.5439341795259,1,108910370201
43.520344670830504,1,108910570201
35.30326364554594,1,108910720201
37.28731577195048,1,108910720202
36.13507927992452,1,108910760201
39.7011738852262,0,108910870101
6.746453215621818,0,108910920101
23.408390871003107,0,108920100201
29.073147836832657,1,108920140201
33.28404920356121,1,108920140202
35.999548136486496,0,108920140203
21.32478044135962,0,108920190201
27.387593895185578,0,108920240201
24.118644429024304,1,108920240202
10.689600299114911,0,108920240301
17.335512408052487,0,108920290201
29.5909254001643,1,108920290202
30.322706990291977,1,108920340201
27.12256414328574,1,108920490101
35.094842718702076,1,108920630202
16.348950682131363,0,108920730301
6.338554955171195,0,108920780201
14.093449604710266,0,108920780203
24.445514337921928,1,108920830201
27.291034758694906,1,108920830202
15.124432408507484,0,108920830203
14.84315233157151,1,108920880201
32.28481417738158,0,108921020201
46.65637071686304,1,108921220102
33.47376041662274,1,108930380201
22.649583124635065,0,108930380202
18.988479354517338,1,108930520201
33.87365106623959,1,108930590201
28.94839587250684,0,108930590202
14.379739039590449,0,108930970201
19.99853981793537,0,108931040201
18.906768182009817,0,108931190201
23.12781765590427,0,108931190202
22.114727776823404,0,108931240201
15.176851613520482,1,108940050201
25.08227211776045,0,108940070201
26.523245879394988,0,108940070202
46.94062668338634,0,108940090101
44.394377329996125,0,108940090102
19.568137155739052,1,108940090301
23.743419928817918,1,108940110201
41.79287910976376,1,108940130101
30.230311096326602,0,108940130102
16.36763759897896,1,108940150201
18.830779149753145,1,108940150202
22.17513499777292,0,108940230201
30.63477147629301,0,108940310201
40.601039513986365,0,108940390201
28.453172345824495,1,108940410302
23.77662283747417,0,108940450201
25.54907678238651,1,108940450202
23.04806860823069,1,108940520101
22.18276617381479,1,108950070201
16.008596619860295,0,108950110201
17.925466359721778,1,108950110202
22.087033468897904,0,108950170201
27.898519964720812,1,108950170202
37.5805589180746,0,108950170203
29.519051578214718,1,108950250201
19.383511687831437,0,108950440101
11.786659301997842,0,108950680301
10.662000535537224,0,108950770201
14.459317841383443,1,108950800201
15.957702402981102,0,108960020201
23.650499520819245,0,108960020202
25.73126251983328,0,108960050201
22.869431429268523,1,108960050202
16.77509546357924,0,108960100201
40.56097981631192,1,108960150101
17.425735606472333,0,108960270201
20.074346719052986,0,108960270202
31.816055866935564,1,108960300201
37.59782622850217,1,108960300202
26.015059682498336,1,108960350201
30.446804791794968,1,108960390201
25.512079229197298,0,108960440101
43.043518984355494,0,108960470201
33.700720774153794,1,108960540201
26.045727137675044,0,108960580201
28.944011467168107,1,108960580202
16.445905007326605,1,108960600101
16.1416149580286,0,108960600102
20.065209971413136,1,108960630401
11.593662588245836,0,108970030201
16.47868179163405,0,108970080201
20.762453476254194,0,108970230301
18.058784741061174,1,108970610201
16.58546911198709,0,108970610202
24.006339286841435,0,108970700201
24.9173040701961,0,108970700202
12.7079751991557,0,108970750201
18.792872788644488,0,108970930201
20.408892656532153,0,108970930202
21.23716317045461,1,108971030201
24.18386500909984,0,108971070201
19.60376441787922,0,108971070202
50.31769747488158,1,108971130101
41.808959291002665,1,108971170201
13.783034284308975,0,108980060201
18.814668621328412,1,108980060202
18.087755216674054,0,108980090301
17.517194269086048,0,108980270201
32.454575954941475,1,108980330101
25.032854758058733,0,108980390201
15.317420404308265,1,108980440201
16.209031734413085,0,108980440202
22.823673539372294,0,108980490201
24.30903176315012,1,108980640202
37.95775991282504,1,108990010201
16.017612312439617,0,108990100301
18.88731131337632,0,108990190201
45.3079090983307,0,108990280101
44.03078595228953,0,108990280102
18.14046038866763,0,108990360401
38.18434753782901,1,108990410201
45.15439712583861,0,108990410202
34.462283911992515,1,108990450101
35.080651534079266,0,108990450102
23.012143628728303,1,108990500201
17.937666807985906,1,108990500202
29.367805585745437,1,108990680201
28.4838334792324,1,108990680202
42.9283887241512,0,108990720201
27.04159060437154,0,108990770201
22.347045983314587,1,108990810201
35.74412454389003,0,108990860201
39.41592720905596,0,108991040201
26.643052649908856,0,108991040401
33.408507770207166,1,108991040402
31.67572570676766,1,108991080301
24.012864715648373,0,109000220202
24.392029215696756,1,109000270201
38.87734410906856,1,109000410201
39.94619928166081,0,109000570201
46.80506150299926,1,109000570202
20.52580461165266,1,109000770201
10.50217161270557,0,109000770202
14.39183772455991,1,109000850201
14.314056768644567,0,109000850202
9.211319012093465,1,109001050601
27.305965580493158,0,109001100201
24.119803709711313,1,109001140201
18.33677704413484,0,109001180201
27.64263649607076,0,109001220101
14.71378446753717,0,109010080201
32.450362020418446,1,109010150101
32.67399202467864,1,109010180101
24.201694047903565,0,109010220201
23.300988119299078,0,109010220202
38.173867757749676,1,109010220203
36.00713498289569,0,109010300101
10.723038311421556,0,109010330201
19.427341743470947,0,109010330202
29.716847211297218,1,109010390601
26.28984032916866,1,109010570201
22.214694347384242,1,109010570202
17.86458468931861,0,109010600201
29.37274249623605,0,109010640201
28.245926552132318,0,109010720201
46.61586925606808,0,109010780201
31.15476033385367,0,109010820201
46.03224440007814,1,109010850201
23.51946138052423,1,109010890201
50.0084940227307,1,109020010101
30.084896549897525,1,109020010701
25.303808912706828,1,109020010702
38.38255405711172,1,109020030201
20.495388097430535,0,109020040201
22.055290869153033,1,109020040202
37.0428470973696,1,109020050101
28.698211170270458,0,109020050102
35.3605462407033,0,109020060201
42.998571555151734,1,109020080101
28.07793537001012,1,109020090101
28.46746655897904,1,109020110202
41.6541946810732,1,109020130101
20.38773402008049,1,109020150201
18.93256511598554,0,109020150202
12.032233719232037,0,109020150203
24.354870902741222,0,109020170201
19.97361124931428,0,109020170202
19.98306056139715,1,109020180401
30.94296283865498,0,109020200201
34.75255742442365,1,109020220202
19.474599789834393,0,109020230101
29.546563235805923,0,109030010101
36.35108023467606,1,109030090201
35.58434998426358,0,109030130101
30.146915294141063,1,109030160201
27.18139859838949,1,109030160202
37.467935361827394,1,109030160203
25.805559356995087,1,109030280301
24.738061442709743,1,109030280302
23.168974192311207,0,109030360201
24.05415957822592,0,109030400102
35.925223835883024,0,109030550201
38.31303543938246,1,109030550202
35.17345065754272,1,109030670101
17.574073834293277,0,109030750201
27.94654993682746,0,109030790202
25.619827763233978,1,109030820201
17.31662615670188,1,109030900201
17.001474910871256,0,109030900202
26.669237869718668,1,109040080101
22.272463066781604,0,109040080102
42.19736168378236,1,109040110101
17.872183613877144,0,109040270101
15.486962901665166,1,109040270102
44.8081039023347,1,109040290201
34.29677450901018,0,109040290202
12.799774210836542,0,109040380301
21.03181747117968,0,109040470101
33.43356806062279,0,109040500101
35.59879068589847,0,109040500102
45.73809432845951,0,109040560101
47.61511722326966,1,109040560102
16.138000655028925,0,109040560201
19.677762764994664,1,109040560202
31.220338351425646,1,109040560203
48.432904066431,1,109040600101
31.30684063528207,1,109040620101
36.269210196499884,0,109050010201
41.36186157509858,1,109050010202
49.551165032424876,1,109050100201
42.56885748972515,1,109050100202
36.83199158858202,0,109050130201
30.058021074405552,1,109050200201
24.434316139743384,1,109050200202
18.339917091209692,0,109050200203
37.052883705223316,0,109050240201
15.191767990329609,0,109050270101
14.884703221786143,0,109050270102
22.601308318107098,0,109050310201
13.751081344864941,0,109050310202
37.59862985817391,1,109050420202
38.98333202369466,0,109050420203
40.997752260499865,1,109050420204
15.047129952826674,0,109050530101
30.28611863129817,0,109050630101
37.322045718361274,1,109050630102
18.85527231851924,0,109050660201
36.26636197440736,1,109050660202
44.56143271747353,1,109050700201
37.32646953183181,0,109050700202
36.49656552326421,0,109050700203
18.682133238202514,0,109050730201
18.279021902723134,0,109050730202
39.479579558300415,1,109050770201
32.89021224236301,1,109050770202
33.793163535800296,1,109060080101
19.119868043130666,0,109060080102
33.18795199330143,1,109060200201
18.313455826133065,1,109060200202
16.45606737995371,0,109060450101
31.56108055491491,1,109060730102
12.119563783008555,0,109060930201
16.16546365954487,1,109060930202
30.90372987018072,1,109061020101
33.911332232825146,1,109061140402
29.30702372922031,1,109061140403
33.02207448431508,1,109070020101
23.22577254437187,0,109070020102
13.468770276414116,1,109070140201
14.9075592230288,1,109070280201
19.87550215840376,0,109070450201
21.94185216948581,0,109070540201
25.115312572206708,0,109070580201
23.230308516821843,1,109070650201
22.447410309933005,1,109070800201
16.612836809765565,0,109070880201
24.447306341224508,0,109070880202
17.176986752925085,0,109070880203
32.421099570623845,1,109070910101
23.576314290816335,0,109070910102
34.39009855866224,0,109080040101
6.019229440958123,0,109080040301
31.519558568385598,1,109080200201
17.86975171361642,0,109080500201
28.096964762107163,0,109080550201
23.80161678499419,0,109080550202
28.995367025427743,1,109080580401
17.407398386646445,1,109080580501
31.479036723179764,1,109080670201
27.99320258688991,0,109090520101
27.36828047563206,0,109090520102
15.277732876077108,1,109090520601
25.37546173526399,1,109090520602
31.064953542485583,0,109090560201
29.540741104074776,1,109090640101
25.222005084837694,1,109091040101
32.12724476559917,1,109100010201
20.61066132140502,0,109100040201
30.144302892561395,0,109100110201
27.31552954197008,0,109100400101
17.138913525670915,0,109100400102
10.375590095188105,0,109100440201
28.224049056437604,1,109100440202
8.187782096393489,0,109100540201
19.293288441543634,0,109100570201
27.02231219597574,0,109100600101
8.45467122577468,1,109100740201
10.655602070045434,0,109100740202
25.246342212833056,1,109100770201
12.163852249988864,0,109100770202
14.90610151388236,0,109110010201
36.700123418825505,1,109110110101
18.4527343411185,0,109110190101
29.242108041996055,0,109110240201
20.849030278659885,0,109110270301
37.16372615539925,0,109110390201
20.137469117490006,0,109110440201
25.472195408559607,0,109110440202
34.59852938495728,0,109110440203
9.176125427642722,1,109110510901
17.778784670864514,0,109110580201
19.129585203864174,0,109110680101
19.798944971243998,1,109110680102
11.908084818886774,1,109110750301
37.654798704825566,1,109110850201
25.007411955320823,1,109110890201
33.280020018820444,1,109120050201
36.17649820973164,1,109120200201
21.98287872088181,0,109120200202
24.93118783962031,0,109120330201
26.15499407324072,0,109120330202
31.810862461169194,1,109120330203
16.599437101660104,0,109120450201
22.191075103729773,0,109120490201
0.44334391306592025,0,109120490301
22.40381434800919,0,109120630201
19.738043402573407,1,109120630202
10.835484302140705,0,109120720201
25.21943442289891,0,109120840101
17.449825866867222,1,109120910201
14.247044012604265,1,109120910202
9.382552171991707,0,109120940601
26.237655663699393,0,109130350201
36.294862035830334,1,109130350202
16.900306538771694,0,109130490101
27.041605700736437,1,109130740201
18.292045145808004,0,109140090201
16.351828810468348,0,109140140201
27.5459153710973,1,109140140202
23.693411563883252,1,109140170201
16.884421366430068,0,109140170202
21.082166183874705,0,109140170203
23.646270472028476,1,109140170204
31.47903274325943,1,109140200501
24.8084298469164,0,109140200502
18.44967353183297,0,109140260501
20.05017459476108,1,109140310201
23.33310151974975,1,109140310202
7.694070972515043,0,109140400201
31.264085852144692,1,109140460701
22.43795102123502,0,109140540101
30.242965365156063,1,109140540102
15.907445928870255,0,109140650201
19.41216478928367,0,109140710201
32.468145565292154,1,109140710202
20.625269327609395,0,109150070201
37.68019520844443,1,109150190201
18.648375459564026,0,109150270101
19.24997503934915,0,109150300101
30.549900580337347,1,109150300102
21.81969757132095,1,109150330201
14.845833089503769,1,109150350301
8.200375850945026,0,109150350401
20.543383858400567,0,109150350402
25.761660789837034,1,109150350501
8.755641385163596,0,109150380301
18.91618232437157,1,109150380302
23.059507095980816,1,109150380501
21.450729163168415,1,109150580201
18.124971651123662,1,109150580202
26.258330054355575,0,109150600202
37.846629521937615,1,109150690101
28.119880343151152,0,109150740101
20.321014914307753,0,109160120101
18.13375536158295,0,109160170201
12.384269774846345,0,109160330201
35.237356404685556,1,109160390201
23.274793364589335,1,109160440301
31.940339127352733,0,109160860101
24.469508773899157,1,109161040201
23.108461823739884,0,109161100201
17.64906807202361,1,109161200201
19.12386068553882,0,109161200202
20.5819139008596,1,109161250201
20.86268883950028,0,109170010401
26.255489156653212,1,109170010402
46.786466119521926,1,109170190201
30.11689383470875,1,109170300301
28.16987214838057,1,109170520201
38.08716548129631,1,109170520202
25.62363073330997,0,109170520203
27.08967835457971,1,109170680201
19.37869480417675,0,109170680202
27.175147698328125,0,109170940201
17.18192783080402,1,109171050201
17.66579564193534,1,109171250201
16.130077142877838,1,109171250202
14.431347662435336,1,109171310301
28.223183153709865,1,109171360201
28.057740065476114,1,109171360202
4.3079121180025615,0,109180020401
31.448771296250122,1,109180040201
25.901838643461037,1,109180160201
24.085783472112368,0,109180160202
25.637089022032153,1,109180190201
30.35794890532038,1,109180190202
24.93519200931744,0,109180250101
24.21152565086588,0,109180300201
40.24765246801211,1,109180320101
32.22873153247081,0,109180340201
33.966095960829094,0,109180340202
45.18673800755255,1,109180360201
29.097388199050947,1,109180380201
24.531431899218415,0,109180400201
25.103345410230684,0,109180400202
24.03411056400214,0,109180470201
9.854734627582744,0,109180540201
14.5318332899728,0,109180540202
21.179844913229292,1,109180540203
24.879434247670684,0,109190010101
25.155509192955854,0,109190010102
37.151902508618456,0,109190030301
27.39357645668424,0,109190110201
37.572572228672584,1,109190190201
36.43799859481489,0,109190190202
20.92492920404942,0,109190220101
21.479756453712216,1,109190280201
21.191970047387912,0,109190310201
11.972594685026612,0,109190310202
20.431934693518016,0,109190310203
23.358612571788935,0,109190350201
39.28452334783588,1,109190380201
23.912019199585494,1,109190460201
26.648232138928883,1,109190480201
25.85327194933277,1,109190480202
18.50950382430195,0,109190510201
15.498776793916655,1,109190510202
9.504071498710552,0,109190540201
16.914393348223268,0,109190540202
23.09425237614683,1,109190560201
16.663447100953675,0,109190560202
18.57896787983523,0,109190590101
25.885624226460237,0,109190620101
16.268858886758053,0,109190640101
8.123125240957485,0,109190670201
34.6808630813416,0,109200030201
24.364645224602423,0,109200260201
26.86067061620343,1,109200330201
19.007575126218114,0,109200330202
33.96560752944028,1,109200390201
13.972112431255248,1,109200560201
28.614939929620995,1,109200620101
15.698976176531898,1,109200620502
15.474758623835662,0,109200760201
21.927379802995436,1,109200760202
27.983054925201536,0,109200820101
24.064159817013334,0,109210070201
21.593612471485933,0,109210410201
21.962792630566256,1,109210410202
18.530575724614675,0,109210460201
19.386178417426272,1,109210650201
18.98268918752817,1,109210820201
6.547671125994297,0,109210860101
16.944369764380085,0,109211000101
23.606524839181965,0,109211030201
40.54648847925133,1,109220110101
21.488328783070113,1,109220170101
20.81525490434897,0,109220170102
11.83528593540487,0,109220170103
31.72093806442437,1,109220240201
22.119668788243768,0,109220440101
29.473123101923946,1,109220650201
17.856524755358993,1,109220960601
34.5977155749253,1,109221020201
29.48448519123908,1,109221020202
30.014506266384174,0,109221150201
15.99636341764567,0,109221150202
30.964338548694137,1,109221210301
25.44273082406328,1,109221210302
24.168808681003007,0,109221460101
18.490554271518988,0,109221600201
20.020165189627928,0,109230650201
31.155884153697215,1,109230680401
18.64574619936616,1,109230680403
24.34549086880277,1,109230700201
26.171353897587153,1,109230740201
26.266135824063937,1,109230740202
22.612312016786053,1,109230770101
39.092491492688424,1,109230940101
21.922074077866352,1,109230960101
28.650582154058036,1,109231010201
36.60301773311298,1,109231100101
24.89107588476155,0,109231120201
25.594365981713132,0,109231120202
39.7159493875881,1,109231120203
16.763844066067435,0,109231150201
22.255039536761423,1,109231180101
16.47095866419951,1,109231200201
20.195132941754586,1,109231200202
27.55381086592158,0,109240150201
24.32514564947904,1,109240260201
34.360833102309975,0,109240470101
38.33331133026266,1,109240660201
30.313794655618555,0,109240660202
42.203205730254815,1,109240660203
24.082229256119668,0,109240710101
20.02006726691317,0,109240710301
42.208914433651174,0,109240760201
26.81812871235461,1,109240810101
46.09812638130266,1,109240920101
11.186024857866984,0,109240970701
13.98323536933963,0,109240970801
23.802775629716837,0,109241020201
29.926143089494754,0,109241020202
32.73135016110271,0,109241020203
36.13747300591366,0,109241070201
39.755502776585956,1,109241070202
19.271894931943766,1,109241180201
32.39261632162254,1,109241180202
16.84570345118762,1,109250010201
7.210573811068248,0,109250070301
29.124489045361816,0,109250170202
45.14086579591641,1,109250210101
45.34595977736083,0,109250270201
42.30339399490712,1,109250420201
40.660943171510276,1,109250420202
27.456722511164102,0,109250420203
18.07433298160328,0,109250480201
18.123826556106543,0,109250480202
18.096368570971023,0,109250480203
26.7599449968824,0,109250590201
35.13586848318774,1,109250590202
26.096531321178023,1,109250620201
19.905077670441084,1,109250620202
31.553500457859954,1,109250660201
22.647899635688464,0,109250660202
37.484205186061196,0,109260040201
9.796655540251264,0,109260090201
21.513486085087944,1,109260140201
16.420558930361704,0,109260140202
50.22866011635722,1,109260190201
15.872735455800122,0,109260290201
18.177576079046062,0,109260290202
27.696055453318312,0,109260440201
13.965109858674442,0,109260520201
24.66991113201959,0,109260710101
27.728112181141785,0,109260860201
22.524888863832462,0,109260990201
29.88048818321282,1,109260990202
18.107574480658453,0,109261230201
34.503328673785944,1,109261340101
30.66587324997521,1,109270040201
32.21084713109996,1,109270110201
21.27089152214281,1,109270110202
12.753670808902115,1,109270110203
25.63526082531412,1,109270140201
25.226668609018386,1,109270140202
25.497417981827944,0,109270180201
30.806756174326186,0,109270210201
41.42252106806918,0,109270210202
38.826819142772734,1,109270250201
45.09439393003514,1,109270280201
40.19494549930126,0,109270280203
32.80059932681576,1,109270310201
26.454382786651887,1,109270350201
29.8642212859056,0,109270350202
25.925175148439212,0,109270350203
21.49589297697775,0,109270450201
13.002718244340063,0,109270620301
29.58346553162524,0,109270760201
29.183162696469147,0,109270790101
32.29969874347133,0,109270820201
27.976825785948144,1,109280010201
19.292155527074026,1,109280050201
17.01475010627915,0,109280320201
20.591604680183007,1,109280320202
18.548342671222265,0,109280420201
20.642277836842965,0,109280420202
16.317445864903554,1,109280600201
36.871747245798694,1,109280710201
32.72261092579292,1,109280790201
26.092524056745557,0,109280790202
12.108004018628776,1,109280910201
15.996478250300171,1,109281010201
22.425402035123124,1,109290010301
34.29619972705059,1,109290160101
17.357299014677515,1,109290260201
17.001946218309335,0,109290260202
30.51189400402595,1,109290450101
31.957323470146996,1,109290450102
28.0900016088118,1,109290510201
15.59233745372551,1,109290560201
18.743227771015565,1,109290560202
11.316573979393382,1,109290910501
16.316773807015945,1,109291010201
21.161734342358493,1,109291010202
34.67438316731632,1,109291160201
14.994707922394737,1,109300040201
33.42809024626982,0,109300170201
21.513818261209114,1,109300260301
22.93502213345162,1,109300260302
31.411045247166726,1,109300300201
13.35022389227195,1,109300340301
34.00569479536676,1,109300430201
36.89762762286293,1,109300430202
12.204965398348092,0,109300470301
40.98721831236515,0,109300690201
32.04150990152831,0,109300730201
15.991989058957941,1,109300821301
17.40587441339443,0,109300821401
18.089406737499626,1,109300821402
10.026002321083176,0,109300950301
43.03100036108373,1,109300990101
30.48057016839543,0,109310380201
44.14478889413357,1,109310380202
8.32675976311832,1,109310380301
8.693466149593256,0,109310380401
17.23382693204114,1,109310430201
17.57670527357554,1,109310500701
30.482176326475287,1,109310600101
26.438702383236798,1,109310600102
26.150481127981244,0,109310630201
24.335299971901748,1,109310670201
18.28646096333455,1,109310670202
21.842195205952528,1,109310700201
33.15429521208145,0,109320290101
42.74416230249142,0,109320390101
41.91172859132041,1,109320580201
32.11371991776877,1,109321160201
15.144050229095992,1,109321210501
30.481176521523167,1,109330040201
32.35926436227018,1,109330040202
9.508423902634048,0,109330070201
15.839776107513137,0,109330290301
29.496423628039945,1,109330290302
28.448974852758305,1,109330310101
29.23000465256938,1,109330370501
31.650438096119096,0,109330370502
27.331811408463086,0,109330400101
25.127396093125338,1,109330500101
18.628428208771368,1,109330500102
17.664595408164747,1,109330500103
37.14123483271236,1,109330670201
21.210039986983,0,109330670202
44.50642851372861,1,109330690101
12.049052289247038,1,109330690201
13.205579336501131,0,109330690301
10.62466300117429,1,109340010301
27.079474606790253,1,109340110201
23.86589239181008,1,109340110202
20.744692531545205,0,109340520201
16.33677986191517,0,109340650101
23.359169316521857,0,109340650102
38.72391074380368,0,109340700101
38.038812259716956,0,109340790201
19.593391859056776,0,109341230101
18.677008699844276,0,109341230102
28.062200334653124,1,109341230103
24.285318812207503,0,109341230104
12.73924965305251,1,109350040201
30.296271361319885,1,109350150201
14.616266546881201,0,109350150202
29.42681750874057,0,109350160101
34.95411812944734,0,109350160102
23.324328742558336,0,109350160103
43.50183445313633,1,109350190201
34.38813791655042,0,109350220101
30.19862073228327,0,109350220102
23.003073751311153,0,109350250201
23.02968751945364,0,109350250202
29.44586682233117,1,109350250203
18.124394207539584,0,109350260101
17.914703169569847,1,109350280201
13.238572816036495,0,109350310101
13.708227412460872,0,109350310102
25.36224371635968,0,109350320201
29.92025317977675,0,109360030101
38.66282052543349,0,109360070101
34.225786071313536,0,109360070102
16.6042486989019,1,109360210201
19.44002773416413,1,109360210202
22.209156901808697,0,109360280101
17.272261035610875,0,109360310201
13.962108612890862,0,109360450201
16.094765552041146,0,109360450202
25.78041665261898,0,109360480101
27.81691270174367,1,109360550201
22.524715581862456,0,109360550202
21.940441346181647,0,109360620201
29.292822151575624,1,109360620202
41.98137667203343,1,109360730201
45.402132512318424,1,109360830201
33.36273352633904,0,109360830202
27.665733343397278,1,109370050101
21.419466998806143,1,109370120201
27.21900159661329,1,109370140201
19.0585892902413,0,109370220201
17.896846791571996,0,109370220202
14.703434525083312,1,109370280201
7.568150207428804,0,109370460201
2.9167441256281315,0,109370460202
19.11384312843219,1,109370530101
18.346246654267524,0,109370560201
20.762692735412685,0,109370560202
29.444840570895035,0,109370620201
17.479872601901054,0,109370620202
8.513820285569139,0,109370680201
21.746413042166072,0,109370760101
15.170191881796931,0,109370760102
22.312494037888097,1,109370790301
18.973331408926047,0,109380050201
14.55264349504795,1,109380210201
25.829876558038304,1,109380620101
15.031291094835467,1,109380650201
29.932735466569365,1,109380990201
34.24032768264446,1,109381050201
20.820026449685567,0,109390260201
23.622478686765202,0,109390260202
26.943701449057976,0,109390300101
16.788730034142098,0,109390440201
24.290113900643917,1,109390560201
32.72548767342583,0,109390560202
24.2477312956995,0,109390880201
17.597634363692254,0,109390880202
32.529590251101254,1,109400140101
21.74782552042389,1,109400140102
28.737375704472438,0,109400220201
24.123548720906477,0,109400350201
26.091504051616287,1,109400350202
15.147598833356525,1,109400380301
21.493899634988217,0,109400620201
18.34550365402411,0,109400660301
38.14329266292051,1,109400680201
30.03663677466136,1,109400780201
12.504918589968497,0,109400810201
27.83671555786332,0,109410350101
24.53804549906783,1,109410560301
21.936548176196,1,109410560302
10.516068895012058,0,109410830201
18.841851979606396,1,109420160201
14.844280549939834,1,109420200101
11.329576565752218,1,109420360201
18.958836319166085,0,109420390201
23.651401842447093,1,109420420201
31.288165895307593,1,109420450201
17.975007325200906,0,109420520201
1.8733644400987028,0,109420800101
7.20759582778617,1,109420800102
29.060001292318695,0,109420850101
24.255361079855852,1,109430160201
24.082061783858503,0,109430360201
13.8864944594471,1,109430450201
15.687539756623847,1,109430600201
19.23601455561531,0,109430600202
24.464128997353527,1,109430810201
33.91493078408443,1,109431040201
20.2717379047788,0,109440020201
20.361415742108974,1,109440130201
4.281921120892806,0,109440180101
21.832638429002625,0,109440340201
28.938210158652705,1,109440680201
30.275218470931968,1,109440680202
40.08805577705432,1,109440740201
17.86231350341709,1,109441030201
17.661420176778453,1,109441030202
12.139570666960775,0,109441080401
39.11028112485532,1,109441490201
37.89442724114272,1,109441490202
23.994006324590906,0,109450010101
36.15661339811615,0,109450030101
7.133627608272212,0,109450120301
24.3761811139253,1,109450160101
30.183016050000052,1,109450280102
10.362287799587369,0,109450290101
20.93345605172691,1,109450350101
21.92894259785705,1,109450390101
21.426077696037655,0,109450450101
11.098368937872424,1,109450490101
17.896869399072653,0,109450510101
19.77197901670614,0,109460020201
22.332477328917502,1,109460020202
23.548685685152257,0,109460070201
29.992975471104124,1,109460130201
37.68682758508212,1,109460150101
35.38437102266976,1,109460230101
21.996778844945577,0,109460270301
21.27567374575847,0,109460270302
19.480390704400627,0,109460370201
27.081108009225805,1,109460370202
29.715506916570707,1,109460400101
43.48411850107382,1,109460460101
20.16083901715881,1,109460600101
23.40087659094484,0,109460600102
36.69543499962759,1,109460620201
6.424760992773166,1,109460620401
17.03166335440842,0,109460640101
28.542791236990446,0,109460670201
16.652265113058718,0,109460670202
18.17223284930658,0,109470120201
20.206361855769035,1,109470230101
18.73187139368906,0,109470820101
9.201128429236999,0,109470990201
29.675551058992085,1,109471110201
40.35060588552085,1,109471110202
22.641929133120815,0,109471460201
21.02444309127216,0,109480110101
32.90992334937825,0,109480140101
29.803461503880875,0,109480140102
12.563726057991923,0,109480170101
14.790647427684354,0,109480170102
23.94602445247797,1,109480220201
28.216678267518464,0,109480220202
39.786246210381584,0,109480240101
9.565798546197062,0,109480260401
5.588464803392734,0,109480290201
24.540616273731118,0,109480340201
36.51118040800165,0,109480340202
18.15861183441131,0,109480380201
11.633756149374458,0,109480380202
15.735779342014103,0,109480390201
18.410550732927653,0,109480420101
18.698033265937752,0,109490020101
19.199633179970746,1,109490020102
27.288540833176032,0,109490100201
30.45907196278713,1,109490110201
23.832211254110412,1,109490130201
21.267125120696818,1,109490150201
16.324272818953837,0,109490150202
16.10506773575982,0,109490150203
35.23491448962584,1,109490170201
28.149000668833935,1,109490200301
25.099140027460955,0,109490220101
34.6410805449682,1,109490250101
28.12661456008522,0,109500240201
25.99814628202344,1,109500280201
29.240503898652246,1,109500280202
31.34933353854741,1,109500320201
25.616337990277536,1,109500360401
30.096513300350722,1,109500430201
18.753897206533942,0,109500470201
17.588378362193314,0,109500550301
27.283067451695732,1,109500740201
35.71392578746549,1,109500770201
40.611850131708835,0,109500930201
34.36245258393101,0,109500930202
21.111505328105146,0,109510290201
18.874826950126568,1,109510410101
27.940479609138073,1,109510580201
18.224976410648633,1,109520040201
16.471637765922065,1,109520040202
19.85630019399558,0,109520310201
8.898725909372635,0,109520400201
16.33459866245472,0,109520550201
21.25402340232364,0,109520720201
15.990098416528163,1,109520720202
17.697156731432305,1,109520800201
38.546671859973515,1,109520830201
13.105113077780201,0,109520960201
26.450138252004038,1,109530050201
26.64097433709617,1,109530080201
24.547907151505367,1,109530080202
37.487259627963056,0,109530180201
26.53984313094427,0,109530210201
37.51134305223378,1,109530210202
16.207141345939128,0,109530270101
12.482943986265624,0,109530270201
29.556804377294043,0,109530340201
22.773659792613742,0,109530340202
10.481570823590637,0,109530400201
48.44840076098529,1,109530490201
45.95350359586247,1,109530490202
40.793945482020995,1,109531060201
20.045326310002945,1,109531110201
14.778805501180788,0,109531110202
36.51049290516738,1,109531150201
20.33483849400215,0,109540080101
11.60695651863662,0,109540080102
0.5646505350951845,0,109540380201
19.222535567089423,0,109540650101
18.010878210020483,0,109540750101
25.343915036238663,1,109540920101
21.947046323452255,0,109540960201
30.789812673326814,1,109541100201
31.24075958281901,1,109541100202
20.88815544757556,0,109550030101
38.62573032520997,1,109550070201
24.255897099670925,1,109550110201
26.773410185937127,1,109550150201
32.85163746847632,1,109550150202
35.389632912893276,1,109550150203
28.35948879311146,1,109550350201
11.996757742868065,1,109550390201
25.390234272630163,1,109550480201
23.17056937781852,1,109550560201
11.680810078474767,1,109550710301
16.20019269705415,0,109550710302
24.893363227478005,1,109550830201
18.903973288151477,0,109550910201
31.64329385361513,1,109560010201
47.28590537393775,1,109560040201
31.929922922136818,1,109560070201
25.31444451033818,0,109560070202
32.027423402379185,1,109560120201
42.761108413211424,1,109560150201
24.394312378011687,0,109560170201
37.98234017594933,1,109560170202
32.56003148805615,0,109560220201
34.47384074830246,1,109560250201
16.131816374000117,0,109560340201
26.565294763555006,0,109560370201
37.14625678919943,0,109560470201
43.83448720853133,1,109560470202
39.02807789427376,1,109560630101
13.3738687731018,0,109560670101
14.052783717326237,1,109570110101
12.652595791706664,0,109570290201
18.148879256994466,1,109570550201
24.833045695207087,1,109570620201
19.060312993467868,1,109570830201
23.711462652709404,0,109570910101
22.705571007083616,0,109570940101
13.811445524490692,1,109570990201
16.150363433649986,1,109571020201
19.56362331160811,1,109580010401
15.327688830298298,1,109580040201
30.104373017494858,1,109580220201
21.192250630004423,0,109580310101
24.045879532379367,0,109580380201
20.639369349447183,1,109580380202
21.997414470062058,1,109580720201
24.423438892182787,1,109590120101
15.250509673326102,1,109590190101
20.05882214251915,1,109590190102
29.168853782089183,1,109590330101
29.678129711415814,1,109590400201
9.893746509810299,0,109590510201
34.65931629946875,1,109590620201
14.2575760200818,1,109590620301
23.14358100100291,0,109590650101
26.931674507719045,1,109590720201
28.173959299606114,0,109590760101
22.715816158320546,1,109600140101
27.55611171680416,1,109600200201
15.813391924716644,0,109600310101
22.427395608770556,0,109600310102
23.745655420563647,0,109600310103
38.47106186789346,1,109600330201
25.935559478576113,1,109600350201
20.753356810968775,0,109600580201
29.57286402480886,0,109600600201
17.486275851781066,0,109600630201
11.975987898787677,1,109610040101
15.23741541152387,0,109610070201
11.21830422868091,0,109610220401
21.55716346407054,0,109610340201
18.014714932015067,0,109610410201
19.198104839184715,0,109610410202
17.906313966190808,0,109610510201
10.934038115992518,0,109610560201
34.462105937303,0,109610610202
19.744066377256562,0,109610610401
19.35557580132035,0,109620020201
29.842481406416915,1,109620150201
30.200487256244713,0,109620150202
33.03804694919496,1,109620270201
17.01267981722544,1,109620320401
38.085848631376706,0,109620440201
19.44778626734054,0,109620440501
34.814466722899155,1,109620560202
27.91805286125268,1,109620670201
22.93619017025805,0,109620840301
29.00702691221419,1,109620840302
26.801218763826515,1,109620840303
32.5871397924352,0,109620890101
17.806762978251115,0,109620950101
19.0308991732569,1,109621120201
23.502348232841538,0,109621120701
22.624263503492042,1,109621420201
20.14132028085438,0,109621420202
13.825425905699605,0,109630070401
8.418346847499496,0,109630190301
15.43308150884071,0,109630300401
18.340036243857035,1,109630340301
17.68029112036725,1,109630570601
27.769448326345543,1,109630680201
19.915346982647947,1,109630830101
34.4058482650785,1,109630870101
12.34324960035177,0,109630910201
24.576365202467233,1,109640100101
9.05930427967137,0,109640230301
20.7852255213465,1,109640270201
25.431066755531297,0,109640370201
11.143542924239686,1,109640810201
13.161276491127758,0,109641080301
28.89692283762423,0,109650010201
29.147678986911743,0,109650070201
24.978501542733078,0,109650140301
16.368625007889392,0,109650140302
31.04252459436559,1,109650340201
17.14823347844928,0,109650440401
34.56941937251028,1,109650620101
41.41401036508599,1,109650620102
32.131483423684955,1,109650640201
24.78763737206842,1,109650670201
29.649737256353134,1,109650700101
12.319055725235522,0,109650730201
36.378937099385304,0,109660050201
21.583134864879106,0,109660110201
32.29708741801757,1,109660110202
25.536348968999498,1,109660200201
28.55694520565968,1,109660300201
20.150104774853517,0,109660300202
39.84158381518277,1,109660340301
18.317894450495324,1,109670010201
32.47592631591895,1,109670070101
14.73811736875895,0,109670110201
22.788536058281856,0,109670150201
21.76258408411834,0,109670150202
25.99169560666112,0,109670170101
25.446223166683307,0,109670170102
25.808316189625096,0,109670240201
34.26737440943509,1,109670240202
33.823701699443525,1,109670260101
42.34225516073706,1,109670310201
23.983117121578694,0,109670370101
37.26523102414984,0,109670470201
21.20530422721236,0,109670490101
15.878885484270665,0,109680160201
16.362860325617163,1,109680310101
14.38297279410203,1,109680360401
23.4494205796382,0,109680380201
23.716864796878973,1,109680460201
21.568347022209174,0,109680540201
32.3695075876333,1,109680590201
30.873479406546316,0,109680590202
25.04039473543838,0,109680650101
25.16299577184783,1,109680650102
18.37417161960001,0,109690190101
35.92835841412254,1,109690320101
41.36216772667425,1,109690430201
39.098372961166106,1,109690430202
30.19080713281282,1,109690430203
33.51641134388513,1,109690500401
40.086931353660574,1,109690590201
24.74136282685767,1,109700040201
30.339868604038443,0,109700060201
39.19092713212299,1,109700070101
30.844889105612452,1,109700070102
27.20903261817915,0,109700070103
14.70854190236592,1,109700070201
26.75899418236561,0,109700090201
19.800751820184033,0,109700090202
23.89320139779321,0,109700110201
25.613573333965412,1,109700110202
32.46962855020728,1,109700160101
31.697324612944897,0,109700200101
21.31250437066767,1,109700280101
16.669260575871192,1,109700290101
16.691825809821157,1,109710060201
28.22209766889551,0,109710090201
27.65584036133714,0,109710200201
25.915593930650115,1,109710200202
13.302000119996174,0,109710210202
25.441393137527193,1,109710230201
21.910370324471636,0,109710230202
25.353564455165955,0,109710280101
18.84033390535801,0,109710310201
36.27546381507068,1,109710420101
19.090082744192244,1,109720140201
12.118083003191385,1,109720350201
29.62274652305264,0,109720610301
26.875077320335336,1,109720700201
17.27720353378217,1,109720760201
15.295922807388818,1,109720970201
14.79696793511613,1,109721170201
12.799048975359966,1,109730090201
25.78302131900812,0,109730140101
25.38410385175513,0,109730260201
19.30397403590287,1,109730390501
17.199040830658557,0,109730430201
16.40258638151999,0,109730430202
39.285509675817245,1,109730470201
30.953938544778058,1,109730560201
30.56680890321249,1,109730600101
23.785561986321888,0,109730890201
39.70008695573521,0,109730930201
20.016330094016144,0,109740100201
14.352035331069128,0,109740100202
23.130303572743927,0,109740320201
30.810328437359345,0,109740320202
25.685579098693566,0,109740390201
8.55883100799008,0,109740420201
20.250159287082415,0,109740450201
34.94910529721979,1,109740550201
45.33493540444749,0,109740610201
26.707856923019733,0,109740680101
39.26664343708819,1,109740710201
45.54241971727385,1,109740770201
21.32041484651552,1,109750120201
12.666397561297643,0,109750180201
27.911125687442937,1,109750360201
13.76976808961525,0,109750490201
32.440103869881796,0,109750530201
31.134176542545852,0,109750530202
17.576369464160187,0,109750610401
24.354428851629045,1,109750840201
26.167972662309673,0,109750890201
37.08346464538163,1,109750890202
18.582811620531103,0,109751090101
20.26870245356122,1,109751160201
15.696305585403088,0,109751160202
38.99725372871699,1,109760090201
24.982963193969425,0,109760470201
35.59010615833524,1,109760470202
13.442300371212383,0,109760580201
29.0907239846171,1,109760600201
27.419459458276403,1,109760620201
31.483598062833778,1,109770060101
20.000811337488585,1,109770160202
27.12357416151071,0,109770190201
23.293099654203576,1,109770350301
18.56009032795708,1,109770350302
20.742712283156926,0,109770380201
25.616835520296323,1,109770380202
28.777387802178396,1,109770630201
25.58819795041977,0,109770660201
9.353328042603382,1,109770730501
12.849953168572364,0,109770810201
26.78097180004717,1,109780150101
35.94909680648965,1,109780270201
25.90486939911542,1,109780320201
25.922792422404942,0,109780380201
32.070682959068584,1,109780380202
25.535942965857792,0,109780380203
43.51277844461217,1,109790240101
19.259732021841163,1,109790240201
23.736695641288577,0,109790240202
14.48198513655769,0,109790280201
17.55198191404715,0,109790280202
23.773696153257937,0,109790420202
30.56261050173702,1,109790530201
36.29543868090031,1,109790560201
22.440588110834486,1,109790600201
21.18936368900583,0,109790710201
18.969142006697613,0,109790820201
29.043438515522094,1,109790820202
32.9704585180061,1,109800050201
13.680059574562797,0,109800070301
18.874157089949314,0,109800110201
19.546068387552577,1,109800110202
15.255255119030833,1,109800180301
17.82832042454782,0,109800200201
17.92531419657393,0,109800380201
21.630808987159615,1,109800510201
50.73322194579805,1,109800530201
41.395862126053366,0,109800530202
22.090097535884023,1,109810020201
16.446675799606957,0,109810100201
24.811873997218456,1,109810130101
17.477001699651463,0,109810380201
12.821097440105552,1,109810530201
39.49034339577113,1,109810580101
19.196673246709533,1,109820040201
2.316196995300138,0,109820090201
18.920964532338783,0,109820180101
43.35623796182907,1,109820230201
10.259504632586149,0,109820230301
17.92073674079799,1,109820320201
18.874859308476672,1,109820320202
27.960286632997292,0,109820360201
21.99753698370354,1,109820470201
41.603140819289486,1,109820490201
43.372459750275034,0,109820530202
30.696490566669965,1,109820610201
10.831717013402992,0,109820610202
27.488109872650934,0,109820710601
39.42781571031956,1,109830060201
44.81905150821991,1,109830130201
25.69772121452899,1,109830200101
32.71506166174628,0,109830250201
16.12129641634156,0,109840210201
23.348376627282637,1,109840240201
18.880317807414414,0,109840240202
17.410625193314107,1,109840390201
25.251606432783237,1,109840390202
43.569725719122545,1,109840590201
20.843819202819308,1,109840590301
19.76733183748615,0,109840620101
19.96405374435663,1,109840620102
18.076275118813356,1,109840730401
12.033449194125712,0,109840860201
16.1542549521617,0,109840910201
23.802788594143372,0,109840940201
36.35964975514244,1,109840940202
22.310321379586487,1,109850010201
28.041384110883445,1,109850140201
31.06315387002929,1,109850180201
11.30951179182031,0,109850220301
26.18637408161434,0,109850250201
21.843200399458695,0,109850250202
20.70587730843557,1,109850290201
16.56392629444681,1,109850290202
15.077732546662382,0,109850470501
30.222196000509232,0,109850560201
18.13329872225499,1,109850590201
21.50215703139366,0,109850770201
19.286753188963964,0,109860040101
19.233765806351023,0,109860090201
25.374793697891587,1,109860090202
28.21906812575594,1,109860190201
17.61917984810435,0,109860260201
26.865983603445088,1,109860310201
15.515215450635685,1,109860480201
30.954277302226544,1,109860500201
41.82660400111043,1,109860610102
11.839070777597138,0,109860610201
14.294401754298079,0,109860610401
34.52371065187658,0,109860630101
37.780373983851696,1,109860630102
26.81470760310469,1,109860660201
30.795206805694104,1,109860660202
13.216611310892594,1,109870040201
35.737882162654614,0,109870140201
26.155607010098755,0,109870140202
25.72881527475289,0,109870250201
27.614059110766213,1,109870330101
16.132116052675205,0,109870430201
7.123542407398644,0,109870460301
13.106423626879646,1,109880100301
16.624162643775634,0,109880410201
23.1439395021835,1,109880410202
18.424100025657047,1,109880440201
20.324787523573214,0,109890270201
29.839758206060942,1,109890270202
26.507356372420706,1,109890530201
21.541203982066044,0,109890630201
4.512251271855771,1,109890730101
4.189646943886009,0,109890950101
9.8793688568283,1,109890960401
28.69312947172563,1,109900030101
35.72001193036363,1,109900310201
29.077720892228264,0,109900410201
33.97467340604845,1,109900540201
16.42594460270254,0,109900570301
25.391629700247517,1,109900790201
18.15144267939133,0,109900790202
32.63402557103514,1,109900830201
7.206009415186439,0,109900930201
16.700342006823583,0,109910060201
16.892385336473932,1,109910060202
16.222485433698413,0,109910330201
24.14458282430718,1,109910330202
22.420656827145645,0,109910330203
28.31118059661754,0,109910610201
20.890420160284993,1,109910690401
11.201832631391927,0,109910760201
28.961061950517916,0,109910760202
15.367687121854878,0,109910820301
29.8100337777282,1,109910850101
21.130445767153457,1,109920060201
16.67804076734216,1,109920140201
35.42234621260214,1,109920230201
18.893002880649256,1,109920340201
44.05825090645472,1,109920450101
42.474953122191444,1,109920450102
36.08699969789198,1,109920450103
41.80627857675599,1,109920450104
20.456695933106325,0,109920470201
24.163532080204604,1,109920640201
33.68737111138854,1,109930050202
17.973182100944644,0,109930170201
12.816125853866158,1,109930220401
34.4935214572526,1,109930270201
32.97920104452311,1,109930270202
30.89686940160609,1,109930330201
19.545759728315918,0,109930360201
29.479695105457786,0,109930440201
37.43589149507494,0,109930530201
35.04543042542768,0,109930530202
35.94369186439219,1,109930640203
30.805286317655185,1,109930680101
28.211787839196937,1,109930680102
24.58974470735824,0,109940040201
33.61461385406461,0,109940040202
16.5528189265328,1,109940230201
23.280653446007722,1,109940300501
19.653699303121712,1,109940560301
37.244687223432294,0,109940780201
18.081052922948498,0,109950160201
27.486034890456818,1,109950290201
13.093773243008474,0,109950310201
13.28011869370942,0,109950380201
34.172420243134184,1,109950380202
36.13026032811949,1,109950490201
17.877717283839786,0,109960020201
16.28065412229666,0,109960090301
19.327111433425035,1,109960090302
13.314146690108979,0,109960230301
20.22930740817357,0,109960300201
20.36553640860839,0,109960320301
21.830279103347053,0,109960320302
24.809168044713815,0,109960520201
25.280694866768215,1,109970070101
28.309407090936986,0,109970310201
24.231315710214105,1,109970730101
17.278805470153934,1,109970770301
22.53563878171072,0,109970840401
23.247053230906005,0,109970840402
19.777832173652822,1,109970960201
7.872326583627173,0,109970970301
17.11352331836782,0,109980150201
30.164208040347155,1,109980190201
18.341646627569496,0,109980430201
6.559133737779157,1,109980430301
17.708152364412612,0,109980550201
28.608659877255374,0,109980710101
24.757758276269474,0,109980710102
12.28903069919901,0,109980750201
18.615884059723427,1,109980820201
17.487702283823076,0,109980860201
28.934514929522813,1,109980950101
12.539173459438883,1,109990040201
25.54289923963379,1,109990100201
21.209075348238038,0,109990100202
32.84675900619664,1,109990220201
17.5469436062082,0,109990280201
21.516926351564184,0,109990300201
23.085868175863265,0,109990300202
25.652492219758763,1,109990320201
3.6285796479881487,0,109990370201
21.098465548563762,1,109990410301
19.091908926333854,0,109990510201
33.066639020862446,1,110000050201
25.74088500781655,0,110000090301
28.02527111282338,1,110000190201
22.278834014231222,1,110000190202
23.48949087664708,1,110000230101
30.4972236509854,0,110000300201
10.525990566968966,0,110000480301
17.25453083391534,1,110000480302
20.61990960268586,0,110000610201
18.740470955246934,0,110000610202
30.604775192801636,0,110000650201
31.575191263214577,1,110000650202
30.42958476714693,1,110000750101
28.175020305443365,1,110000750102
13.114082164532377,0,110000790601
16.743220874900032,0,110000860201
19.54938179887363,0,110010020201
18.730534932834892,1,110010020202
16.08151820924465,1,110010320101
33.20352936210592,1,110010550201
19.370197815252695,1,110010620201
21.92181699262149,0,110010670201
15.827341833338108,1,110010840101
23.279394481594835,0,110010880101
19.454900112846506,1,110020050101
26.946375481343786,0,110020140201
12.994534576752578,0,110020210201
15.754394662398589,0,110020260201
10.722670077357467,1,110020260202
28.720184071553795,1,110020310201
26.097483846609116,1,110020310202
24.27339968301039,0,110020330101
24.62226928190408,0,110020330401
25.677624794603084,0,110020350201
34.46439436663719,0,110020350202
16.261707779490802,0,110020350301
9.109411218323382,1,110020380201
22.330750030447508,0,110020420201
17.69052389396218,1,110020470201
16.8365781955712,1,110020520201
21.320855883861284,1,110020570301
27.02504861806763,1,110030080401
47.08553516445952,1,110030180201
43.90654861250102,1,110030180202
13.502548386886692,0,110030220301
25.690195502480115,1,110030220302
11.601047988132866,1,110030610501
20.343432559473175,1,110030760201
26.59276962332564,1,110040360401
15.884543142486576,0,110040360402
22.313235966514505,0,110040440201
30.54208442472179,1,110040530201
15.62946518445277,1,110040850301
13.810775244552008,0,110040990301
22.04308446618295,1,110041030101
27.692485511057562,1,110041030102
21.035835413522975,1,110050210101
26.238521619551413,0,110050240101
32.1330324768689,1,110050290201
17.749191065070395,0,110050340201
3.9890282399967347,0,110050530201
11.372905630886523,1,110050530202
31.154816010200946,0,110050660201
26.560961522473782,1,110050660202
11.465835851752813,1,110060160201
30.509723501740087,0,110060310201
32.07183463746427,1,110060440201
29.479991351339002,0,110060520201
17.739931911068446,1,110060600201
19.6831831267429,0,110060710201
10.616582408249867,1,110060710202
22.391627037385,1,110060750201
12.495383081024357,0,110060970201
21.196343292777524,1,110061010201
14.97977348512607,0,110061010202
32.09957840017783,0,110070300201
30.67719542653366,0,110070350201
5.40869444188438,0,110070380201
24.419010521014556,0,110070410201
28.944947680600116,0,110080030101
33.16535112944845,0,110080050201
10.18645013960033,0,110080180201
20.003879377033766,1,110080410201
14.917034308498396,1,110080460201
12.620241252908997,0,110080540201
14.742096823336647,0,110080540202
25.21190664617335,0,110080590201
18.53123588599612,0,110080630201
16.333523944296438,0,110090130301
20.678854145025305,1,110090180201
22.477294294868656,1,110090210201
13.812501691018216,0,110090230201
11.624321404850388,0,110090230202
47.538575858613385,0,110090260201
14.829947536216002,0,110090290201
19.92459814894021,0,110090390101
18.80934628359536,0,110090390102
33.36251198430996,0,110090490201
32.46876766876439,0,110090490202
39.291992376404764,1,110090490204
24.666417148158494,0,110090540201
14.659567878352862,0,110090620101
28.034041930548156,1,110090620102
36.38445307499822,0,110100090901
25.742277123462674,0,110100280201
15.891428943702476,0,110100280202
32.579878158656314,1,110100310201
22.211247497407413,0,110100340201
24.10417469951504,0,110100400101
21.399638842642037,0,110100550201
11.912147434054805,0,110100580301
27.315023859968143,1,110100650101
10.438627506597898,0,110100710101
25.77646923324552,0,110100770101
32.30696719094429,1,110100770102
50.08570828043748,1,110110080201
37.27536762111307,0,110110120201
41.29852655144002,1,110110120202
28.604950742722576,1,110110190101
27.47231021955108,0,110110270201
51.92628322007002,1,110110450201
46.410109377457516,1,110110450202
13.973670398995981,0,110110710201
41.03700346054205,1,110110790201
36.78250063461131,0,110110790202
37.93129483145362,1,110110820201
17.861020053269126,0,110120100101
13.204978187550536,0,110120130601
33.12614245332331,0,110120150101
49.255156454339726,1,110120230201
26.415344682701107,1,110120260201
18.923209963868338,0,110120260202
26.648033110928164,1,110120290201
13.666023618621582,1,110120340101
44.83220766337593,1,110120360101
32.30859980927567,0,110120360102
21.048363602983045,0,110120420101
32.01064854027368,1,110120420102
28.126878053489314,0,110120420103
19.037871612034806,0,110120420801
13.5309100811966,1,110120440201
26.161557109262233,1,110120500201
14.667451425488512,0,110120520101
24.280726256410578,1,110130020101
39.42452215454732,1,110130040201
40.70462708018986,1,110130040202
27.44960255341349,0,110130100101
20.78483932949305,0,110130100102
53.94008569401536,1,110130160201
44.237285026830975,1,110130160202
25.83158455282183,0,110130220101
40.0151673439762,0,110130280201
39.29408809315441,0,110130300201
40.18852164261146,0,110130300202
37.67862673724332,1,110130320201
40.15742614553138,1,110130320202
37.204208979238544,1,110130340201
34.60682400087385,1,110130340202
42.010258306788785,1,110130360201
35.86180671394503,1,110130360202
36.85313621708207,1,110130380201
27.37330558076244,0,110130380202
30.097544280846684,1,110130400201
43.22605223226151,0,110130440201
53.893974051905566,1,110130440202
44.72887308505528,1,110130460201
31.681441581010063,1,110130480202
38.1112443347734,0,110130500101
33.538669053202085,0,110130500102
42.022706108461946,0,110140020201
37.24874961210244,0,110140020202
45.5224829969884,0,110140030201
38.58848847780269,0,110140030202
45.77883688886545,1,110140050101
44.116068561779585,0,110140050102
47.205373942350455,1,110140050103
19.64366025715119,0,110140090201
40.95562359768514,1,110140200101
43.780519464282555,1,110140220101
45.35535478342563,1,110140240101
43.97556427525674,1,110140240102
37.73000027894032,1,110140280101
24.139385237701678,0,110140320101
34.995616981555045,1,110140320102
41.59808158257967,0,110140340101
27.150438876183525,0,110140350201
29.560649849847913,1,110140390201
31.198793809299367,1,110140390202
25.669631520241587,0,110140410101
26.520822120257,0,110140410102
39.6641050842555,1,110140430201
41.3633671776314,1,110140430202
31.489841100271054,1,110150060101
32.68544870687652,1,110150060102
38.63963709051949,0,110150070101
55.03066961017721,1,110150110101
40.030059064451876,1,110150120201
41.23513849974091,1,110150200201
46.86947302295535,1,110150300201
45.57027336827794,0,110150310201
53.4230457834571,1,110150310202
49.41178534907387,1,110150330101
31.714184061639532,1,110150360101
23.525180863805783,0,110150360102
42.63367947549254,0,110160120101
50.70314534208177,1,110160190101
41.10898412038442,0,110160210101
21.344843151315363,0,110170020201
39.70436284638977,1,110170020202
41.507967995821545,0,110170080101
33.72698437696281,1,110170210201
26.469683136065818,0,110170210202
28.738618473859074,0,110170310201
42.54638095687999,0,110170470201
39.26830280824449,0,110170470202
38.99268962409398,1,110170530101
25.25696772241045,0,110170560101
26.154100559691493,0,110170560102
27.83034188820402,0,110170560103
11.475282041132399,0,110170590201
18.815492641055204,1,110170690201
41.356908675109395,1,110170790201
22.378224392346198,0,110180020201
33.89247795537749,1,110180200201
35.32805719648798,1,110180230201
30.245528731864656,0,110180230202
44.471687211514926,1,110180250301
46.60338133539613,1,110180350201
45.45943412145751,1,110180370101
60.05123628193378,1,110180420101
36.01676483945754,1,110180440101
36.73566407499361,1,110180440102
22.12669934195296,0,110180460201
35.83198944918895,1,110180510201
42.22487863793152,1,110180510202
42.92054810286591,0,110190010101
43.977496369147225,1,110190010102
23.878203723225337,0,110190030101
47.379229620388685,1,110190080101
36.09238049337668,0,110190100201
41.31557145423562,0,110190100202
34.319972664945055,0,110190100203
41.038781280687985,1,110190170101
35.26874007863253,0,110190170102
30.32020478539753,0,110190190101
32.404915385368895,0,110190210101
30.642201436002157,0,110190210102
50.97137298891131,1,110190340101
46.99439963909063,0,110190360202
39.38029632479784,0,110190360203
36.979223247660215,1,110190470101
23.841532992385552,0,110190470102
41.9538890177611,1,110190540101
31.401815597272083,0,110200010201
34.41391376011242,1,110200040201
32.83969270727728,1,110200120201
22.57514358135806,0,110200120202
56.54146237306558,0,110200170201
46.208784529651574,0,110200200101
32.23370227127672,1,110200220201
33.692571767819445,0,110200250201
44.67899516142007,1,110200360201
25.658674356809207,0,110200360202
31.342509311150454,1,110200360203
33.74424714090231,0,110200410102
39.46229177682333,0,110200410103
33.13941672766831,0,110200410104
66.36652796358746,1,110200430201
41.55754990829623,1,110200570101
35.986141104138966,1,110200570102
36.11117554191034,1,110200590201
36.932705133286966,1,110200590202
36.09707187068692,1,110200650101
37.64190427822344,1,110210110201
35.22714612187667,0,110210150201
35.52103131055363,0,110210170101
32.30645343431271,0,110210330201
28.273433994692862,0,110210330202
17.293980669754966,0,110220030201
18.94472966345215,1,110220030202
27.3022541293021,1,110220130201
11.169318791668678,0,110220230101
9.934296535831898,0,110220230102
14.654295452825211,0,110220370101
34.959293260804394,1,110220370102
28.91825998924457,1,110220370103
36.46006708208827,0,110220620201
31.25142866274684,0,110220770101
33.98567659628382,1,110220770102
34.56925505431623,1,110220820101
36.77303989639026,0,110220970101
39.71610319549359,1,110221170201
41.155014190526174,0,110221220101
41.11793904822818,0,110221220102
34.96864821452568,0,110230020201
30.10634005821714,0,110230020202
32.61874337718002,1,110230080201
35.03597191242722,1,110230080202
43.881463053764826,0,110230140101
46.782018771784166,0,110230140102
36.56495575746381,0,110230150201
39.10615830474923,1,110230160201
31.834869782887715,1,110230160203
39.04537435787237,0,110230170101
40.333946112707196,0,110230200201
36.80585356761036,0,110230200202
32.0928619499899,0,110230230201
20.803588161236007,0,110230230202
43.21714460791579,1,110230290101
27.67022826207408,0,110230290102
23.768459908000327,0,110230330201
34.56015766925704,1,110240060201
40.11189620340233,1,110240060202
30.76780961417433,0,110240060203
38.93390897233344,1,110240080201
34.89773292001242,0,110240080202
57.9602189421354,1,110240130201
40.91074854650068,1,110240190101
42.8808919584081,1,110240240101
40.635597839383095,1,110240240102
42.78424519737916,0,110240260101
54.38136250348293,1,110240260102
37.14013485425478,0,110240390201
55.133970143042866,1,110240390202
37.82959151444891,1,110240480201
47.54910677522311,1,110240500101
42.917271661534514,0,110240500102
17.314576497093547,0,110250050101
29.274468196771522,0,110250090102
32.747033564216785,1,110250090103
37.03443565719747,0,110250200101
35.56725470378642,1,110250220101
36.44985507352634,0,110250310102
43.20259459450221,0,110250360101
33.62664078388804,1,110250420101
38.66455220715473,1,110250420102
29.75897044671999,0,110250440301
34.25261464494661,1,110250440302
55.373835220518,1,110250530101
39.43600664881019,1,110260060101
32.78938774245345,1,110260060102
33.14984706314008,0,110260090201
34.839808985521906,0,110260090202
18.195362223936474,0,110260100301
40.86602586751427,0,110260120101
38.778574956883226,1,110260120102
23.914790296812647,0,110270030201
39.342644914461694,1,110270030202
34.632672091595694,1,110270030203
29.370189247155963,0,110270100201
29.4088822665507,0,110270100202
24.323738133380196,0,110270110101
29.236090032227548,0,110270110102
31.197245812564883,0,110270110103
38.87037801581091,0,110270150201
34.52826558165222,0,110270180101
36.008966670231324,1,110270180102
29.230724462933527,0,110270200101
38.704773617940376,0,110270200102
34.341178214491265,0,110270200103
37.50430948474008,1,110270220201
35.13710664122495,1,110270230101
45.63429289487609,1,110270280201
32.78527711022648,0,110270280202
24.62058654601874,1,110270300201
24.533404645851068,1,110270300202
29.674126916535975,0,110270320101
28.77789306065617,0,110270340201
38.08306772461732,0,110270340202
36.529495351025346,1,110270340203
25.565971834622555,0,110270350101
27.182395113217236,0,110270350102
34.054260576311194,0,110270370201
28.55039937520253,1,110270390101
28.84394624291635,1,110270390102
35.76084365864668,1,110270390103
37.98314652331072,1,110280070102
38.45766248190088,0,110280130201
43.24039162952536,0,110280130202
44.84512878129585,1,110280130203
37.88551628919548,0,110280170101
21.471657136133857,0,110280250101
25.01235548692089,0,110280330101
29.52552259194779,0,110280350101
33.64808963787923,1,110280350102
23.020223507729717,0,110290060201
37.75460296800378,0,110290090201
42.84808366076053,0,110290090202
24.770211948439858,0,110290250101
17.420137801198095,1,110290310201
17.930211479618553,0,110290340201
21.81607949579878,0,110290340202
49.75178491825269,1,110290380101
24.701161418192502,0,110290410201
29.861640096818686,1,110290730201
26.888936313040723,1,110290760101
24.593777597008426,0,110300050101
24.29467039562823,0,110300050102
38.28419515247718,0,110300060201
35.52851611350192,0,110300060202
23.827957879837946,0,110300080101
23.136071636410747,1,110300110201
18.164742871683682,1,110300110202
28.428848190898318,0,110300130201
45.826069538846006,0,110300160101
47.34360828058179,1,110300170101
36.3867758425101,0,110300170102
23.47794057003773,0,110300210101
22.945772565570753,0,110300230101
37.96798638150753,1,110300230701
24.355261845020802,1,110300230702
34.40239815777609,1,110300260201
27.10872443929525,1,110300310101
44.53563908847468,1,110310040101
27.131968539922216,0,110310060101
25.67097292980057,0,110310060102
31.764031270319826,0,110310080101
36.28332357814078,1,110310080102
40.393380539061035,1,110310110201
28.64697574064117,0,110310250101
19.629530143645113,1,110310340201
49.40646212984485,1,110320060101
40.088471821444784,0,110320090101
10.191915379834457,0,110320150201
11.059754191578637,0,110320150202
29.757679463948634,0,110320210101
40.5190222347437,1,110320310101
42.991250648027446,1,110320310102
32.92724546500915,0,110320460101
50.15613920936103,1,110320460102
30.171705274241877,1,110320500101
25.152185639812775,0,110320500102
36.019637309646136,1,110320530102
34.47786029533737,1,110320560101
34.192674426651635,0,110320560102
36.98277301775261,0,110320560103
18.14492633390897,0,110320590201
38.01164657021681,0,110320780201
38.03913548390173,0,110320780202
42.78207193187228,0,110320780203
23.51738078714068,1,110320780301
43.83692208544105,0,110340010201
40.72798158115252,0,110340070101
35.97982891329796,1,110340100201
29.17739214283014,1,110340100202
45.780135102084095,1,110340190201
35.015176310932574,1,110340190202
31.574850373126164,1,110340280101
30.267290514079466,0,110340280102
35.652807897143695,0,110340370101
20.42605246865127,0,110340430201
28.100887812499515,1,110340460201
21.613307879168882,0,110340460202
18.88398207308176,0,110340520201
32.179875022558846,1,110340520202
29.52994635935006,0,110340550101
33.17698261288567,1,110340550102
29.897017066453785,1,110340610101
39.68418836938597,1,110340640201
42.71098042801994,1,110340700201
28.079448947541717,0,110340700202
35.7792246160823,0,110350070201
52.31773364076124,1,110350070202
31.6193716111185,1,110350120201
17.8683708371493,0,110350120202
38.48485788052516,0,110350250201
41.05185586796718,1,110350250202
25.319105623654224,0,110350330101
28.541349517999297,0,110350330102
33.827256130053655,1,110350360101
38.57299703229889,0,110350440201
23.749703447247995,0,110350470101
34.226412338430414,0,110350470102
25.39350019895661,0,110350550101
55.26821261604419,1,110350570101
47.92407553972803,0,110350600101
35.83299453169538,0,110350600102
42.04262873051493,0,110360140101
41.793226576108076,1,110360140102
49.40088230334578,1,110360310102
31.66021077802918,0,110360580101
31.0327206678684,0,110360580102
18.69202685231883,0,110360680101
21.03607030805959,0,110360680102
29.318636584714053,1,110360680103
29.096728995859657,0,110370030201
34.9299115106295,1,110370050101
33.05746029592634,0,110370070104
43.51750563155963,0,110370150101
39.99951728349687,1,110370170201
39.421271592738655,0,110370170202
35.90392415165471,1,110370200101
35.25612856424826,0,110370200103
39.5946569735862,1,110370220201
35.681023414452916,0,110370220202
25.229633900818115,0,110370240101
36.53139491087507,1,110370240102
43.58351831473283,1,110370290101
33.38714676320152,0,110370290102
38.97954285660801,0,110370340101
33.84744242631399,0,110370340102
19.73043411503764,0,110370440101
26.143429626541035,0,110370440102
17.142389829681424,0,110370490201
34.530063424972404,1,110370510201
17.598083449155872,0,110370510203
30.362723800557337,1,110370560201
27.32571738760412,0,110370560202
26.97404822257665,0,110370590101
32.570014117956404,1,110370610201
36.20908831599764,1,110370610202
31.467084088149473,1,110380100101
25.051561788618844,1,110380100102
40.363800864194666,1,110380150102
38.99708527557678,0,110380160101
35.93669304793238,0,110380160102
46.29399548259437,0,110380180201
47.88863161332846,1,110380190201
34.87413328854387,0,110380190202
52.13990519510324,1,110380210201
38.61382227404593,1,110380240101
32.035552837159,1,110380240102
40.264119402172085,1,110380290101
32.67902286463982,1,110380300101
32.60037595162007,0,110380300102
28.96258106270135,0,110380350101
35.70565498856177,1,110380350102
26.257402809492344,0,110390060201
21.82554672365543,0,110390060202
31.856037525088613,1,110390060203
49.95452340133941,1,110390180101
32.20495746413219,0,110390180102
52.93931418008546,1,110390200101
13.738911951124127,0,110390230101
28.036356056159093,1,110390230102
34.72327413308119,0,110390400101
31.909458824714324,1,110390400102
35.44651526994009,1,110390460101
34.90708822156563,1,110390460102
37.100355310837536,0,110390520201
42.63979023844834,0,110390520202
42.29359057376149,1,110390600201
36.449287659385206,1,110390630201
57.41964385558523,1,110390710201
27.39226193959329,1,110400140201
18.54536277205284,0,110400140202
40.10517209318047,1,110400240101
38.93829707360814,1,110400240102
26.625382732726155,1,110400590201
40.01374071964481,1,110400620101
40.972198579606044,1,110400720101
28.94543065191725,0,110400720102
30.11729567634841,1,110410030101
33.067215318582356,0,110410060201
27.684270920977326,1,110410060202
48.77382919513754,1,110410070201
44.42209890621706,1,110410070202
56.247816943150866,1,110410130201
38.120018354384904,0,110410130202
13.041882168179802,0,110410140201
30.24225869709357,0,110410150201
38.34600709440387,1,110410150202
41.50284987572431,1,110410150203
29.201153782300434,0,110410170201
43.07989389409308,1,110410170202
22.20384381760636,0,110410200201
23.88191563924458,1,110410200202
30.070912912795773,1,110410200203
38.80583400450449,1,110410210201
36.726124528361666,1,110410210202
34.222391257445885,1,110410240101
28.527703666727753,0,110410340201
33.787387494124154,1,110410340202
35.53752149329014,1,110420020101
13.688468534274753,0,110420240101
15.008808106094836,0,110420340101
15.035848813015699,0,110420450101
20.556243689598762,1,110421150301
38.110706323986115,0,110421310201
16.935129137777388,0,110421310401
7.589496301072762,0,110430460201
27.51608417961208,1,110430660101
15.452699473007918,1,110430710201
41.46312632938899,1,110430810201
9.429665218166074,0,110430860201
28.45978968386028,1,110431070201
4.032930408089328,0,110431120201
14.063086282647136,1,110431120202
10.430905096053902,1,110431170201
18.05437498358409,0,110440090201
18.730150287444108,0,110440090202
25.944368143124365,1,110440130201
37.93971788597369,1,110440130202
42.44656492126645,0,110440180201
51.88551786309978,0,110440320201
60.708211617098385,1,110440320202
16.892619196286734,0,110440360101
23.41781958332665,1,110440410201
21.26451678419356,0,110440460201
25.68767794064511,0,110440640101
23.864759829964722,1,110440640102
22.345539975437365,1,110440730201
20.964147038368107,1,110440730202
22.169500042095095,1,110440780201
19.18148504797069,0,110440780202
19.369052922110118,0,110440820301
26.379511135075333,1,110440820302
22.281304667544102,0,110440870201
31.48469349979182,1,110440870202
32.845118998569404,0,110441010101
28.547338963033567,0,110441100201
29.651886356252504,1,110441100202
11.383510838594681,0,110450060101
12.119971057492496,0,110450280201
22.367948401204316,1,110450390101
16.620164193017033,0,110450570201
20.773055922092322,1,110450870201
22.005224873323247,1,110450900201
21.890032124479436,0,110460020201
35.77353330218557,1,110460020202
23.832903762446023,1,110460030201
44.151271056833785,1,110460060101
38.252335582514554,0,110460060102
28.75554761707062,0,110460080201
24.679147280891367,0,110460100201
28.764218751979733,0,110460100202
32.502031187874955,1,110460100203
34.48743611031713,1,110460130201
42.07974190726772,1,110460160201
42.00085012620197,1,110460200201
34.04317236950154,0,110460210101
40.54388400848643,1,110460210102
24.159412263228866,1,110470020201
22.964489342254268,1,110470120101
22.89875904227744,1,110470160101
27.871887272379624,0,110470160102
25.79526489570233,0,110470610202
18.59397399717083,0,110470650201
15.788781779310105,1,110470650202
17.08545585813051,1,110470680201
11.92692145649984,0,110470750201
27.764977795455696,1,110470820101
33.626554061942116,1,110480010201
34.673080142368995,1,110480180101
34.975354178943114,1,110480220201
23.65223737767091,0,110480470101
20.175632383022624,0,110480590201
34.452017591615494,0,110480590202
37.59784262167724,1,110480590203
12.388854497703152,0,110480630201
29.244297044305235,1,110480670201
25.508316673222044,1,110480760201
25.17936656686723,0,110480800201
26.826364305077004,1,110480880101
29.540315007568402,1,110480960201
20.931361842892017,1,110480960202
27.01105533274438,1,110490090201
30.02843269404088,0,110490270101
14.755200033664314,0,110490360201
19.267656769151717,1,110490490401
38.70510488910489,0,110490580201
35.99758383403986,1,110490620201
36.68743603588181,1,110490620202
7.297465168947802,0,110490660301
27.76679565452331,1,110490970201
19.47943519791531,0,110490970202
37.57783821078509,0,110491060101
34.882359036123816,1,110491060102
21.55413496023928,0,110491100202
13.201564002943371,0,110500050201
16.897560082528308,1,110500080101
31.145699949922648,0,110500110201
30.31856317209732,1,110500110202
31.583779979886444,1,110500170201
17.532065946814257,1,110500170202
19.49392464697888,1,110500260101
25.67522479236201,1,110500260102
15.498938525170356,0,110500290301
18.69639825054885,1,110500320201
13.545391560087324,1,110500350401
21.320370101185773,0,110500470201
20.50703619908031,0,110500470202
41.3289438943515,1,110500560101
26.703344422470824,1,110500680101
18.136697553759014,0,110500680102
24.170748858078042,0,110500740201
33.721181284081496,1,110510030101
56.105117398942056,1,110510120202
45.83230633934904,1,110510120203
28.4583069663962,0,110510250101
27.131251458882478,1,110510250102
30.205330650069993,1,110510290201
28.177718102519254,0,110510290202
34.22164304150564,0,110510340101
27.31776273910822,0,110510340102
37.64539770600682,1,110510380201
39.040506669225586,1,110510380202
38.12526353822351,1,110510380203
29.460599150810687,1,110510430201
24.716063786421063,1,110510430202
39.46941790060409,1,110510470101
42.553257883207976,1,110510470102
26.37376392543535,0,110510600201
34.06562594476769,1,110510600202
27.00493156717376,0,110510600203
50.26244014941484,1,110510650101
47.86232807012868,0,110510690101
44.86242699708307,1,110510690102
38.42867862061052,1,110510690103
35.37101833172343,0,110510780101
41.93847873280378,1,110510780102
36.534606174874604,0,110510870201
39.6103712942368,0,110510870202
32.224723580260594,0,110510910201
28.460366029604806,1,110510910202
41.75869497816052,0,110511040201
45.19023854768514,1,110511040202
21.99858407862053,0,110520010301
24.614029981849196,0,110520010302
24.53926685540884,0,110520030201
29.758562904066096,0,110520050301
31.1711337612366,0,110520050302
20.212807524296753,1,110520070101
17.9041089401847,1,110520070102
48.699618879249286,1,110520080201
57.817586266352784,1,110520080202
21.16191067862579,0,110520090101
25.05130468711319,0,110520090102
23.18085944327704,0,110520090103
33.35319676397734,1,110520110201
23.91181382669817,0,110520120201
13.024766149069418,0,110520140501
41.59786253320402,1,110520180201
35.40734069894741,1,110520180202
21.504182858698268,1,110520190101
15.426304091220832,0,110520230101
20.267351543862365,0,110520230102
33.51113447508321,1,110520230103
19.798979256275842,0,110520240101
29.715585450999818,0,110520240103
33.89689589409463,1,110520250201
32.42773288089719,1,110520250202
23.829487139711624,1,110520260201
29.12257490939876,1,110520260301
48.15601252267241,1,110530080201
36.83945576005244,0,110530130201
46.41096242179965,1,110530130202
47.7169352840087,0,110530240201
39.782470517197574,1,110530290201
33.705375899701096,0,110530290202
33.72041574656812,0,110530330101
39.12993629449129,0,110530330102
44.06366790567979,1,110530360202
52.760205894094085,1,110530380201
33.740418702707444,1,110530400201
31.628713104536207,1,110530450201
32.807695096926864,0,110530470201
36.01153182021813,0,110530470202
42.767016975435574,0,110530520201
20.859142576904127,0,110530540201
31.28130284088403,0,110530540202
31.18080763535452,1,110540010201
50.317987595728255,1,110540040201
36.72010745801117,1,110540080101
21.954036375972063,0,110540080102
41.285700206102206,0,110540110201
44.20286456586639,0,110540110202
18.938046480929348,1,110540180201
31.04010876973403,1,110540240101
30.68866047377829,0,110540240102
40.31197511925265,1,110540310201
30.023031214200437,0,110540310202
41.57422994091941,0,110540480201
38.01678445381044,0,110540480202
6.320371364453113,0,110540510101
29.568696704107882,1,110540650201
20.019657429192126,1,110540650202
7.615746948367843,0,110550030401
47.534387684217485,1,110550070201
48.24550280282696,0,110550070202
38.48500715792111,1,110550080101
30.769507893130836,0,110550080102
39.72586444112633,0,110550080103
37.804171575422764,1,110550110202
34.67863226450617,0,110550130201
19.932437022504118,0,110550180201
35.783862150638676,1,110550180401
36.08069249742452,1,110550190201
34.502159173734434,0,110550230201
24.30802899269761,0,110550230202
29.483513493627942,0,110550230203
26.73218575799996,0,110550260201
24.239972120950124,0,110550260202
27.911162932736914,0,110550260203
28.88373164900186,1,110550290201
33.28790385647714,1,110550290202
38.79986784371472,1,110550310201
40.11002372818245,1,110550320101
34.006395110077854,1,110550320102
35.348060778339004,1,110560020101
32.24174103589401,1,110560020102
32.45450714569071,1,110560060201
35.29154156064438,1,110560170201
30.73947982616903,1,110560190201
28.237932604764193,1,110560190202
39.21734713477205,0,110560260101
47.727658161466366,1,110560260103
19.761921689662515,0,110560320201
32.28938888482105,0,110560370201
36.80524498311198,1,110560480201
34.89253992442873,1,110560480202
22.410138321868505,1,110560500201
37.559858843865584,1,110560500202
35.94579117189927,1,110560540201
39.1908467307517,1,110560540202
36.36922749077379,1,110580030201
28.60590568376534,0,110580030202
27.292358882632055,1,110580030203
21.254316602858378,0,110580080101
23.934036319148383,0,110580100201
32.84358991391355,1,110580100202
33.93210963482983,0,110580100203
28.861338881837955,0,110580120201
32.19112753113035,1,110580120202
39.0191775658437,1,110580170101
38.0016399841807,1,110580230201
35.400991955428566,0,110580230202
32.751526841342255,1,110580260101
28.85483358664362,1,110580260102
32.970065520300615,1,110580260103
23.071673260139782,0,110580280201
40.34343976246031,1,110580280202
37.60636544160209,1,110580300201
30.00733992285507,1,110580400201
25.05425180217589,0,110580490201
17.918382586872198,0,110580490202
20.31350121065498,0,110580490203
30.776497992877708,1,110590010201
13.311759137827693,0,110590010202
35.24934760849241,0,110590050201
45.970940664282566,1,110590050202
57.179121329484964,0,110590250201
32.7982322947903,1,110590330201
40.231388532500745,1,110590330202
17.62734607029588,0,110590330301
15.087711712424081,1,110590380201
19.32683835480217,0,110590460201
26.27594898813941,1,110590460202
30.05003686691729,0,110590460203
36.349191227885555,1,110590540201
33.927034998995794,1,110590540202
35.233553145220455,1,110590620201
20.08701816752398,0,110590620202
48.291878492505056,0,110590700201
56.19921142911622,1,110590740201
47.25741530625523,1,110590740202
48.75716181874723,1,110590740701
32.27890561611425,1,110590820201
33.018092574372645,1,110590870201
36.23340679129076,1,110590870202
47.3697980320796,1,110590910205
44.9548514486533,0,110590990201
51.68741739671314,1,110600040101
34.88016125263456,1,110600090101
23.341152253810883,0,110600160101
27.723432459434388,0,110600160102
26.56195360496396,0,110600180201
41.94484977534056,1,110600180202
35.069020209452646,1,110600200201
26.816975128431856,0,110600200202
32.84125805310139,0,110600230201
36.13774386361689,1,110600230202
32.88305369533365,1,110600250201
29.742573591684714,0,110600270201
33.13712710086621,0,110600270202
22.543290728833068,0,110600340201
24.658784978689077,1,110600340202
28.137763875458628,0,110600360101
35.02238154813224,0,110600360102
22.025010929818386,0,110600410201
49.95812844882907,1,110600460101
46.32212389627871,0,110600460102
48.2379479676433,1,110600550101
38.67912908571207,0,110600550102
27.918844182856457,0,110610090101
19.94605027281783,0,110610130101
28.901670037674382,0,110610160201
42.79854016599554,0,110610180101
32.81076839601731,0,110610200101
37.41479209964986,1,110610200102
37.88748030681962,0,110620010201
36.49255479535376,1,110620010202
31.99618166394121,1,110620030201
35.08728524596829,1,110620030202
14.316076513587422,0,110620040301
8.143660292336786,0,110620060201
40.447993112859756,1,110620070201
27.82413080137064,0,110620070202
38.21106127770213,1,110620100201
39.16674140083251,1,110620100202
27.57124230091445,0,110620100203
42.6637589879606,1,110620120201
33.656945781613935,0,110620120202
26.68991805536328,1,110620140401
20.303089138094656,1,110620140402
27.915080280285785,1,110620170201
27.149182288116723,1,110620170202
49.92899174757305,1,110620200101
41.02132793251635,0,110620200102
31.08538384832781,0,110620200103
14.078929018005457,0,110620210401
14.159426940164488,0,110620290201
26.363595480537565,1,110620290202
27.730528405439305,0,110620320201
36.026983303244336,1,110620320202
45.7859014905452,0,110620340201
38.28822926162085,1,110620370401
25.78702745703531,1,110620390201
25.533512350752623,1,110630020201
10.750948715553882,0,110630020202
28.778703016774838,0,110630040201
27.343287236320663,1,110630040202
5.956763682349728,0,110630060201
18.26589956552571,0,110630090201
25.1224164214505,1,110630090202
24.190548335154297,0,110630150202
41.28699379030866,0,110630160201
60.18440430065705,1,110630180201
45.16060275808368,1,110630190201
28.795748972980633,1,110630200201
28.01699994100717,0,110630200202
41.290273215192855,1,110630260201
46.32477635928004,1,110630280201
32.03022193058855,1,110630280202
38.85083656275288,0,110630290201
18.02595214015926,0,110640050201
35.77831408594728,0,110640110201
40.35652387917447,1,110640110202
38.90564746957087,1,110640150201
41.05103166666738,1,110640150202
35.45242010334441,1,110640190101
38.12941263960352,1,110640190102
15.780392360419176,0,110640210201
16.876254292291538,1,110640210202
21.28758138898703,1,110640210203
24.740032491687817,0,110640250101
26.464392838327925,1,110640250102
25.01130727318501,0,110640250103
32.18517677637991,0,110640300201
31.123670708658008,0,110640300202
27.728058379977092,0,110640340201
27.05127540595152,0,110640340202
50.59721942737373,1,110640360201
41.75657513319811,1,110640360202
42.24378097645366,0,110640400201
35.58023633132061,0,110640400202
28.324404032265605,0,110640460201
37.49461797331709,1,110640460202
37.509335625729705,0,110650060201
42.005728468832565,1,110650060202
29.28222612127913,1,110650150101
35.639422869904855,0,110650190201
38.95924958586126,1,110650280201
26.68346376227191,1,110650310301
39.37187265988069,1,110650410201
29.33262367447904,1,110650410202
45.02566039331158,0,110650570201
44.067025399248244,0,110650570202
45.11999122509137,1,110650570203
19.566455135228264,0,110650600201
50.20154099740052,1,110650630201
50.344342082809106,1,110650630202
22.13620709562968,0,110650690101
25.82320491874706,1,110650760301
39.31328822800627,1,110670040201
38.59624696320449,1,110670040202
37.87893083645347,0,110670150101
38.47820025011562,1,110670290101
31.04502625231809,0,110670290102
20.19005320047195,0,110670460201
53.99863439243836,1,110670500201
22.642980914344346,1,110670530201
31.704380645864124,0,110670600201
24.041130170176206,1,110670640301
24.606958635861577,1,110670670201
23.81408094694218,1,110670670202
21.04382049357093,1,110670670203
31.348183582314586,0,110670710201
27.994141634513074,1,110670740201
19.99130845221975,0,110670740202
22.059284856228004,0,110670810101
47.120082020570116,1,110680010201
50.19872862645987,1,110680010202
32.55157855188142,1,110680030201
24.650185947472885,0,110680040201
34.52182433076446,1,110680050201
48.97785676290131,1,110680070201
23.0953700763145,0,110680090201
34.114739847370245,0,110680090202
16.075411638373964,0,110680100301
12.04922880475328,0,110680130201
26.197807232813105,1,110680130202
22.531720128006558,1,110680130203
16.5008115768112,1,110680130204
41.84727384860905,1,110680140201
28.240899051147004,0,110680140202
35.56116657605824,1,110680160101
22.087517320073335,0,110680160102
26.308199518004482,1,110680160103
33.84384848533088,0,110680170201
51.827535665884994,1,110680200201
17.881041125895308,0,110680210201
25.43346644301216,0,110680210202
26.562513974117863,0,110680230201
38.10590675312881,1,110690030101
27.89718318229852,0,110690030102
30.36673174203757,0,110690070201
22.23775232781063,0,110690160201
34.42281228249335,1,110690160202
30.347477477357536,1,110690530201
25.50566929901985,1,110690530202
19.180473831380517,0,110690530203
34.16088718937746,0,110690940201
45.60331058030926,1,110690940202
27.748988256475084,1,110690980201
32.08976252067139,1,110700010201
16.089257250971567,0,110700010202
45.545861317391825,0,110700090201
17.734873135428117,1,110700110101
10.367381392276108,0,110700110102
35.13713951283878,0,110700160201
32.02386134463924,1,110700160202
35.36195850763349,1,110700160203
30.26194759440669,0,110700190201
24.33284999919028,0,110700210201
40.813543259059735,1,110700230201
34.696351409323555,0,110700230202
34.26451007546839,0,110700240201
42.89076594286993,0,110700240202
31.396104016420455,1,110700310201
12.913092245263424,1,110700320201
31.901627864204166,0,110700340201
27.797483755272832,0,110700340202
8.688855022712591,0,110700360201
45.887416997365634,1,110710120201
47.7829082956856,1,110710120202
30.53113871939777,0,110710120203
44.60523427167594,0,110710150201
29.80331581037545,1,110710180202
30.668132064149432,0,110710210201
35.92957048767581,1,110710210203
19.30668727947133,0,110710240201
26.332481706330487,1,110710240202
22.208725549145342,0,110710360201
24.516210751205392,0,110710360202
42.56816637470913,1,110710390201
40.546084505968594,1,110710390202
18.473933633752225,0,110710420201
32.21401397787902,1,110710420202
18.82239423865152,1,110710450201
20.741680202844265,1,110710450202
35.87106349889757,0,110710570201
53.114048998643185,0,110710600201
63.60257502063478,1,110710600202
27.386959657490568,0,110720090201
26.842816981073188,0,110720090202
43.90954938641975,1,110720110101
41.95837191808247,0,110720110102
40.7352608474654,0,110720120101
46.51665921640786,0,110720120102
42.16518933698584,1,110720140201
31.877314152512433,0,110720140202
43.38520073283265,0,110720150101
35.00311933910721,0,110720150102
42.360463224738325,0,110720150103
48.492860273115305,1,110720180101
49.60846145107739,1,110720210101
47.114770336401705,1,110720210102
20.15545921155071,0,110730030201
20.278656277660055,0,110730030202
13.177870053304037,1,110730150201
9.898973299452305,0,110730150202
36.09982148305134,1,110730280201
34.95050396649881,1,110730280202
33.160943415821755,0,110730310201
27.904535903704392,1,110730310202
27.15070727958829,1,110730340201
19.125026677483703,0,110730370201
31.535353087280562,0,110730420201
26.708682613903147,0,110730420202
13.443299416650014,0,110730550201
22.786579883496692,1,110740050201
7.428482026216343,0,110740500201
16.792211739103024,0,110740700201
31.891707783266895,1,110740780201
36.222072505581465,1,110740780202
16.544481683269932,0,110740830101
30.312960244994137,1,110740910201
15.014993094782396,0,110740910202
20.203220018135873,1,110740940201
27.261003939071088,1,110741050101
19.30839460454378,0,110750300201
12.496237617051712,1,110750330201
7.062676555817784,0,110750380201
19.621459854846144,1,110750530201
31.41585491590502,1,110760050201
32.694024156391485,1,110760070701
20.771883451868945,0,110760070702
34.79069427432271,1,110760070703
26.095281894954603,0,110760110201
31.048055893505907,0,110760110202
29.13160637135535,0,110760110203
20.769012122276017,0,110760140201
51.48257696398631,1,110760170101
40.533242877455535,1,110760190101
34.424092603666985,1,110760230201
26.322529997478746,1,110760230202
26.05982484161996,0,110760250101
40.21875397931943,1,110760250102
48.0257882673544,0,110760290201
35.961037570742434,1,110760320201
40.60725697484916,0,110760320202
23.788454038413377,0,110760340101
47.42808877014653,1,110760380201
26.648883429470164,1,110760430201
27.780029749946642,1,110760430202
37.61565754174073,1,110760450201
16.478431775562004,1,110760490201
37.136559582053984,1,110760550201
12.393905128401503,0,110760570201
24.670538759529215,1,110770070101
20.504240322782593,1,110770210101
15.929573801498636,0,110770210102
27.17833664119717,0,110770260201
26.407070476234892,0,110770260202
13.377059088290686,1,110770370201
12.868333130369482,0,110770520201
23.41134661884532,0,110770560101
20.071216951904013,1,110770560102
19.205323723898417,0,110770610201
22.003745556606724,0,110770770101
18.05962236784414,0,110770770102
20.379139119924666,0,110770770103
30.98978006123326,0,110770810201
14.916808544618792,0,110770960202
14.226175361905929,1,110771130201
26.888985996445882,0,110771280101
15.598394495507987,0,110780060101
38.56937876985239,1,110780090201
34.30017686661713,1,110780120201
27.620174613768516,0,110780120202
22.98685263837894,0,110780150601
51.270664478671584,1,110780220201
49.40055507133926,1,110780220202
29.92287766934462,1,110780240201
35.055241806635735,1,110780240202
40.92424401544596,1,110780270201
31.103836897253252,1,110780270202
23.347194154262173,1,110780360201
19.56696593515816,0,110780360202
46.301477002273245,1,110780430201
24.443368757894152,0,110780460101
47.73238550249466,1,110780530201
20.316647178248402,1,110780560201
17.230755856676858,0,110780560202
60.84229986681246,1,110780590202
31.37291985941105,1,110780690202
31.21166388420666,0,110790130101
10.833543802433628,0,110790180101
16.5279658526786,0,110790400101
9.451729616672312,0,110790400102
16.873674972481613,0,110790450101
28.152014578528327,1,110790500101
28.957356632762487,1,110790500102
36.71976824868524,0,110790570201
15.91119078723688,0,110790710201
18.894937665533824,1,110790850201
13.705899660248882,0,110791040101
20.165537486000066,0,110800040201
32.03810272341565,1,110800130201
32.31686237396832,1,110800130202
29.035125349346607,1,110800130203
49.16421370230804,0,110800180201
49.18922681543758,0,110800180202
35.62363401934317,1,110800270201
37.851318463365736,0,110800270202
62.15707787317761,1,110800410201
27.368279828149937,0,110800460201
32.70495424545952,0,110800550201
34.052942168932205,1,110800590201
38.479764973882084,1,110800640201
29.79848791240292,0,110800690201
26.075472562362194,0,110800780201
31.650726206304576,0,110800870201
27.611562138381966,0,110800920101
25.713336748163847,0,110800920102
22.998772085131147,0,110801050201
56.1924000290307,1,110810020101
45.20246499005195,0,110810020102
58.68063889251257,1,110810020103
33.26461238023363,0,110810030201
31.689327127691435,0,110810030202
26.093268503694222,1,110810080101
45.14230951162121,0,110810100201
38.262563069395206,1,110810130101
37.6641194118942,0,110810140101
38.68070632621409,1,110810160201
25.755369521806003,0,110810160202
23.717216612378742,0,110810180101
29.160681443836722,0,110810270101
39.88267650613514,1,110810270102
22.926392630750122,0,110810290201
24.176594837710415,0,110810290202
38.62965217005903,1,110810290203
54.499453738867984,1,110810350201
54.750462457502515,1,110810350202
46.512948978179736,1,110810370101
35.815925753063695,0,110810370102
60.8094286910907,1,110810390201
48.791701514436426,0,110810390202
30.450519106542558,0,110810520101
47.8993624661525,0,110810530101
28.02704811360438,0,110820050201
31.500090536646464,1,110820050202
28.460230764812618,1,110820100101
24.648387801515067,0,110820100102
34.90525652397366,0,110820160101
35.55318816810256,0,110820180201
24.91521762040462,0,110820180202
38.38925970959545,1,110820210201
31.074859790497435,0,110820210202
40.398776036729274,1,110820210203
37.68220669113512,1,110820360201
28.33140378767423,0,110820360202
52.47181690750669,1,110820390201
26.54313053331332,1,110820420101
28.3850048547689,0,110820420102
35.09314658857293,1,110820440201
40.21910401027001,0,110820530101
53.978748706826515,1,110820530102
47.209127328911684,1,110820530103
36.6469964938311,1,110820630201
30.44545893844327,1,110820630202
34.50706026842479,0,110820650201
32.63520454782654,0,110820650202
31.490198519401034,0,110820650203
26.959000281832093,0,110830020101
26.44722378249565,0,110830040301
30.615682691965564,1,110830050101
28.535437643933648,1,110830130201
23.09766858935352,0,110830130202
21.07131683486305,0,110830140201
32.82094717826823,0,110830140202
35.02237615570469,1,110830160101
38.7183485179883,0,110830240101
41.34848969878232,0,110830270101
38.81482548008295,1,110830290101
60.60944421069997,1,110830320201
34.248240313134474,0,110830350101
32.91957575672852,1,110830350102
43.135017856454475,0,110830360201
52.701062244692594,1,110830360202
22.404932021841656,0,110830380101
39.00112217628815,0,110830420201
25.805946177935358,1,110830420401
40.114016163494206,1,110840040101
18.28876939426779,0,110840070201
28.923032528826344,0,110840100201
31.07499140970471,0,110840100202
33.42098709411207,1,110840120101
39.00901132958744,1,110840120102
34.36728014951933,1,110840230201
24.936458126788825,0,110840230202
52.374864781475836,1,110840280201
34.310615563160624,1,110840330101
31.26629487343441,1,110840400201
27.045744190773885,0,110840400202
34.016778821188915,1,110840450201
29.714785875054186,0,110840460201
32.88830066005729,1,110840460202
30.376887803356325,0,110840490101
36.638683831132816,1,110840490102
32.054889457486794,0,110840680101
26.81161521915225,0,110840680102
18.98305877994278,0,110850030201
31.421768875013786,0,110850090101
31.95264260301575,1,110850140201
26.502027263467145,0,110850210101
30.476748215081198,1,110850230101
50.0971446081365,1,110850250201
40.018011578366256,0,110850300201
52.08673541677597,1,110850320201
36.43200863277083,1,110850340202
29.6179447913993,0,110850370201
36.205356305991316,1,110850370202
22.164885917271278,0,110850450101
37.87575477889861,1,110850450102
42.171821508964925,1,110850480101
34.377244057492014,1,110850480102
22.7911619864862,1,110850600201
42.74574758723968,1,110860060201
33.909574603626986,0,110860090201
38.83580147462865,1,110860090202
40.34189020029022,1,110860090203
46.216710968981594,1,110860150101
33.244987435727616,1,110860150102
31.49254037355211,0,110860180201
39.5230227479275,0,110860180202
21.050281066831136,0,110860210101
33.32357979351735,1,110860210102
44.45559043955593,0,110860410101
41.324438664019965,1,110860470101
31.66295973140286,0,110860470102
25.99604309836513,1,110860500201
35.89595617994553,1,110860500202
28.033718754113444,0,110860500203
34.428633569328696,1,110860530101
18.000872067534555,0,110860550201
33.158258616883145,1,110860550202
53.147735100119874,1,110860580101
32.63889113975427,1,110860650201
43.60734187598719,1,110860710201
42.133304747973725,1,110860710202
42.67605349836126,1,110860760201
36.21914115267782,1,110870120101
26.87401851254058,0,110870120102
19.801292781700994,0,110870170102
25.993299917081107,1,110870240101
28.474700557282006,1,110870290101
21.11842761358283,0,110870490101
23.636577715184792,1,110870570101
25.504207117677897,0,110870700201
30.175677449182324,1,110870700202
48.81644175633604,1,110870740101
41.64946371034246,0,110870740102
33.58062604288626,1,110870780101
25.922440632950313,1,110870850201
22.49287556057617,0,110870850202
45.02798507677102,1,110871000201
48.09983384685164,1,110871000202
39.39463157671504,1,110871040301
30.3941862432128,1,110871040302
25.94427014884705,1,110880010201
20.613776613792815,0,110880010202
29.826521822853316,0,110880050201
52.5218708163158,1,110880050202
29.25789471129197,1,110880200201
27.108887422342725,0,110880200202
18.444861816727702,0,110880220201
20.2897632843898,0,110880220202
33.76277841482862,1,110880280201
22.48467066787643,0,110880280202
29.608182007293497,1,110880340101
22.637149228852373,0,110880340102
21.51884379350646,1,110880590201
16.138485425716517,1,110890340101
38.17573760472888,0,110890380201
24.385874401430492,0,110890500101
15.92141873351961,1,110890720101
28.82040802872372,1,110890760101
27.379806708281635,1,110890760102
16.313060466610906,1,110890830101
18.983558936850443,1,110890930301
16.76217655726375,1,110890980201
43.63944341682529,0,110900070101
12.186738670892069,0,110900140101
34.37434030071563,1,110900160201
35.245438604320725,1,110900160202
36.880953803995276,0,110900260101
25.1041897712419,1,110900260201
30.034796356923763,1,110900280101
62.421100600254846,1,110900460201
28.80493153994095,1,110900510201
45.16012137187881,1,110900540201
22.3293997653068,0,110900580201
15.837098088352134,0,110900580202
30.955509344777397,0,110900580203
20.98824296907807,0,110900630201
24.90930310822279,1,110900630202
15.26452636817666,0,110900630203
28.632537396874078,0,110900670101
32.8341803403614,1,110900670102
41.547708482690425,0,110910080101
32.71602640170889,1,110910100201
41.930383320814336,1,110910120101
40.14575872894133,1,110910120102
20.996440551949142,0,110910190201
29.113770067045085,0,110910190202
26.88697060633458,0,110910230201
39.096207165268765,1,110910260101
35.71579320906657,1,110910320201
41.25228867625243,1,110910320202
29.232929047036237,0,110910400101
23.583082397704224,0,110910440201
45.82321468534255,1,110910460201
20.34550145892402,0,110920040101
29.346731934663655,0,110920110101
23.758415806836165,0,110920170201
32.92606823613731,0,110920200201
18.318597878199594,0,110920230201
26.51583762118137,0,110920390101
21.996553810712232,1,110920390102
26.770538736689446,0,110920450201
24.73992250953976,0,110920480101
38.027169372807975,0,110920530101
43.46333526213583,1,110920560101
45.69837762499129,1,110920670101
33.53473235297658,0,110920670102
39.32498841824657,0,110920720101
31.770533708329094,0,110930020201
39.740892016856215,1,110930020202
37.33159736955186,1,110930070101
21.818600384465533,0,110930090101
39.637050983774444,1,110930180101
35.64076658956762,1,110930180102
30.27777034156473,0,110930180103
37.29517930178413,1,110930220101
29.425644170508367,1,110930240201
32.02091851179627,1,110930270101
44.727625604964736,1,110930310101
28.91616054915559,0,110930310102
41.77730561848746,1,110930330101
34.98167884995095,1,110930330102
26.661241627806167,0,110930360101
29.340204275230565,0,110930360102
26.742199516404813,0,110930420101
35.08261935742198,0,110930430201
42.20694070847802,1,110930430202
25.032534676919724,0,110930450101
22.193020170443173,0,110930450102
17.211944357863914,0,110940040101
18.718326743548516,0,110940040102
26.035737495401506,0,110940120201
30.999260143382283,1,110940120202
27.19891234503141,0,110940150201
25.55430406438683,0,110940150202
34.65408471764059,0,110940170201
33.76027466937002,0,110940210201
38.30711106079006,0,110940260201
46.03132257580113,1,110940260202
27.162848192423766,0,110940360201
31.889757430813926,1,110940360202
36.63085357635884,1,110940370201
24.122158096557197,1,110940400201
14.925016684912334,0,110950060101
33.35332417075005,1,110950060102
37.66942300485978,1,110950080101
29.7139310367788,1,110950120101
30.062516681559078,1,110950120102
32.867774205936044,0,110950130201
32.547535052351726,1,110950130202
34.04885563616205,1,110950150201
35.28173292785276,1,110950170101
36.180221518205684,1,110950190101
33.28726095888295,1,110950210101
32.10618897553792,1,110950210102
24.27708306323209,0,110950210103
39.6272050062309,1,110950220101
27.684314781735488,0,110950250201
40.94734785248448,1,110950250202
27.52840771778884,0,110950260101
22.617736396512623,0,110950260102
22.36812746432226,0,110960050101
20.760637567929546,0,110960050102
16.314227503732674,1,110960200101
15.85542915635641,1,110960290201
14.620775933180647,0,110960290202
14.39076474210122,0,110960540101
18.98620298924045,1,110960540201
12.769825263105313,1,110960790201
12.259111218658244,1,110960790202
22.46761636724876,1,110960830201
44.1916730154229,1,110970050201
33.9040492117823,0,110970050202
30.23760379679067,1,110970080101
17.97870069043141,0,110970080102
35.8691233863509,1,110970130201
44.1563598872051,0,110970150101
44.72325226113874,1,110970220201
34.51211077372935,0,110970230101
43.37173950143162,0,110970260101
49.06055621617093,1,110970270201
28.075623048656144,1,110970310201
28.57848351828909,1,110970310202
37.37066231798598,1,110970320201
55.70085082429369,1,110970470101
54.47980816431809,1,110970600101
19.173457497056965,1,110970680201
28.70491206851658,1,110970680202
39.90323411615997,0,110970760101
39.78355558753804,1,110970790201
17.546400626745715,1,110980010201
18.453600174542714,1,110980100101
41.52354508882226,1,110990070101
27.552767450550725,0,110990140101
41.81817569069699,1,110990140102
40.877522857762706,1,110990190101
44.93574674372197,1,110990220101
37.33943772309137,0,110990220102
27.888304392889392,0,110990300201
36.04500886608312,0,110990370101
47.67984277995341,0,110990410201
33.16471906220771,1,110990440202
57.25676806988247,1,110990510101
26.542633003514513,0,110990620201
27.623857849165503,0,110990620202
36.15979202710444,1,110990650201
39.74842552165124,1,110990650202
47.36129010033948,1,110990690201
43.90079085777854,1,110990760201
35.78659035870257,0,110990760202
7.422871682699414,0,110990900201
31.451852684915025,1,110990930101
48.304765756604766,1,111000090101
30.189795550329848,0,111000250101
28.295337348065278,0,111000300201
35.86573818832415,0,111000300202
50.44264779882864,0,111000330101
36.53126778264338,1,111000450201
39.17089163128645,1,111000450202
12.011968522192316,1,111000470501
17.560478562123176,1,111000520701
29.846464593486076,0,111000550101
24.09474260790209,0,111000600201
25.208345728151706,1,111000620101
20.0830248356748,0,111000620102
52.16724914619979,1,111010110201
35.82329803895398,1,111010150101
25.715246132224582,0,111010150102
31.429497189075306,0,111010340201
21.68378387069645,1,111010380201
42.96804044668973,1,111010500201
40.03502044109436,1,111010500202
43.84075317853165,1,111010540201
39.90509905813777,0,111010570201
47.99736982799922,1,111010600101
46.93573578449751,1,111010640201
45.22529296478698,0,111010810101
24.632262137977506,1,111010870201
37.19887080668114,0,111030050101
27.69765337604434,1,111030080201
27.526160419880146,0,111030120201
35.70800482424339,0,111030120202
24.680962484492643,0,111030240201
22.49640235627638,0,111030340101
49.38378868208014,1,111030490201
39.957040197252006,0,111030490202
51.84153675333954,1,111030510201
38.15507064258834,0,111030510202
48.54173024490606,1,111030510203
29.58233498525296,0,111030540201
30.663095964160824,0,111030540202
45.1127185107321,1,111030540203
27.474168331477873,1,111030610201
32.10665557921867,1,111030610202
38.024952382370984,0,111030660101
31.16611016066412,1,111030730201
29.09196993732124,1,111030730202
46.626899219331676,1,111030790101
44.02609189878898,1,111030790102
43.54805977736919,1,111030790103
37.91120611171701,1,111030820101
30.967570870173464,0,111030820102
31.071914016101026,0,111030890202
31.3597166010599,0,111030890203
33.404116702790766,1,111030920101
36.860619219130704,1,111040010201
21.983792286660044,1,111040040201
30.03884511566843,1,111040040202
55.341682253582526,1,111040130201
19.71325751588046,0,111040200102
33.167909024149395,1,111040350201
38.70828764411357,1,111040350202
21.495612489131176,0,111040660201
33.436430432716044,1,111040660202
53.1048757366391,0,111040710201
50.32339299030877,0,111040850101
10.775481290658757,1,111040890201
34.63153643346862,1,111050030101
28.52145831536786,1,111050450101
12.027522644505531,0,111050510201
31.220121835596515,1,111050570201
18.06675123642584,0,111050670201
14.752407508510265,0,111050740201
31.67937686171303,0,111050870201
35.24478014636561,0,111050870202
37.254194932631904,1,111060060101
32.626283331067796,0,111060080201
21.613261707509142,1,111060110201
18.820405951172962,0,111060110202
29.495906585392007,0,111060250101
29.291337599944985,0,111060280201
22.961839307736724,1,111060390201
17.761596553468166,0,111060390202
31.102635535687718,1,111060440201
25.678227322955994,0,111060440202
19.795565438845,1,111060470501
35.18434428315124,0,111060630101
28.141912362262723,0,111060660201
29.594442649292603,0,111060660202
33.00377390076963,0,111060740201
16.849584294556447,1,111070160201
20.796694297535183,0,111070190101
36.699925460566774,1,111070190102
13.086802714496264,1,111070310301
6.478942961260858,0,111070350101
18.9166692620122,1,111070500201
14.513037758680431,1,111070500202
8.84889125240299,1,111070620201
16.59100272458321,0,111070660101
29.41414391797305,1,111070730201
29.77620764411933,1,111070730202
24.93681520007253,0,111070730203
34.19901411200867,1,111070730204
18.624375342114373,0,111070770201
21.61265950265945,1,111070980201
24.765182913571444,1,111080070101
24.297299993611176,0,111080070102
30.324648058652514,1,111080240201
21.381689706551896,0,111080350201
15.5808147701672,0,111080610201
22.636711955295546,0,111081100201
29.317322655524315,0,111081290201
21.41040096591393,0,111081340201
25.272743890896997,1,111081340202
34.551641733212925,0,111081400201
20.017143274106463,1,111081560101
22.966845225184525,0,111081560102
18.735074402912748,1,111090150201
18.435381973235245,1,111090300201
19.924635733501518,1,111090300202
25.427166241337495,1,111090660201
24.308659270996692,1,111090790201
17.80529333904099,0,111090790202
15.270778043280504,1,111090850401
6.053888538961843,0,111091050301
9.065400976066261,0,111091050302
36.465883829210384,0,111091090201
27.24269235279018,0,111091090202
26.605238667782675,0,111091110201
15.233316430743784,0,111091110202
18.78063869800052,1,111100050201
24.606026825164335,0,111100140201
14.999941297473928,0,111100140202
41.06100685540105,0,111100170101
39.374716942535954,0,111100170102
29.991030431046024,1,111100210201
33.148605003068326,1,111100280201
5.017725909282489,0,111100520201
9.925059396194744,0,111100520202
6.706297795492754,0,111110150101
23.14668442905982,1,111110470101
17.74115297448981,0,111110550401
21.195662413224994,0,111110590101
19.195995588030705,1,111111000101
17.17918346642836,1,111111030201
32.57852449280928,0,111120660201
12.658798766013703,0,111120750201
14.114762333737847,0,111120950101
36.82566327477102,0,111120970201
23.277022406609742,0,111130130201
9.340710495990212,0,111130610201
24.476914270757085,1,111130740201
19.90851636612284,1,111140490201
20.05797498543404,1,111140560201
27.105194788374337,1,111140720201
20.69949564048079,0,111140790301
23.471456361811736,1,111140870201
30.75679929073486,1,111140870202
19.09943541679233,0,111140870203
25.93634021400389,0,111150340201
21.88919995031049,0,111150390201
19.41218338376061,0,111150500201
15.693753059974533,0,111150560301
9.989934313002825,0,111151010201
24.65796899433709,1,111151220201
37.873836991768385,1,111160040201
16.925400816463938,0,111160110301
42.11959067954759,1,111160320101
24.49629742978215,0,111160710201
14.477355961606811,0,111160830201
21.232621712655067,1,111170050201
23.725852599905046,0,111170070201
18.02961482567919,0,111170070202
26.771089352304955,1,111170070203
23.21676671111595,0,111170320201
26.48264781472833,0,111170320202
26.21376248960076,0,111170510201
14.27382353509313,0,111170600201
31.983133765732045,1,111170630201
40.037323960378465,1,111170740101
22.64378819095886,0,111180060201
18.23809526558246,0,111180060202
22.89509368497187,1,111180170201
19.33431080029346,1,111180170202
22.205162242898858,0,111180210901
27.584136120528445,1,111180240201
22.86863704595392,1,111180240202
28.83297638124159,1,111180310201
23.57761778473468,0,111180310202
23.424717468676334,1,111180350701
23.71719865878685,0,111180350702
24.564229518826178,0,111180490401
25.447142430455767,0,111180580101
29.499587882652683,0,111180580102
23.051849625156205,0,111180690201
22.16104398500226,0,111180720201
20.262591535212863,0,111180800201
14.322499729802287,0,111180880201
25.510266764159688,1,111180930201
23.75751372266258,0,111190410201
27.112372850141362,0,111190410202
41.094941740174065,1,111190540201
30.65851754670612,0,111190540202
19.735763880221402,1,111190580201
44.5464601373854,0,111190850101
26.006563085660407,1,111190930201
28.254562300895838,0,111191020201
22.93627373199899,1,111200070201
29.771844551900983,0,111200100201
30.836309014845888,0,111200100202
21.32813034038556,0,111200320201
26.22832453539083,1,111200320202
39.9519747663055,1,111200410201
39.181167206895985,1,111200410202
15.01869024955629,0,111200530201
31.770410543382877,1,111200570201
23.253174154923293,0,111200920201
16.300932415597263,0,111200960101
31.016911286451993,1,111210170101
29.08610316906114,0,111210270101
4.399581663588836,0,111210550201
33.13393440744652,1,111210650101
39.22946281882167,1,111210790201
33.36269209982837,1,111211080201
31.06234560759758,1,111211130202
30.533849316505016,1,111211180301
31.257451757950662,1,111220040201
33.52149521855217,1,111220040202
25.58191179952547,0,111220210301
18.290677791685905,0,111220210401
25.678482030141733,1,111220210402
8.746604209790021,0,111220290201
23.119102264309625,1,111220550201
27.380240858151883,1,111220590201
19.17992422347822,0,111220650101
20.985224488002192,0,111220700201
23.901974250946196,1,111220700202
41.01939381211414,1,111220780101
19.817170162331575,1,111220960201
28.74249669871197,1,111220960202
37.55208800510351,1,111221140101
29.195791182213714,1,111230050201
29.318037133760924,1,111230220201
19.666905018653,0,111230220202
12.95738724610022,0,111230410401
23.734372463478007,0,111230490201
45.32708547726801,1,111230580201
48.560509127380534,1,111230580203
15.597482709592267,0,111230920201
26.756167455411912,0,111230920202
31.163095956453567,0,111231030201
28.57633849812987,0,111231030202
36.81113820954858,0,111231180101
35.954982784946324,0,111231180102
24.388535036824557,1,111240040201
36.98584531333124,0,111240040202
37.42990406979473,1,111240040203
21.558618792181157,0,111240070201
25.045433039872137,0,111240090201
24.145699708311906,0,111240180201
16.46261208299003,1,111240210201
24.389005269776323,1,111240310201
30.580177790573387,0,111240310202
24.335021042707332,1,111240500201
13.987025531306731,1,111240500202
6.044158115456832,1,111240650201
15.91292351429312,0,111250200101
34.93482541147089,0,111250230201
15.695799871178917,0,111250400201
33.01042112190112,1,111250440101
26.716055437266753,0,111250630201
22.12004874310154,0,111250630202
14.608805679902503,1,111250700201
35.63975038752386,1,111250870101
14.242133756148496,0,111250910201
28.235060637728694,1,111250940101
35.144284895848976,0,111250970101
33.45548231487169,1,111260080201
25.443109170645677,1,111260080202
33.128231746953524,0,111260120101
29.17838980812825,1,111260210101
28.169013321506647,1,111260210102
31.207009893398716,1,111260370201
30.783587252729983,0,111260370202
17.359704966279555,1,111260390201
23.74403784714424,0,111260440201
17.29231706627554,1,111260460201
27.66159059176365,0,111260560101
36.94055475795359,1,111260560102
9.669072755750877,1,111260650201
19.627173850953703,1,111260660101
16.96891869750909,0,111270140201
18.284568360575143,0,111270490201
34.19314021720115,0,111270580201
32.42947460475036,1,111270580202
32.095576263759575,0,111270630201
42.32248728959865,1,111270630202
43.482781714043796,1,111270760201
29.35509089432106,0,111270800201
29.049376525456783,0,111270800202
35.95115141990806,0,111270850201
15.44874418608146,1,111270850301
27.6721737545255,1,111270940201
16.560375196922358,0,111270980201
46.4107331410497,1,111271070201
24.744507612998284,0,111280010201
25.774476568166023,1,111280380201
43.09480352859008,1,111280430201
35.046733473776015,1,111280460101
11.740636515077647,0,111280520101
32.37683406188753,0,111280640201
20.024082051544994,0,111280690101
11.606738416341514,1,111280740501
43.217454558329585,1,111280800201
41.8710200668757,1,111280800202
35.092800510424574,1,111280800203
28.696070329616987,0,111280850101
36.15728655742373,1,111281130201
22.0735473360634,1,111281310101
24.4311335416665,0,111290030201
16.498156436230342,1,111290290301
25.31737023302288,1,111290350201
14.406979673627479,0,111290410301
11.96423585295138,1,111290410302
25.91998161675829,1,111290510201
19.341514640161332,1,111290510202
34.39521782242485,0,111290670201
50.60614410020793,1,111290670202
16.488930483682317,0,111291030401
42.160722319343556,0,111291160201
13.856061174360395,1,111291340201
14.666982671366291,0,111291340202
19.201620158992135,1,111291410201
13.114260650950543,0,111300120201
21.082985604184806,1,111300180201
22.178221585097845,0,111300180202
40.45611687582784,0,111300340201
12.64616002428498,0,111300340401
48.326311659273,1,111300370101
35.06264469255801,0,111300500101
17.51335870139792,0,111300500201
30.333087401279375,1,111300670201
23.24030464647429,0,111310050202
36.41513644687096,1,111310170101
21.378716703236133,1,111310220101
23.680439155821915,1,111310220102
20.20795932080463,1,111310510201
22.895792614663755,0,111310510202
30.282893527053805,1,111310560201
23.811560811178964,1,111310560202
51.600594977872966,1,111310620201
42.86010864797089,1,111310790201
35.514284022934504,1,111311240201
44.7910617934283,1,111311240203
22.94655232573176,0,111311300201
26.32338097169047,1,111320100201
13.107032364053797,0,111320100202
22.682274783157574,0,111320140201
26.751213174654687,0,111320140202
27.45197713101813,0,111320230201
34.65905186312235,1,111320230202
33.944712630809526,0,111320340201
41.83307025192619,1,111320380201
42.82423945459325,1,111320380202
42.200014831153325,0,111320470201
16.824912915665024,0,111320520201
26.70080576772009,0,111320520202
31.20534567484145,1,111320710201
33.85811063739385,0,111320750101
39.908749329885495,0,111320750102
22.697308182044342,1,111320750201
15.609195048399055,1,111320800701
35.99205007976609,0,111320850101
35.02343455776738,0,111320850102
47.083527801797814,1,111320850103
33.23731029263065,1,111320900201
20.590420238044107,0,111321070301
18.009988908804363,0,111330010901
40.54987775365717,1,111330090201
19.972832905124925,1,111330210301
38.35704129562794,1,111330260201
13.01174832121192,0,111330430201
40.814428138871975,1,111330510201
36.45614941285446,1,111330510202
32.72422470768801,0,111330510203
42.58474769736584,1,111330550201
27.270172028066334,1,111330590201
22.495882099184357,0,111330590202
27.981747174188065,1,111330590203
17.463632488449477,1,111330720201
35.59932599858202,0,111330830201
28.06339271362019,0,111330830202
41.366208340670234,1,111330830203
37.61467166600522,0,111330910101
16.33519874623473,0,111340040201
29.614393664061698,1,111340040202
32.10826156274035,0,111340160201
36.609604168845394,0,111340160202
41.771091430032754,1,111340160203
58.02616451219557,1,111340810201
47.08874889234512,1,111340810202
12.367421927966507,0,111340870301
6.695987080146148,0,111340940401
28.017016519485015,1,111341150201
25.242123190443944,1,111341370101
28.30499529384653,1,111341370102
14.258114219275363,0,111341400201
18.30654603454897,1,111341410201
16.523663646677306,1,111341480201
19.207737217075564,1,111341520101
19.632140337536132,0,111341520102
19.10163908707546,0,111350050201
16.592854770047552,0,111350050202
27.81299562457739,1,111350100201
26.64539424643735,1,111350190201
25.575001011718644,0,111350240801
15.079565442403798,0,111350370201
26.62037580929372,1,111350420201
22.47707656012948,1,111350740201
18.989450888012907,0,111350780201
18.86062655903137,0,111350830201
16.260501545907005,0,111351010201
21.527878159223025,1,111351060201
21.833052082730017,1,111351060202
13.83127187382136,0,111360270201
34.36397296139178,1,111360360201
18.869808800121184,1,111360410101
26.055779904697015,1,111360410102
25.894119223599233,1,111360410103
26.681196227823918,0,111360460201
30.55300501350863,0,111360500201
15.340520328496911,1,111360700301
27.44813578506216,1,111360781101
22.358690287002744,1,111360781102
17.895596031449664,1,111360820301
47.57557630471686,1,111360920101
30.927648482316922,0,111370170101
62.186772629026976,1,111370220201
19.21923306901943,0,111370330401
8.583059588345998,1,111370331301
17.96964836821083,0,111370450201
16.454433191429636,0,111370450202
26.299084820022053,1,111370500201
13.66083236024198,0,111370500202
40.173603403485394,0,111370550201
18.033530381933506,0,111370600201
20.76546393325281,0,111370710201
26.196302080747667,1,111370710202
17.82380243518163,0,111370770201
9.780057000173677,0,111370770301
17.813553299887328,0,111370770302
33.35936487228396,1,111370820201
33.303375959396206,1,111370820202
33.95966495267342,0,111370930101
29.31298718462483,0,111371100201
26.475423876549435,0,111371100202
30.30265430762548,0,111371300101
42.31736673687246,1,111371300102
23.42366307104661,0,111380100201
31.285584138778372,0,111380220201
31.18621757565348,1,111380220202
30.010900425086273,0,111380260201
40.698822981731155,1,111380350201
18.82038478565853,0,111380430201
16.53218003994731,0,111380500201
20.110818295159472,0,111380500202
23.796536160226943,0,111380560101
31.67504538002531,0,111380820101
45.18291581353026,1,111380910201
31.211140127618744,0,111380910202
31.211992492889582,0,111380980201
22.764371247001236,1,111381020202
26.747814780204184,1,111390090201
19.788823208860595,0,111390140201
20.177623780487014,0,111390140202
20.335498529860978,0,111390140203
16.976864611021476,0,111390180301
42.97601978437073,1,111390230201
42.13145631208428,0,111390230202
27.297225942022873,0,111390420201
13.451867576478218,0,111390420202
29.854208057970645,0,111390440201
31.572923616547186,1,111390440202
9.794233357836656,0,111390520201
16.89913810379811,1,111390550101
37.92567377488018,1,111400030201
10.024346199805354,0,111400120201
6.6022886356712185,1,111400120202
30.62233382496087,1,111410010201
20.225505607312773,0,111410140201
26.903687184610877,0,111410140202
36.993638176526986,1,111410190201
34.44321071213666,1,111410190202
35.12848881312584,1,111410300201
22.030236579961112,0,111410300202
14.536588100691112,0,111410360201
19.589647660514743,0,111410360202
31.12521107891031,1,111410410201
25.162270512092736,1,111410410202
30.403715190644665,1,111410460201
28.77597978427569,1,111420010201
18.741945100966767,1,111420040201
16.4755681307626,1,111420100101
32.023573879666145,1,111420120101
25.500758283991477,1,111420150101
15.233222038940285,0,111420150102
26.25371604635644,0,111420150103
19.030444234632004,0,111420220101
20.092421875729276,1,111420270101
23.440694402562194,0,111420270201
25.369745630875077,0,111420310201
18.08328784831972,1,111420340201
9.109467294552442,0,111420370201
22.406154468681674,0,111420370202
17.039119258561723,0,111420430101
27.39384785776714,1,111420540201
13.377962487799879,1,111420540202
20.99454417819188,1,111420560201
20.457646745387844,1,111420560202
10.98384518960886,0,111430170201
17.864737021547825,1,111430260201
21.0716718874217,1,111430260202
18.57745063364517,1,111430320201
21.265003314239316,0,111430690201
17.893829131530353,0,111431060201
21.88907163827679,0,111431090101
8.842345129468535,0,111431090501
32.49435194711844,1,111440020201
18.54456485710505,0,111440060201
41.02357687967216,1,111440110101
36.97146918415665,1,111440110102
24.34391599661079,1,111440150201
16.515927023980847,0,111440150202
20.005231528548904,1,111440450201
23.13336563737535,1,111440450202
18.984378154640865,0,111440560202
15.90330558027624,1,111440690101
19.356915097992413,1,111440690102
16.422931218463436,0,111440880101
19.116115870756367,1,111440990201
7.748415509330114,0,111441150101
39.12951639925949,1,111450450101
27.811087410833586,0,111450690201
39.728548232109134,1,111450690202
38.16780492649568,1,111450790201
36.16898195310217,1,111460130201
22.04846639406398,0,111460130202
26.325874331600772,1,111460150201
24.073749769152403,0,111460200201
32.41796282229781,1,111460210201
45.40709564337102,1,111460230201
34.105903773907215,1,111460230202
20.18932155609822,0,111460250201
26.637889806108806,1,111460330201
9.921857033346804,0,111460330202
20.658484681375555,0,111460330203
37.499467285458316,0,111460350101
26.69627741316097,1,111460360201
33.31725587948698,0,111460360202
41.16201468343642,1,111460360203
28.359159433289275,0,111460410201
20.109767416091355,1,111470040201
27.0266017040676,1,111470240301
13.497224570129067,0,111470280301
16.540186304958358,1,111470310201
12.736669219536669,0,111470310202
21.86824450579607,0,111470390201
10.229952896877357,1,111470460201
8.963907243651486,0,111470460202
8.755372304402409,0,111470610201
28.563113921813553,1,111470850101
21.463681935073733,0,111470990101
31.073414544433177,0,111470990102
23.136254218950487,0,111480290101
15.872423592369987,0,111480470101
17.6377809892805,1,111480900201
22.000787545588594,0,111481000201
23.9214017049377,0,111481000202
24.910088652033668,0,111481320201
19.468064042458746,0,111481320202
35.84585250454698,1,111481380201
11.91707379361707,0,111481430201
31.236447676053462,1,111490070201
37.315619382865734,1,111490070202
19.228529699752183,1,111490110201
22.898515528432902,1,111490160101
19.366784553055084,0,111490220101
29.203487517296708,1,111490220103
18.789350141246935,1,111490270201
32.46827036083578,1,111490270202
21.01060406471546,1,111490290201
18.77890591127351,0,111490310201
9.196650103506162,0,111490360201
7.986238009035472,0,111490360202
12.441714713635566,0,111490410201
14.534907778762376,0,111490410202
15.578566115469293,1,111490440201
33.768404131457444,1,111500070201
19.63690282303717,0,111500070202
27.86519936017427,0,111500150201
27.91931536295307,1,111500150202
27.735825274880668,1,111500360101
32.46184410828572,0,111500420201
30.99316558824053,1,111500540101
20.42172507674402,0,111500660201
26.680196752316682,0,111500660202
33.904982440365224,1,111500780101
18.793143350362463,1,111500820201
16.569201653471683,0,111500820202
38.159143658773814,0,111501160201
14.542019145605988,0,111510150201
19.39877406490022,1,111510150202
23.905079165982823,0,111510180201
18.66845958608571,0,111510180202
23.662657657779476,0,111510300201
28.758857061404264,0,111510300202
45.39679447716347,1,111510340201
33.08688870625942,0,111510340202
28.047234400970606,0,111510370201
17.68521509785152,0,111510370202
34.86707654271635,0,111510370203
33.605336438175016,0,111510400201
37.94687565317393,1,111510400202
24.19694303980858,1,111510430101
28.02018678434205,1,111510430102
25.067929842120048,1,111510590201
29.23770993920626,1,111510590202
22.00794750996532,0,111510590203
17.899938945419358,0,111510620201
15.409237909260842,0,111510620202
39.74800236160508,0,111510680201
11.639519102578378,0,111510710201
24.21897838711997,1,111510710202
18.62585114561862,0,111510750201
23.83140366410636,1,111510750202
26.348455719734297,0,111510780201
25.588003566494983,1,111510810201
18.426062000437653,0,111510810202
40.838776740836146,1,111520030201
30.874915863775694,1,111520040201
21.649891343790674,0,111520040202
23.70460029272472,1,111520050201
18.719021222526806,0,111520050202
15.867807698214818,0,111520080101
28.90256427627393,0,111530010201
23.755686002815764,0,111530010601
26.196644195657804,0,111530050201
23.327852848149178,1,111530080201
18.27244982179074,0,111530080202
14.83971998133551,0,111530080203
15.859017739588428,0,111530100201
22.27439340230521,1,111530100202
41.105268692242326,0,111530280101
21.161862981625838,0,111530330101
22.27953564233123,0,111530370301
29.217719493491156,1,111530430201
34.10368590070635,1,111530430202
36.888854343775556,1,111530430203
24.944588004211823,0,111530460201
28.455342118676484,1,111530510101
19.749535426685945,0,111540010201
13.590776005171685,1,111540050201
19.40377114069765,0,111540050202
33.85444275827156,0,111540170101
38.31034216208938,1,111540350101
31.255919056546706,1,111540430401
24.662315742866724,1,111540510201
27.087652636516417,0,111540530201
33.34269376250295,0,111550020101
26.708800015881383,0,111550020102
45.6506012100182,0,111550040201
55.28213652389164,0,111550040202
55.98182631256563,1,111550040203
16.275293392153824,0,111550050101
27.058822740707647,0,111550080201
34.033421535281036,1,111550090201
35.08552314027866,1,111550090202
27.79202941134747,0,111550100101
24.133994352867052,0,111550100102
26.950272013848483,0,111550110201
30.88197263424112,1,111550120201
19.33234989054774,0,111550150101
23.634796823316783,0,111550150102
36.3658724894383,1,111550150103
32.374090622335416,1,111550170201
32.399192139390074,1,111550170202
26.50247922064164,1,111550180101
27.617791069358056,1,111550180102
23.65170337684119,0,111550180103
56.15168145813485,1,111550190101
31.454045711450913,0,111550230201
30.30064872900317,1,111550230202
29.13602295567445,0,111550230203
20.496349333042023,0,111550250101
14.667819371628928,0,111560080101
22.776975868506828,0,111560080102
26.600432603140014,0,111560160101
30.11056455601734,0,111560180101
26.46382199377221,0,111560190101
40.91065098242298,1,111560200101
30.319181249427647,0,111560240201
26.034236608351847,0,111560240202
29.003540700148125,1,111560290201
22.451944872220697,0,111560330201
25.1741732204239,0,111570070201
41.378036440952094,1,111570140101
35.47160228080753,1,111570160201
34.10720785333336,1,111570250201
24.146448343971134,0,111570250202
28.745414199406607,0,111570300101
24.14674539900181,0,111570390101
15.312113208989581,0,111570390102
36.505355129614735,1,111570390103
34.50463346491011,1,111570410201
33.636288367551565,1,111570410202
33.83875672219811,1,111570440201
34.062510228611835,0,111570440202
30.08419603924787,1,111570460201
19.09866092119963,0,111570460202
47.49049967553021,1,111570490201
47.98111849144022,1,111570490202
35.40301086043888,0,111570490203
19.28005558828663,0,111570640101
30.85742373511841,1,111580100501
17.128675466577825,1,111580390201
11.306091353072581,1,111580440201
23.303664360578463,0,111580550101
9.070175301850206,0,111580740101
9.661181799949766,0,111581090101
35.14842036606297,0,111590040201
47.7298984494258,1,111590090101
28.27787178762485,0,111590140101
32.24788076628319,1,111590280301
39.35103827080419,0,111590340101
54.40390700090332,1,111590340601
35.62204312868877,0,111590340602
45.113323130626135,1,111590410201
49.23521808613182,1,111590430201
43.70598647543788,1,111590510201
47.76120782489988,1,111590510202
43.65692708269833,0,111590510203
38.126483413013474,1,111590530201
32.24065116606715,1,111590560201
30.26194189596898,0,111590560202
17.686379791058137,0,111590600101
24.47199983753354,1,111590600102
23.1213185162362,0,111600020101
29.3739843123981,1,111600020103
43.04517890679679,0,111600080101
53.61208658815358,1,111600090101
40.73130718513855,0,111600110201
47.34525207637218,0,111600110202
34.60287165820739,0,111600140101
40.99580009194368,1,111600140103
50.66247231674788,1,111600190201
27.18477532993505,0,111600220101
28.85110976133135,0,111600230201
49.15317997396418,1,111600290201
36.3610690523496,1,111610050201
19.710161243047708,1,111610140401
34.51289250470951,0,111610230201
27.150810188899897,1,111610760101
28.420161814086956,1,111610890201
32.82068310823252,1,111610890701
19.567395820084503,0,111611000201
14.071349726182206,0,111611110201
34.15387033355796,0,111611170201
18.49843521088874,0,111620020201
13.372736815949102,1,111620020202
38.947285473804826,1,111620080201
23.199944267154944,0,111620110201
26.815930604269465,1,111620110202
36.879735864379924,0,111620190101
25.49271981117413,1,111620360201
12.62341621128294,1,111620380201
11.10145759696534,0,111620380202
48.39184956022229,1,111620410201
27.388121356886916,0,111630070101
26.22599635689454,0,111630180201
14.50231329699415,1,111630280201
17.62472480754016,0,111630280202
20.811131592293044,1,111630330101
15.443423700699523,1,111630540101
26.805696491368806,1,111630980201
14.969375608274989,1,111631130201
27.430715146765706,0,111640010101
30.558426590361382,0,111640250101
11.073329440905502,1,111640290301
29.483006352004363,1,111640460101
31.274795664292668,1,111640480201
18.686794678717874,0,111640570301
24.039951401737973,0,111640600201
20.159687698502733,1,111640760201
10.837416324749485,1,111650020201
14.527857909176394,0,111650160101
10.260689692572207,0,111650400101
20.86631676119602,0,111650490201
19.054009235839057,0,111660050201
23.27887336404172,1,111660110201
22.79061181135052,1,111660160101
18.39690762954381,0,111660410101
23.19369354896307,1,111660410102
22.524730317771876,0,111660470201
9.333481307299678,0,111660550501
27.687299876868956,0,111660700101
30.799155583260507,1,111660880101
36.92054267305612,0,111661000201
30.557894580248856,1,111661200201
35.97725240505959,1,111661310201
31.583157438260418,0,111661310202
13.897641029928517,1,111670040201
15.214354657371418,1,111670090201
12.154103196320584,0,111670150301
24.019078380544233,1,111670200101
21.25771108082918,0,111670200102
43.71236010255852,1,111670330101
29.87495089873714,1,111670380201
36.32659567812534,1,111670640101
17.797490981401868,0,111670640102
25.426406733044896,0,111670760101
25.519727181846445,1,111670970201
16.36522623320946,0,111671030101
37.04188670155588,1,111671090201
27.928311474590053,0,111671200203
54.80333932802093,1,111671260201
34.10443730998299,1,111671360201
28.717000551763114,0,111671360202
27.36411911217482,1,111671410201
16.632601594144127,1,111671410202
38.2107255735042,1,111680100201
32.27265777849167,1,111680100202
7.627684618087708,1,111680160301
4.070110323145205,1,111680160302
13.683091273527022,0,111680290201
25.97222913007622,0,111680320101
27.26845557745583,0,111680320102
43.88770088237857,1,111680380201
8.166739089306358,1,111680540701
37.99210316344982,1,111680630201
32.657299959237044,1,111690070301
29.642198961986324,0,111690120201
28.13450578287688,1,111690130101
24.117946781916928,1,111690170301
18.886649147601283,0,111690190101
25.59654382355931,0,111690190102
28.55230236827848,1,111690200201
31.067906497505724,1,111690200202
10.323655768668328,1,111690250201
21.535277507207102,1,111690250202
20.588154202074865,0,111690260201
23.89289391617486,1,111690260202
46.857226737880595,1,111690300201
26.26359160282022,0,111690300202
27.454034043141725,0,111690320701
21.490229246700977,1,111690360501
26.712868024075117,1,111690360502
16.495077747140108,1,111700020201
16.8849288296214,0,111700250201
22.397311979661367,1,111700250202
41.22535857249723,1,111700280201
38.05565976332367,1,111700400201
37.13962727738359,1,111700400202
27.45261113708342,0,111700400203
24.187620271902187,1,111700490201
37.85558419595885,1,111700800801
21.956072019936293,0,111700800802
6.768872334789664,0,111700900101
16.08766873150048,0,111710050201
40.77738830438904,1,111710050202
25.751363445601054,0,111710050203
18.166201761587534,0,111710110201
15.031031006884579,0,111710110202
24.741877865937703,0,111710140201
40.80435737528172,0,111710140202
21.132514843224676,0,111710170201
9.686915656297021,1,111710200801
16.660802087983342,0,111710200802
19.268941649008845,0,111710230201
14.983668685048661,1,111710290301
25.09998364566691,1,111710320201
24.95333338066794,1,111710320202
33.00644133605942,0,111710420201
20.70335061297807,0,111710480201
23.549172585169195,0,111710480202
20.355979118317844,0,111710570101
29.86528702068987,0,111710690201
23.31872562263863,0,111720030101
15.207272048529054,0,111720060201
29.550180926092544,1,111720160201
25.270175571393985,1,111720160202
21.58025348676393,0,111720200101
33.051405152689384,1,111720330101
18.792343791688815,0,111720360201
29.959243665000876,1,111720530201
35.39098298990694,1,111720570301
29.868535114547054,0,111720700201
19.121723814711725,0,111730010201
28.36354197973001,0,111730090101
22.1549190168224,1,111730210201
28.278967839146397,1,111730380201
26.927178767895995,0,111730380202
9.456923020757195,1,111740010401
33.875801536642086,0,111740070201
24.53522732430803,0,111740140101
5.352918637293207,0,111740330201
16.147766623102427,1,111740350101
19.158967373112624,1,111740350102
20.495081920841862,1,111740380201
32.61305102147932,1,111740400301
28.81373627728652,1,111740400302
15.993162771485965,0,111740400501
17.45839767054214,1,111740460601
7.22179959961871,0,111740460602
19.733268826250683,0,111740510201
18.504909560204723,1,111740510202
11.58854129495504,1,111740510203
11.741528389860832,0,111750070101
22.724432907391222,1,111750090201
21.207173799146847,0,111750190201
33.131001535059596,1,111750240201
33.979969193786836,1,111750240202
36.01287398103443,0,111750310101
16.18488117846463,0,111750400201
20.089143114699453,1,111750420201
18.24265003890153,1,111750420202
36.11114352153634,0,111750470101
53.681374361300094,1,111750490201
32.59371577788416,1,111750520201
29.559984108596943,0,111750520202
21.918032540749607,0,111750570201
18.924652109016368,1,111760030201
37.668518358763215,1,111760320201
34.19190754542315,1,111760350301
32.22773819869558,1,111760350302
18.245914676061858,0,111760390201
22.833958076182377,0,111760390202
44.50626115721892,0,111760500101
30.816440043189218,0,111760570201
21.608644703060328,1,111760640201
30.242440077865837,0,111760750201
27.51262819338784,1,111760790101
13.362832562458536,0,111760820201
29.845918099927836,1,111760820202
37.370621783132435,1,111760860101
23.237425161267414,0,111760860102
18.019512245714424,1,111760890201
14.073312224678247,0,111760890202
22.832991140532428,1,111770030201
22.11130874698913,1,111770030202
30.86210290852764,1,111770130201
23.38988717468127,1,111770190101
34.0278482687564,1,111770360301
18.478384851439202,1,111770390201
18.517131005991494,1,111770450201
15.283009839337005,0,111770490201
20.232060197359694,1,111770650201
12.070948776346604,0,111770650202
16.19412570150249,1,111780070101
15.482822320229932,0,111780420201
20.489118742215506,0,111780600201
7.1882318422694915,0,111780670201
14.05414391464409,0,111780700101
21.79512484397798,1,111780700102
21.069187224067072,1,111780740101
13.112625203263036,1,111780740102
25.412599317465126,1,111790300201
16.91965683927625,1,111790450201
26.852913971180193,1,111790630201
12.981710425080223,0,111790740201
20.162565957193717,0,111790780201
22.082282617083596,0,111790810201
20.678836124763873,0,111790890101
16.544452067948637,0,111800170201
22.65039838023445,1,111800170202
19.490429845594154,1,111800300201
17.71533236757421,0,111800330201
22.10575118419539,1,111800330202
27.073073808212293,1,111800570201
12.797840465386852,0,111800640201
20.08734440900367,0,111800640202
6.885725239885217,0,111810080202
13.447197717824722,0,111810100101
21.091630934243106,1,111810330101
27.267651759554195,1,111810360101
9.85434430687963,1,111810410201
12.287472265381815,0,111810410202
13.805264410270322,0,111810430201
35.773693160130286,1,111810480201
19.759640138502412,1,111810540201
25.746731536240162,0,111810610201
19.932983072295986,1,111820080401
26.17868434707589,0,111820230201
25.613134036581982,1,111820230202
10.9448648148129,0,111820280201
9.45169850023791,0,111820280202
17.031167933649147,1,111820370101
26.698970602327858,0,111820370102
21.868017025914558,1,111820420301
19.458789765884383,1,111820420302
19.306881006041397,1,111820470201
19.28075024121869,1,111820810202
31.603025105931405,1,111821000201
44.70728605873443,1,111830020101
19.905101027434974,1,111830070201
26.5395234059281,1,111830250201
31.486234893759427,1,111830390201
25.152864924088718,0,111830530101
39.34758758390446,1,111830730201
40.896801698480544,0,111830770201
37.46692585061437,1,111830960201
30.370627076964123,0,111831140101
46.883145826077765,1,111840060201
32.648418279823666,1,111840290101
28.82265688602849,1,111840290102
19.582350259269173,0,111840290103
18.36204832259579,1,111840480201
26.1435099368773,1,111840610402
32.525333424634766,1,111840740201
38.90156806370709,0,111840800201
47.85417480655937,1,111850030201
16.704537057270407,1,111850060101
25.98572525217326,0,111850200201
35.258137216277525,1,111850280201
20.615365762865952,1,111850310201
28.96172959395745,1,111850370201
24.96665550562129,0,111850400201
41.634904529797936,0,111850430101
21.644804932885222,1,111850540201
19.5016716643671,1,111860320201
18.267844141065453,1,111860400201
35.25045734554613,0,111860900201
33.52001602385554,0,111860900202
28.867324344187608,1,111870030201
28.268992252170776,1,111870030202
36.156718786884575,0,111870090201
29.758885084392315,1,111870320201
14.292657030495812,0,111870340201
12.235637000227754,0,111870340202
41.82746983029949,1,111870360201
20.302488783200552,0,111870460201
27.263797320453985,1,111870500401
15.896269719638505,0,111870520201
38.8174164723356,0,111880040201
18.94714637847654,0,111880100201
11.016474952599697,0,111880100202
24.46246342699264,1,111880150101
20.984185403743073,1,111880310101
22.392868657657502,1,111880390202
18.346976874931656,1,111880530201
14.60402338413874,0,111880530202
21.52849193060361,1,111880610201
9.734877137646412,0,111880660601
22.14588068847422,0,111890050201
24.066431699974714,0,111890050202
17.441280433916127,0,111890270201
23.10810965328715,0,111890300201
26.38263481550437,1,111890300202
30.570636382999965,0,111890410101
24.25827725611866,0,111890500201
22.92317801344469,0,111890530201
34.48669953101837,1,111890530202
18.42674369440622,0,111890670201
23.408642576053875,0,111890700201
29.439895861190507,0,111900050101
48.67960273720307,0,111900280201
45.851967497339565,0,111900280202
24.757066403865377,1,111900280401
14.166513705141844,0,111900280402
27.304563249004385,0,111900300201
36.08247254278026,1,111900300202
23.813638718629637,1,111900320201
19.835321584399832,0,111900340101
25.843937349463364,1,111900410201
27.408084472283985,0,111900430201
34.19259226819275,1,111900520201
26.36728402345399,1,111900520202
40.83557120293332,0,111910010201
21.560660872159392,0,111910060201
41.768832061152914,0,111910080101
27.911067335113593,0,111910140201
12.693703563824563,0,111910190401
19.560476797282526,0,111910190402
27.771858390343223,0,111910230201
12.258055888541248,0,111910250201
30.352271823328504,0,111910280201
11.942844760717744,1,111910500201
28.089098652261985,1,111910500301
10.023457950707487,0,111920090401
12.803002586175499,1,111920160501
33.104531119317016,0,111920440101
20.999099134235127,1,111920510201
19.61857701390153,1,111920550201
26.586687108172963,1,111920620201
24.001164037214043,0,111920730201
34.18559648381458,0,111920760201
24.77298766439594,0,111930340201
16.454316574749235,1,111930340601
31.155682699747082,0,111930810201
15.404800828873798,0,111930850201
17.87357035255009,0,111930850202
16.368951690863778,1,111940050201
29.878871719264943,1,111940090201
34.46308519426202,0,111940420101
12.881931575022346,1,111940510201
13.278975654411715,1,111940530201
19.407232013792687,1,111940550201
22.611712522349503,1,111940570201
17.045707443006783,0,111940600101
13.013293082847808,1,111950030201
13.88097488672866,1,111950030202
27.489840403002713,0,111950070201
23.746225457847945,1,111950120201
15.958862332536288,0,111950160201
9.125243524485475,0,111950250501
22.581284897845347,0,111950330201
44.40813397996067,1,111950420201
27.708468807389607,0,111950550301
24.818072908957884,0,111950600201
23.052047058830194,1,111950640401
17.474733600149932,0,111950730201
27.23241855867512,0,111950730202
28.209900746873863,1,111950770201
29.542068541356524,1,111950770202
43.61470176968226,1,111950810201
19.891648520369074,1,111950950201
11.747358423032018,0,111950950202
-2.6236988718593377,0,111950990201
26.738250541245026,1,111951030101
37.01220010541844,0,111960040201
23.42165972698207,0,111960130201
16.956422894393476,1,111960170201
9.71598132261684,0,111960170202
34.31972560647407,1,111960250301
39.76220685959948,1,111960380201
41.94877998047822,1,111960420101
49.4824845709865,1,111960420102
35.97354760024271,1,111960460201
26.747937548502584,0,111960460202
37.205746355464896,1,111960630202
31.292657370021807,1,111960790202
26.27298249604581,1,111960830201
15.277113751962293,1,111960880201
27.96040617110251,0,111970010501
14.438565797921509,0,111970140201
18.468358782836525,0,111970290101
15.610434530496088,1,111970290102
34.51666667655097,0,111970400101
29.39816748763484,0,111970400102
29.15132740260993,1,111970480201
20.993632991920258,0,111970480202
33.38422690942367,0,111970500101
30.817636879640055,1,111970550201
24.555104431548077,0,111970550202
9.092761718473444,0,111970580401
23.897617065062413,1,111970630301
21.403569927854335,1,111970630701
15.729402606253933,0,111980060201
49.46979895359957,1,111980110101
48.68049715750405,1,111980110102
9.210665639355753,1,111980160301
30.959406086419644,0,111980270201
26.58229408530103,0,111980270202
13.47198450143953,1,111980320301
23.01258587866743,0,111980370101
14.790583388705565,0,111980440201
14.85332470465039,0,111980440202
17.71859010748713,1,111980510501
7.578816563709375,0,111980530201
19.71746330387151,1,111980530202
24.415299020525605,1,111980560201
37.39196831090709,1,111990030201
38.05250387001432,0,111990030202
34.35338329124247,1,111990110201
21.636737049424028,0,111990110202
24.850806779756734,1,111990190601
28.91710248213932,1,111990191101
31.200580578546965,1,111990191102
32.136073597721584,1,111990191103
20.354991944780902,0,111990240201
17.21105000172043,0,111990240202
22.046114724292085,1,111990280201
18.552645441517072,0,111990440301
24.061738090875625,1,111990440401
23.653130278838074,1,111990440402
10.034494283592219,0,111990570201
26.07003831072369,1,111990610201
27.212918322743455,1,111990610202
28.975221454337433,0,111990780301
50.88230460844717,1,111990940201
29.169226281198092,0,111991030101
22.96111048694564,0,112000140201
21.592485737044,0,112000160101
27.873210116395388,0,112000160102
32.00486872080913,0,112000170201
43.18789520082766,1,112000190101
22.19179838474702,0,112000200401
16.324186303458614,1,112000290301
14.224293545378409,0,112000310201
4.792650865909993,0,112000340201
25.159015216975014,0,112010010201
29.25861574987926,0,112010190201
28.8079789717548,0,112010190202
15.379819302187522,1,112010330201
16.468912386376505,0,112010460201
19.81370020142308,0,112010460202
22.781300211725778,1,112010610201
22.857350083001588,1,112010610202
22.527546659972437,1,112010850201
16.00638467272175,0,112010850202
27.616911709321897,0,112011140201
22.854755431826128,1,112020270201
14.070597167089954,0,112020270202
26.091744884938272,0,112020350201
30.53997660969044,1,112020350202
28.700672239516678,1,112030380201
21.84101206256131,0,112030500201
23.533483710066882,1,112030500202
21.457347677865314,0,112030580201
24.10839023741262,1,112030760401
15.45947218200172,0,112030810201
33.13145594739173,1,112030910201
15.77211355477834,1,112031280201
19.946033789457402,0,112040090101
16.632265226650123,0,112040190201
16.118717277789596,0,112040190202
14.773223104090386,0,112040420101
14.887011812338711,1,112040600201
7.934902186037524,1,112040860201
24.317366986985668,0,112041020201
7.403649843849487,0,112041190201
11.167153444012861,1,112041210201
11.871221310687368,1,112050060201
34.82155002534601,1,112050130201
19.411025265472762,0,112050320201
23.883634437667947,1,112050320202
22.178000434150913,1,112050390101
23.219485037171783,1,112050420201
11.649074690231622,1,112050720201
26.069332715067766,1,112060050201
14.719139979172283,0,112060050202
28.6408980599996,1,112060050203
21.742264508878065,0,112060090201
31.001533625952398,1,112060090202
38.707869319875975,1,112060170101
37.15919674525807,0,112060170102
21.436697840878104,0,112060170201
39.601642686766304,0,112060330201
33.811696283246754,0,112060370101
39.000256314971686,0,112060370102
24.312529123443547,1,112060490201
20.191073121720297,1,112060490202
15.434946789001073,0,112060490203
25.208500178121955,0,112060570201
33.542797467043464,1,112060690201
39.96326921508886,0,112060690202
39.69729239014565,1,112060690203
32.792940092220206,1,112060940201
39.272161699377854,1,112060940202
34.342797116027604,0,112060940203
30.47050156855449,1,112070040301
28.21801710630949,0,112080050201
39.34070759869316,1,112080110201
32.98373158221887,1,112080110202
18.13305797536972,0,112080160201
22.642284701865382,0,112080160202
34.250618720806195,1,112080190101
48.91601236485424,1,112080220101
26.058348211578178,1,112080380201
15.481432316093548,0,112080410201
16.11639392858561,0,112080490201
16.147444763487012,0,112080490202
17.425270995986665,0,112080520201
15.426305454568668,0,112080520202
26.14086100062069,0,112080550101
38.27083979728144,1,112080550102
32.38613398500407,0,112090050101
13.567518820107281,0,112090350201
12.601719280637026,1,112090460201
11.865525977840543,1,112090530101
14.244755120686436,1,112090530102
19.039722392729725,0,112090600201
23.529803366390727,1,112090600202
13.80759333537581,0,112090670301
21.883898604338672,1,112090670401
28.677152342481012,1,112090750201
9.83003184767764,0,112090780201
26.182339304126323,0,112090820201
27.797572387996592,0,112100570201
29.484083780742413,0,112100570203
18.727579147319936,0,112100740201
12.803928138289576,0,112100740202
29.846310411233194,0,112100780201
35.23585378295796,0,112101040201
28.254170006030215,0,112101040202
29.096211551654385,0,112101080201
29.457686476139337,0,112101080202
34.645940018184625,1,112120020201
31.77192464422317,0,112120020202
38.515651485722486,1,112120110101
22.066543060841457,1,112120140201
21.1941055873334,1,112120210201
23.030271851265244,1,112120240201
35.92254106320314,1,112120240202
33.37899318439946,0,112120370201
33.10759446212313,0,112120370202
21.482682113770117,0,112120400301
16.448295969014644,0,112120530301
15.558451594913675,0,112120600201
19.54764698375106,0,112120760201
27.392160478023108,1,112120790101
27.559312117315127,1,112120790102
14.631610364937501,0,112130090201
34.47214203328266,1,112130210201
28.33988274570156,1,112130210202
41.48137059943962,0,112130250201
22.46139912588166,0,112130290201
13.939670606999849,1,112130410201
19.116495075469068,1,112130410202
12.926305005088022,1,112130570101
14.142566479855029,0,112130570102
17.273527066508766,0,112130610301
25.755546400552294,1,112130650201
11.006360748669614,0,112130730301
6.780792607888427,0,112130730601
27.914942354646918,1,112130770201
43.75489638814507,1,112130850201
17.888946245031562,1,112130850301
23.090875930922596,0,112140020201
27.06061054338643,0,112140020202
19.95685455825866,1,112140050201
15.488867877060862,0,112140080201
18.184430077967036,0,112140160201
15.818821188318454,0,112140290201
21.270884211137428,1,112140340401
18.247467833800542,0,112140370201
18.12621462155851,1,112140390201
21.89614912680387,1,112140390202
18.02876822925384,0,112150100201
28.893538092691223,1,112150200201
21.848291029851744,1,112150200202
20.14424187101904,0,112150230301
28.91336990265543,1,112150260201
20.320562225291777,1,112150310301
14.221388763985653,1,112150330201
21.832298122231087,0,112150330202
22.886868783168357,0,112150360201
18.508342546506878,0,112150520201
27.26260103817319,0,112150540201
10.016302036244225,0,112160190101
16.66476148392022,0,112160290101
12.289617789080088,1,112160330101
15.329849829868026,1,112160330102
29.330034363871135,1,112160400101
25.775532090812625,1,112160400102
25.118583235202813,0,112170050201
34.32578628272972,0,112170160201
39.27364241971935,1,112170190201
17.041563451053868,0,112170380201
28.424866552311926,1,112170430201
32.64164299504667,1,112170540201
44.673049270076675,1,112170540202
4.323298569920158,0,112170640201
25.359363483044135,1,112180040201
45.98444911764757,1,112180180201
21.36888507125253,1,112180190201
25.049025772922715,1,112180190202
37.681886395519996,1,112180220101
32.52321977874237,1,112180290201
33.153968239833176,1,112180290202
39.25238297105414,1,112180290203
24.058541799647095,0,112180310201
29.7537582652351,1,112180350201
21.38829158224531,0,112190040201
32.45696377502582,1,112190040202
30.548497994845487,0,112190070201
23.34664804970111,1,112190070301
17.657413438427724,1,112190100201
36.47796348617632,1,112200020201
36.37897481490514,1,112200020202
16.972368364562193,0,112200060201
28.08855117066914,0,112200080201
36.80495297696005,1,112200080202
30.302892058792743,1,112200130101
31.89790876374674,1,112200280201
19.029886300137296,0,112200410201
28.051804882128934,1,112200450202
25.627098040817962,0,112200450203
21.768177663410057,1,112200520201
22.33205918982931,1,112200520202
12.2339112488479,0,112200520203
24.16321381190493,0,112210070201
32.15290013875169,1,112210070202
23.376161861690328,0,112210130201
50.14236938400211,0,112210230201
37.945783748329724,0,112210270101
35.60138258915458,1,112210330101
15.569040045818332,0,112210390501
13.554177065455983,0,112220020201
17.177947850135936,1,112220020202
11.106330014506465,0,112220050201
14.773460754162256,1,112220270401
9.8113169609995,0,112220320201
21.039074331365427,1,112220350201
7.187286538445093,0,112220370201
42.428820537360174,1,112220530201
24.188614851608023,1,112220560201
32.87790507785644,1,112220560202
27.80772767918096,1,112230090201
18.429278968146892,1,112230200401
21.8071663164823,1,112230200402
15.951749392024256,0,112230310102
24.965337958150727,1,112230310103
15.039176595572174,0,112230380301
13.98492289299698,0,112230380302
27.866465011076066,0,112230450201
13.942987424656097,0,112230520701
22.25745083897538,0,112230520702
39.16595744156881,0,112230560101
25.304759794159253,1,112230590101
22.675828693077204,0,112230590102
20.73883710085095,0,112230660201
26.87710716260478,0,112240030201
34.25420205041097,1,112240070201
20.55121049278866,1,112240120201
15.797116296398128,1,112240120202
25.90113936718904,1,112240200201
24.079720379243305,0,112240200202
30.064806242762913,1,112240250201
23.629198214035334,1,112240330201
25.266573668304176,1,112240330202
7.508333728015863,1,112240380201
16.147663115220574,0,112240840201
24.988056985617277,0,112250240201
7.837972608852498,0,112250270201
15.582488221530978,1,112250270202
29.263104052349703,0,112250270203
15.163112850601944,1,112250330201
16.915129021293403,1,112250660501
23.87659596118308,0,112250690401
38.44206596234892,0,112260040201
30.101760547233056,1,112260080201
26.787023142347774,1,112260080202
15.562072409354977,1,112260300601
13.291748783763847,0,112260490201
25.990021495821026,1,112260490202
38.71168636208136,0,112260670201
20.330942403186942,0,112260710201
19.64901893491645,0,112260710202
25.72928182055455,0,112260850101
28.450183520082142,0,112260890301
30.73327207473183,1,112270020201
37.964208839130706,1,112270050201
33.30733738758675,0,112270180201
25.135958105917712,1,112270310201
26.94609033538424,0,112270360201
15.625999436400459,1,112270440501
19.11306302543471,0,112270580101
25.43922874487265,1,112280050201
12.909978312788821,0,112280170201
20.23194539263866,0,112280170202
28.273584057653036,1,112280290201
34.195351828097124,0,112280350301
26.835940407956162,0,112280410201
29.08376340366347,0,112280650201
28.47852941386067,1,112280650202
35.062022309046476,0,112281000101
51.42302572940201,1,112281000102
13.126151677260863,0,112281180101
26.137823960858753,0,112281240201
34.178751895840634,1,112290010201
24.91771157803282,1,112290010202
27.6053773184451,0,112290010203
9.320514304991642,1,112290050201
21.826475673975164,1,112290050202
12.905879323514398,0,112290100201
19.61938517831243,1,112290360201
21.831702243006713,0,112290360202
27.11647153316322,0,112290360203
37.16058254135963,1,112290400101
24.01475983813626,0,112290400102
32.784282261347784,1,112290490201
24.79911939142631,0,112290490202
35.23254018530548,0,112290540201
23.70444967344695,1,112290620101
11.414614842694053,0,112290710201
14.292698362844204,1,112290710202
12.728694510560068,0,112290760201
20.68524996845081,0,112290930201
16.181272476472707,0,112291020301
31.580626671794445,1,112300070201
21.736959860647787,0,112300070202
29.75552206554334,0,112300100101
34.0828727215663,1,112300160201
41.336855870549506,1,112300160202
38.841312802294084,1,112300160203
41.05925486992394,1,112300220201
49.080886181039475,1,112300270201
38.49534093325062,0,112300270202
43.3640286373999,1,112300300201
14.456199222603662,0,112300300301
21.19836883982008,1,112300330201
32.25860530327208,1,112310030101
23.482667390816278,1,112310030102
30.713190750018914,0,112310190301
11.873293816121308,0,112310190401
37.05924500601624,1,112310220201
21.596394310503175,1,112310320201
19.001960852142894,1,112310320202
42.45861547593328,1,112310350101
23.379270285079215,1,112310380201
24.68162046265413,0,112310410201
25.92153689225336,1,112310540201
25.802648962168035,1,112310540202
17.16102909229959,0,112310730301
19.402001423146647,0,112310760101
32.16014825715794,1,112310760102
33.92227106874441,0,112320240201
35.437946974017756,1,112320470201
25.287561442907595,0,112320470202
5.775266626886365,0,112320560101
15.08609979308148,1,112320560102
14.416122454883109,0,112320610201
24.690709802835034,1,112320610202
11.956307333712731,0,112320650301
14.143888586393283,0,112320650302
14.472240077746482,1,112320890201
12.686766664864592,0,112321120201
32.08361132082669,0,112321160202
22.499025445597237,1,112330020201
12.569852223862348,0,112330050201
22.063607645594583,0,112330050202
11.222731844613824,0,112330060201
12.303216775137445,0,112330060202
45.63041335696871,0,112330080101
36.87417940184359,1,112330090301
15.8678462301317,1,112330100401
27.86652154059189,1,112330110201
24.995868387076005,1,112330110202
9.864322803981347,0,112330130201
36.42825599435108,0,112330150201
35.9519067209368,1,112330160201
36.31467296123494,0,112330190501
27.53185889184468,1,112330200201
32.63054371455287,1,112330240201
14.88364769259007,0,112340010201
20.36768696506409,1,112340040301
28.92375627183643,1,112340060201
20.318459653579463,0,112340090101
24.556004381743946,0,112340160201
33.6726695129134,1,112340160202
26.690216220558312,0,112340230201
25.446894521486474,1,112340230202
38.08188273260008,1,112340330201
19.179159728823713,0,112350030201
13.688675753723574,0,112350030202
22.414503267143928,1,112350040201
26.57914039276605,0,112350080101
22.473832341441618,1,112350090201
16.63964453788876,1,112350090202
27.999653454030103,0,112350130201
40.60347586693851,0,112350130202
27.937113283121352,0,112350140201
26.83803774007285,1,112350180201
32.73697519239651,1,112350180202
19.2630206906735,0,112350210201
32.680908477195096,1,112350210202
12.194405298833658,0,112350240201
15.615492682668812,0,112350240202
19.7835779272038,0,112350240203
31.254839839352698,1,112350290201
28.5569173035312,1,112350310101
26.068375010868397,1,112350390201
50.83346128156937,1,112350410101
29.340593866040802,0,112360060101
16.368631330837964,0,112360200201
27.243566943517845,0,112360300101
15.962530889685187,0,112360510202
35.61693635902491,0,112360560101
20.21526960879266,1,112370120201
11.955084020745183,0,112370170301
27.466485089951956,1,112370220201
19.238611325070092,0,112370220202
32.94396041532145,1,112370270201
22.36159209389464,0,112370270202
14.76740855532916,1,112370430101
11.234824434901501,1,112370430102
19.020697984189784,0,112370490101
15.744842470832717,0,112370490102
11.857218798461284,1,112370750201
37.2015293378388,0,112370860101
34.18221779309094,1,112370860102
27.064096042244532,1,112371070201
17.337848627840174,0,112380030201
27.610347821146114,1,112380030202
26.93666843942651,0,112380050101
30.854272807270227,1,112380250201
34.37812042333398,1,112380310201
16.2187109772644,0,112380310202
23.451105680567085,1,112380350201
36.46711997421837,1,112380350202
28.77690345188391,1,112380380201
15.776910179152406,1,112380420201
30.06384195588915,1,112380560201
21.79606876026611,0,112380670201
33.60470280058583,1,112380670202
13.753604858185152,1,112380790201
36.86304704547761,0,112380830201
28.551771737905238,0,112380861001
18.705996731417976,0,112390080201
19.498917441602696,0,112390080202
37.59339467059298,0,112390440201
25.42864873445643,0,112390500201
17.56777865532496,0,112390560401
40.354964686772554,1,112390610201
43.25028957428739,1,112390670101
45.85634955464208,1,112390670102
14.188709139897806,0,112390670201
14.01577197364844,0,112390810201
29.568602027271393,1,112390930101
31.152467503371803,0,112390990101
26.66778667378162,1,112391050201
28.62128525849061,0,112391110201
26.602001988580074,1,112391110301
22.889038857645442,1,112391230201
20.988734757961957,1,112391230202
30.718037683423667,0,112391290201
39.16681750970284,1,112391350201
40.817828229140986,1,112391350202
18.306371257885232,0,112400300201
34.23860937934561,1,112400340201
33.71522690615224,0,112400370201
20.90822985050353,1,112400440301
15.250481567916523,0,112400440302
13.80580697279241,0,112400470301
18.20155080908183,0,112400580201
31.68450310029145,1,112400640401
20.315616203735015,0,112400680301
24.87473586526517,1,112400710101
20.875045315288578,0,112400710102
33.37020354892019,1,112400850201
32.3785130775084,1,112400850202
53.075109641295015,1,112410150101
25.6380794676664,0,112410240201
25.83074155850163,1,112410240202
40.947886509972214,1,112410280201
21.38576712707955,1,112410490301
34.413342369837224,1,112410550201
32.66622746210641,0,112410550202
13.141414010069203,0,112410630201
14.925308165764077,0,112410810101
18.582442746065613,1,112410810102
14.886937371611378,0,112410890101
30.10282376349516,1,112410940101
41.00022492902797,1,112411060101
37.03155229820014,1,112411060102
42.89909350991437,1,112420010101
14.64108507156995,0,112420040201
35.26055430063128,1,112420060201
16.413198378139164,0,112420220201
25.55826773810487,1,112420220202
17.738307310578445,0,112420220301
46.88591389679318,1,112420270201
23.48604220582034,0,112420290401
36.42931184135878,1,112420290501
19.28761670554196,0,112420390301
24.61685174848124,1,112420460201
30.47091020515533,1,112420460202
17.048483050457236,0,112420560201
8.92186697570171,0,112420610201
18.362163021247987,1,112430190201
22.913575899247167,1,112430470201
23.561326790650664,1,112430620101
22.63804714364798,0,112430620102
11.69326571797852,1,112430900401
35.51238304451005,0,112431140201
10.277361782084801,0,112431310201
17.068382919786664,1,112431390201
17.421444963670325,1,112431390202
19.278560296525963,0,112431410201
15.991025769482977,0,112431410202
16.704316143173976,0,112440250201
10.401833429610608,0,112440250202
26.749942455187284,1,112450170201
26.006818329762808,0,112450410201
28.04764189463324,1,112450570201
24.62905024541405,0,112450720201
13.920454381655805,0,112450820201
12.913543004767144,1,112450920201
22.804695523361694,0,112451000201
18.727812679174068,0,112451050201
14.76992008567897,1,112451220201
20.598369364791505,1,112451270201
19.925635567830987,0,112460180202
24.478233552074585,0,112460350201
26.203754964697517,0,112460400101
25.87573972881407,0,112460400102
25.28555775439835,0,112460520101
27.14892140362532,0,112460630201
23.93562821102841,1,112460790201
33.06462778479604,1,112460850201
24.499656657796628,0,112460850202
18.493605545356605,0,112460880201
28.482776105666183,1,112461030201
34.51339027196157,0,112461090601
24.3759748768725,0,112461200201
18.82527897710162,0,112461250201
32.82040581911689,0,112470050201
21.057602407807394,0,112470140201
21.864176184570958,1,112470470201
30.981580388911283,0,112470990201
46.72492395729469,1,112470990202
27.47899791515894,1,112471040201
22.97623308762272,0,112471040202
24.441477909707512,1,112471220201
17.0483377210542,0,112471220203
20.58485986255705,1,112471260201
9.45344864667261,0,112480080301
44.14145066421853,0,112480120201
22.98729032301431,0,112480150101
12.602920780245778,0,112480180101
16.068282627140977,0,112480240201
27.32339277669844,0,112480310201
16.987360372104014,0,112480310202
25.794074566472347,1,112480310301
20.252725571283257,1,112480400201
22.348764027098838,0,112480460201
27.2885315729642,1,112480460202
26.857980095739237,0,112480490201
16.343297953117837,1,112480690201
16.00624688890708,0,112490160101
22.893681622221454,1,112491070201
28.03178892327992,0,112491180101
36.92158736996468,1,112491180102
23.424826154262565,1,112491240201
15.37395029958798,1,112491240202
36.20774489716548,1,112491470101
23.032102415361827,0,112491470102
25.488844051577537,1,112500040501
30.748563592609578,1,112500040502
25.63079434128059,0,112500090201
20.825040189336033,1,112500130201
26.40888362812689,1,112500130202
23.665908081085465,0,112500360301
30.670878283155673,1,112500360302
19.286600933531076,1,112500540201
37.929792338939485,0,112500580201
11.04325011616208,0,112500720201
15.366782198187225,1,112500810401
26.72089291352307,1,112500900201
8.546961953543546,0,112501120201
20.31878150305135,0,112510160101
33.966770495607214,1,112510200201
25.99847276506057,0,112510390202
22.306929801161616,1,112510450201
15.455457090912063,0,112510610401
28.861075751802026,1,112510630301
10.200836192018542,0,112510670301
30.527396896469632,1,112510730201
25.9919642153629,0,112520020101
25.93635165728583,1,112520060101
18.695667125664933,1,112520230301
14.396062399804231,0,112520230302
43.41768974274952,1,112520330101
34.080951673274306,1,112520370101
25.628915856634183,1,112520400201
18.36646213747746,0,112520400202
31.32069240671975,1,112520470201
31.69763906572004,1,112520470202
17.130531274178985,1,112520570201
11.716699898376296,0,112520740101
17.87713315490792,0,112520850201
37.54151489092518,0,112530100101
8.388392018737685,1,112530130301
34.06189476468609,1,112530300201
18.201161592235596,0,112530380101
18.556497616615598,0,112530450201
32.39711005524943,1,112530510201
25.98754266889178,0,112530510202
16.570905230018802,1,112530690101
7.135315922827143,0,112530690301
11.399499202980403,1,112530780201
11.34316070981354,0,112530780202
37.17358522963976,1,112540040201
37.38521743458858,0,112540240101
28.250582841777494,0,112540340201
31.281342995253603,1,112540340202
36.46650976072534,0,112540390101
24.20217794115807,0,112540510201
43.51767874030798,1,112540550101
39.025880149558056,1,112540550102
39.795592761599885,1,112540620201
24.69484833306787,1,112540740201
25.31963951019826,0,112540740202
26.290031129460203,1,112540800101
27.747307646710947,1,112540910201
19.977797706886246,1,112540970201
20.372940020451406,0,112541040101
18.365157609380258,0,112550260201
42.5503359242408,0,112550480201
20.74206180857095,0,112550480401
23.66007717284592,1,112550620201
24.935037939517674,1,112550750201
43.274851235911406,1,112551090201
17.638606273958537,1,112551550201
23.34792543551229,0,112551700201
28.88791672571199,1,112551700202
21.09320760872025,0,112560180201
23.41272490286701,0,112560380101
24.42612818490126,0,112560380102
35.863442502706356,1,112560750101
20.99954778880583,1,112561000201
3.5375197359279746,0,112570220101
8.11344251008925,0,112570260101
20.085490957065844,1,112580120201
21.02689820694282,0,112580240201
29.258158699802422,0,112580310201
32.170366329660304,1,112580450201
19.41690762697823,1,112580520201
20.436130254713422,1,112580550201
14.321755859854338,0,112590050201
21.737187690508875,0,112590050202
36.40703677921621,0,112590100201
38.124715495827644,1,112590100202
21.267652197841613,0,112590180201
12.29898739129387,0,112590180202
35.37060629737921,0,112590400201
33.59050141636263,0,112590490201
37.29480440567677,1,112590580301
12.50647910288414,1,112590710401
12.41114935105724,0,112590750201
13.86119505497779,1,112590750202
28.526817301566588,1,112590800201
21.290721958679928,0,112590800202
28.227414310948518,0,112590840201
28.737849324959477,0,112590880201
36.43549212754558,1,112591010101
18.16100517019862,1,112591060201
28.191212245897336,0,112600080201
26.00473560165337,0,112600080202
20.43220337101651,0,112600120201
15.583005203036194,0,112600180201
14.645946480940605,0,112600320301
9.514056898515781,0,112600560201
25.368522221480656,0,112600740201
37.611469542428516,1,112600790201
34.02484113899304,1,112600790202
15.827705114049126,1,112600930201
22.253571774825048,1,112601020301
31.60640704837622,1,112601020302
11.831517280037673,1,112601190201
17.47653745883769,0,112610010201
28.56381567841489,1,112610010202
29.398760741347647,1,112610040201
31.225897238265382,1,112610090301
19.973969269239024,1,112610120201
47.34723824167161,1,112610150101
20.320962040819474,0,112610350201
26.036598461240196,0,112610380202
7.077280256884632,0,112610490201
11.952830591675633,0,112610490202
15.713115550584172,1,112610520201
30.123404970177372,1,112610550202
24.68964712620489,0,112610550203
40.224778075952024,1,112610610101
27.73602079925135,1,112610610201
24.89411700144539,1,112610660101
3.906795824326223,1,112620040301
35.74277249573833,1,112620090201
37.788424032932696,1,112620090202
9.326160266555782,0,112620270201
45.5702963240656,1,112620380101
16.008762027051436,0,112620480201
31.046728365395264,0,112620530101
27.6858395880039,0,112620600201
20.338263365557527,0,112620600202
26.06410426085881,1,112620600203
25.195494709414387,0,112620770201
35.962797213038556,1,112620770202
34.77536857057396,1,112621320201
28.965475991019392,0,112621360201
33.03402627182143,1,112621360202
15.13710511107998,1,112630050201
24.705649749243477,0,112630050202
27.946218232320735,0,112630130201
19.048067552559473,0,112630260301
33.52399601707545,0,112630300201
14.190157387057198,1,112630380201
8.583454815315513,0,112630380202
18.312565435278135,0,112630420201
26.48157000507457,1,112630550201
22.48966807446664,1,112630670101
14.160429430307033,1,112630710301
34.64814075535379,0,112630820301
14.004688561337717,0,112630820501
26.01381348579915,1,112630950201
14.679115922203101,0,112640050201
11.260475663840317,0,112640120201
26.63838262898477,1,112640210201
32.11743023384365,1,112640350201
16.383346626688812,0,112640400101
33.994584305393595,1,112640450201
10.601330112231464,1,112640470201
21.765255247273835,1,112640580201
16.635607942254587,0,112640580203
20.68046857776574,0,112650120201
44.18089026315955,1,112650140201
41.56360796130926,1,112650160101
21.24163789214202,0,112650230201
18.276031393184326,0,112650300202
34.37717591750824,1,112650300203
25.076772156945474,0,112650460201
21.540981244907343,0,112650460202
27.07609774779408,0,112650480201
25.52806323267083,1,112660020201
19.823490026984285,0,112660020202
40.49183385821183,1,112660070201
32.38339630443243,1,112660120201
24.550180213014812,1,112660160201
45.13829870404775,1,112660360201
31.479032704983307,0,112660360202
9.705670127091556,0,112660440201
31.975803578003898,0,112660510201
21.20809551430808,0,112660550301
19.940563368592098,1,112660700301
24.254774611836766,0,112660780101
37.56599268468233,1,112660850201
29.400025428397125,1,112660850202
27.9909188222026,1,112660890101
10.828369215719524,0,112660980101
28.084469340188516,0,112670130201
26.696105370376756,0,112670130202
31.72001099539317,1,112670130203
35.66588100009986,1,112670240101
31.010648687010512,0,112670310201
37.99999986018703,0,112670310202
48.461948392285585,1,112670520101
50.560053193958986,1,112670620201
30.90736326655513,0,112670650201
17.066366715836775,0,112670720301
7.062925080050568,0,112670780201
25.064004281648558,1,112680020201
13.039755974155131,0,112680070201
21.302427031764925,1,112680070202
35.97616013259918,0,112680100201
44.81288816736568,1,112680100202
37.14395549549626,0,112680130201
27.888601747090966,0,112680150201
22.1655114512253,1,112680150202
40.50340149523312,0,112680180201
9.99739812080058,0,112680230601
16.981357914482835,0,112680320201
21.04834152776568,1,112680320202
19.8890763651171,1,112680320203
31.553271678147013,0,112680340201
24.67835842996564,0,112680370201
24.213669173878927,1,112680420201
35.97941530159832,1,112680450201
33.39068985930157,0,112680450202
37.729795770606884,1,112680450203
46.29556526357376,1,112680500201
42.458513938219696,1,112680500202
32.72547099458831,1,112680560201
28.477970958151857,0,112680560202
30.176033414274688,1,112680580201
23.1421746372871,1,112680610201
14.653632897249114,1,112680640201
25.809942926127224,1,112680640202
27.297515568267194,0,112680660101
22.94114736546401,0,112690010201
19.13042684917444,1,112690010202
23.26826141328206,1,112690010301
22.81408546270626,0,112690030201
23.825184609073133,0,112690040201
18.675572383869458,1,112690040202
32.743954002053776,0,112690050201
33.11811745987226,1,112690060201
25.83368038634053,1,112690070201
24.16446818289242,0,112690080201
11.926489023760453,0,112690130501
17.520713572203178,0,112690130901
29.8784922358177,1,112690140201
32.490651994883976,0,112690160201
25.38261338824865,1,112690170301
16.204764975173852,1,112690170302
14.892238950599953,0,112690190201
30.504546054993927,1,112690190301
26.533565733286892,1,112690200201
18.373508434844688,0,112690200202
20.22172205205951,0,112690220201
27.78577828104515,1,112690220202
18.979699297960263,1,112690230501
18.893231629277437,1,112690280201
30.613663730279704,1,112700060201
32.763464010501096,1,112700150101
23.18644327364379,1,112700170201
22.199593293991928,1,112700170202
18.936423708528054,1,112700190201
29.470198432784553,1,112700230201
26.49965988901329,1,112700230202
40.4370513861229,0,112700250201
7.914170043904784,0,112700280201
43.39560475879059,1,112700300201
39.20480577255796,1,112700400201
22.501788179640656,0,112700400202
41.46647859850069,1,112700400203
15.550756320557715,0,112700430201
36.73430337646796,1,112700460201
28.095497141714112,0,112700460202
47.919138862431275,1,112700490201
19.423668796842605,0,112700590201
42.89133170284091,0,112700640201
7.475000949794252,0,112700670201
11.981522304030063,0,112720020101
13.203047418589179,0,112720090801
30.19775121239506,0,112720250101
26.25187030514872,1,112720530201
36.33465455737755,1,112720630201
37.15897743733569,1,112720660201
28.3804322965799,1,112720690201
35.45897982751294,1,112720690202
38.774522400413936,1,112720730201
25.62818740110272,0,112720760101
29.578860006300605,0,112720790201
27.202751362614507,0,112730030201
26.561803086649128,1,112730060201
24.086348997883846,0,112730060202
34.47465811372914,0,112730080201
34.89509867505277,1,112730100101
27.976277634815315,0,112730110201
35.596360508213365,1,112730110202
20.865348774212993,0,112730200201
17.45799955305449,0,112730200202
11.971288794530116,0,112730340201
30.229869864272015,0,112740190201
34.7103772878965,0,112740410301
26.45358753093997,0,112740460201
22.625795023125754,1,112740680201
29.157080463561112,1,112740810201
27.038942219421983,1,112740860201
30.052445849331217,0,112740900201
30.228232582738656,1,112740940101
12.539792004514814,0,112740990201
35.554277331434015,1,112750080201
26.815650937073958,1,112750130201
35.00830764534424,1,112750180101
31.20460379837654,1,112750210201
21.419089970951813,1,112750430201
45.6025136661722,1,112750580201
19.750180279393724,0,112760020201
41.825385202389334,1,112760040101
37.74140166244832,1,112760060201
45.230146910611374,0,112760100101
24.296705168193995,0,112760150201
23.951718352013398,1,112760210201
27.10939183711155,1,112760250101
18.40588675684003,0,112760250102
26.594807161200837,1,112760340101
45.552651219475116,1,112760360201
31.3109183786921,1,112760400201
34.550216691034834,1,112760440201
12.762255168367249,1,112760460101
37.26914600428095,1,112760470201
24.755573187368604,1,112770090101
20.392067884441957,0,112770500101
29.46635197169929,0,112770500102
25.243618454814744,1,112770550201
16.398508755081043,1,112770600201
22.079868731221687,1,112770650201
16.232936445417835,0,112770960201
40.01492952307143,1,112771060201
18.12148481910987,0,112771120201
25.048312619261864,0,112780580201
23.15815803953853,1,112780620101
11.473845525518291,0,112780760201
28.873493530293256,1,112780900201
30.59542381269277,0,112780900202
40.048343294722336,1,112780940101
27.723820313432157,0,112780990101
21.33934927868611,1,112781080201
20.96347680996072,0,112790030201
21.211602308354134,1,112790150201
19.3457805453615,0,112790220201
27.790383763538387,0,112790400201
25.3583362213628,1,112790400202
43.564444344697016,1,112790520101
28.674548098519292,0,112790680201
24.166144048848636,0,112790710201
31.545511925163797,1,112800070201
42.786942653772776,1,112800110101
32.48103410873118,1,112800140201
31.574784107165122,1,112800140202
22.083633652027583,0,112800170201
21.300359545656846,0,112800170202
33.55966410000704,1,112800200201
25.755698903724504,0,112800200202
32.3791260870206,1,112800230201
37.58356751424623,1,112800230202
15.9867232210986,0,112800290201
23.274590957284843,0,112800320201
20.62263724085701,0,112800380101
18.562428838549092,0,112800410201
44.953682527679085,1,112800440201
28.94226710425223,0,112800500101
30.201487275767725,1,112800530201
35.07490188393503,0,112800560201
34.63908320608992,1,112800560202
37.902193398977474,1,112800620101
28.084152506193426,0,112800650101
37.42604598054905,1,112800680101
37.90788214534373,1,112800740101
46.090124361978624,1,112800740102
19.988077212213682,0,112810100201
21.16048341654362,0,112810320301
19.5704197025008,0,112810390201
30.499474452666973,1,112810420101
28.858698085436775,1,112810420102
33.38835627795079,1,112810420103
34.00231263183603,1,112810620101
31.034811591365923,0,112810710101
13.377697294317581,1,112810810201
16.024599490617515,0,112820010201
21.927912854141503,0,112820220201
28.151819998249913,0,112820650201
17.009362825298428,0,112820730101
26.28494970107645,1,112820730102
14.744729144776569,1,112820860201
14.145155132462836,0,112820950201
37.94534921167351,0,112820990201
23.089341423394842,1,112830140201
18.21104990111522,0,112830220201
15.174217137386934,0,112830220202
14.83706016127511,1,112830370201
34.69026875064284,0,112830570101
43.59129486650011,1,112830570102
15.658813767914525,1,112830600101
22.75086922767313,0,112830720201
20.633474221231914,1,112830760101
23.345951185484463,1,112830760102
14.670385351914442,1,112840170201
17.201764168383896,1,112840260101
3.9210304645061758,0,112840260102
21.430522126892658,1,112840290201
27.017225397694833,0,112840290202
25.10454496951116,1,112840340201
15.511181889970041,1,112840370201
15.862991335869067,0,112840540201
11.611338007809243,0,112840570101
17.29688899610116,0,112840570102
34.61998335499517,1,112840600201
15.739022513347166,1,112840660201
20.817949947950662,1,112850010201
22.05417874471928,1,112850040201
10.290592926978796,1,112850080201
19.151458626162757,0,112850110201
36.908642289602014,1,112850290201
12.710418067406488,0,112850360201
28.531793144939098,1,112850570101
26.72264863187957,1,112850640101
18.649152932321897,1,112860110201
33.830167436804814,1,112860300201
1.8121728046937489,1,112860380201
27.006329088567075,1,112860530301
13.707840254857855,0,112860530302
34.19430098382129,1,112860840201
24.223950929666078,1,112860870201
38.918419551293184,1,112860910201
29.24640314784461,0,112860910202
28.945188601401135,1,112870060201
20.197478966550726,1,112870190201
13.813518718336608,1,112870240201
17.98358353390995,1,112870260201
28.98768731646782,0,112880040201
23.912097254595555,1,112880170101
10.946490278175277,1,112880220101
5.907144846682282,0,112880220102
16.096346598710397,1,112880380101
18.428936173680132,0,112890270201
19.672821283442588,0,112890270202
27.128574087896716,0,112890270203
18.982434702489012,0,112890360201
39.08579548607346,1,112900020201
22.27235760132252,0,112900070201
27.360262003207538,0,112900070202
33.350288549687555,1,112900140201
39.90198304179171,1,112900260101
29.236375745700446,1,112900290201
13.768374702341122,0,112900310201
15.02831094160726,0,112900390101
22.270671247112347,0,112900390201
22.597287497409532,0,112900480201
11.786034859482454,1,112900530201
30.747816730726477,0,112910080201
39.78493355203333,1,112910080202
34.240407317576164,0,112910080203
32.84712156128069,0,112910080204
22.821199710638886,0,112910260201
35.833103058927065,1,112910280201
34.266874987844105,1,112910280202
33.32158723051662,1,112910390201
34.6354714879481,0,112910440201
38.32606094881976,0,112910470101
34.86784305866513,0,112910520201
4.609098450000936,0,112910650201
39.128186174394926,1,112920020201
35.71396621356451,1,112920020202
25.94896394411385,0,112920060201
39.12513362720601,0,112920110201
31.867865178235945,0,112920110202
35.99857402926258,1,112920110203
52.547247794352884,1,112920150201
41.96058898761693,0,112920200201
32.24658406851423,0,112920200202
18.59353255374261,1,112920330201
16.77490807407151,0,112920330202
25.262655268954113,0,112920380201
31.14901026491023,1,112920380202
24.046234717501783,0,112920380203
19.142185998128884,1,112920420501
43.712231077350324,1,112920470101
33.70891224420023,0,112920600101
41.807715763036576,1,112920650101
29.932154063293897,0,112920650102
28.73853912802023,1,112920690101
34.02509674425858,0,112920730201
32.562031213495295,0,112920780101
54.87198423713938,1,112920780102
12.014051556555884,0,112920820201
32.87350716532212,0,112920910201
32.07231413369262,0,112920910202
26.4656145348085,1,112920960101
22.443661495367987,1,112920960102
28.942539657098237,0,112921000201
33.92373910710975,1,112921000202
42.542297864049544,1,112921050201
46.28970103707191,1,112921090201
34.96557892434804,1,112921090202
24.877907204073477,1,112930020201
18.90242328179558,1,112930080601
38.050498182723835,1,112930100201
41.44666163185019,1,112930100202
38.50289091920075,0,112930100203
22.687717573133327,0,112930120401
28.822064189576327,0,112930120402
27.73660284545762,1,112930120403
25.348562057847335,1,112930160201
34.16818133132532,0,112930490201
34.71573542197589,1,112930490202
19.425248251408004,1,112940070201
25.270678501489442,0,112940100201
45.40139123459008,1,112940250301
15.435479818541339,0,112940280201
42.9511477379993,1,112940310201
24.591036751797706,0,112940400101
20.969603424896654,0,112940490201
26.74968192017484,1,112940540201
35.2829638490813,1,112940540202
18.79483717820403,1,112950150201
45.95647362009328,1,112950180201
18.63972422812946,1,112950210201
25.793655814887327,0,112950210202
23.237261089848992,1,112950240201
28.387455685708836,0,112950330201
22.339531719873687,1,112950360201
40.52354823164011,1,112950700201
28.592619886899943,0,112950730301
30.19180900433059,0,112950760201
32.77080878944817,1,112950760202
28.027706400120632,1,112960070201
41.10771923809374,0,112960140201
47.30757576731406,1,112960170201
43.509655554056685,1,112960170202
13.857451143575211,1,112960270201
17.073709427078775,1,112960270202
20.882135709346326,0,112960300201
35.57832529816062,0,112960400201
27.67383387641625,0,112960430201
32.91847036628908,1,112960430202
31.001253325546788,1,112960500201
30.903628912155984,1,112960500202
35.50931947979504,1,112960560201
40.589360104284886,1,112970010101
35.404958256102006,0,112970010102
43.24607684856598,0,112970030101
55.560085375715325,1,112970060201
19.255655735796793,0,112970080201
49.5468742114805,1,112970100201
45.29807218808929,0,112970150101
44.30176190842475,0,112970150102
24.78989106321677,0,112970150201
41.898789173759965,1,112970170101
24.270811303207722,0,112970190101
40.81232493371472,0,112970280201
47.032065627971676,0,112970330101
14.952228285421606,1,112970440101
22.32471836209617,1,112970490101
20.188495097316956,1,112970490102
28.472242920255233,0,112970510201
39.99062917656456,1,112970560101
40.31378903608202,0,112970560102
35.666270171774144,1,112980020201
28.93035403732951,1,112980020202
22.280864173313876,0,112980020203
56.17012309740057,1,112980030101
30.228695676983993,1,112980060101
37.15968642589817,1,112980070201
36.15827610013558,0,112980070202
42.2778300743103,0,112980130101
33.82368440941179,1,112980200101
34.340117490710576,1,112980200102
35.37790515787371,1,112980210201
49.6453483583808,0,112980280101
52.00248096886983,1,112980310201
31.06514060651231,0,112980330201
29.407943479688154,1,112980340201
23.052772382327653,0,112990560201
31.567399215804908,1,112990630201
17.189788936617912,0,112990710201
21.868267170794546,0,112990710202
28.549815717702746,0,112990860201
24.748436381075745,1,112990860301
25.866686440521473,1,112990860303
21.189739098185715,0,112990900201
32.05268519796598,1,112990900202
23.336222359683678,1,113000030201
40.113788486052044,1,113000200201
39.77806913492197,1,113000200202
24.600611947224,1,113000270201
28.28855229337462,0,113000370201
26.01305691677093,0,113000370202
3.2774432409247742,0,113000400201
50.0772275582419,0,113000470201
19.162467911303487,0,113000540201
25.36607948597862,1,113000540202
20.092074676211823,0,113000570201
32.81694457699772,1,113000570202
27.964858773106602,1,113000670101
32.53231750983687,0,113000740101
20.494790813845874,0,113000770201
24.808328554758678,0,113000800201
28.104612487040995,1,113000800202
31.095157185725807,0,113010210101
15.702706643776263,1,113010210201
14.300609894802257,1,113010280201
27.212869853896123,1,113010590201
38.777108505550316,0,113010660201
35.70141908720643,1,113010660202
25.86806975266888,1,113010700101
26.333460950358155,1,113010730201
35.653107436958095,0,113010770201
34.119176154202876,1,113010840101
39.908467127189056,0,113020280201
25.700843493920377,0,113020440201
33.59663019248414,0,113020440202
24.187769114389763,1,113020480201
46.97370349472927,1,113020650101
27.468871188451402,0,113020690201
52.65908423968088,1,113020730101
19.477622173922192,0,113020770201
31.421239067362816,1,113020770202
27.13010349665525,1,113020810201
36.00634642685467,0,113020940201
45.457855135183074,0,113020980201
48.29232335133325,0,113020980202
19.25909494895487,0,113030180201
11.150413852407274,0,113030810101
24.140600637027827,1,113030960101
28.95340585204432,0,113030960102
20.858275800868043,1,113031110201
20.389547869410993,1,113040860201
29.0192576542606,1,113040910201
17.471775082381484,0,113041030201
23.442647196948116,0,113041140201
19.486163890408935,1,113041430201
23.74615900343875,0,113050010201
10.718493366141617,0,113050280101
24.733165442391236,1,113050710201
19.972300497441726,0,113050710202
32.57381435656512,1,113051200201
31.0897742292239,0,113051200202
36.074015406929156,1,113051310201
20.023449468167833,0,113051310202
32.090874775407215,1,113060110101
29.668501716133218,0,113060110102
15.80048739126896,0,113060150201
36.62610203187276,1,113060200101
16.379813657082778,1,113060340201
13.880720599944915,0,113060340202
31.604745831481733,1,113060400101
19.20438186001363,0,113060470101
27.703581466916063,0,113060500101
21.465806368030115,1,113060540201
14.078077427425459,0,113060560201
14.464645964611858,0,113070450101
17.82417052781195,0,113070490301
9.68523341732919,0,113070820201
22.644357453695623,0,113070900201
17.848411089350513,0,113070900202
16.446952294056636,1,113070980101
17.569875083340374,0,113070980401
24.815797745915035,1,113071020101
17.357291606622514,0,113080070201
28.01819628989267,1,113080070202
27.725409253423944,1,113080160301
19.877615332676434,1,113080320201
32.34124478252339,1,113080390201
26.603265966032623,0,113080420201
41.66117673876929,0,113080580201
21.73134185385978,0,113080670101
17.827997285417183,1,113090050201
12.470056907781636,1,113090160201
18.271092394241013,0,113090240201
26.969903815145823,1,113090270201
29.128367853909385,1,113090310201
14.167017736995625,1,113090650201
10.778552758288638,0,113090650202
16.650805817705045,1,113090680101
24.07959300005281,1,113090680102
10.182599892552759,0,113090790201
15.641201479500992,0,113090790301
17.70063037604288,0,113090870101
31.299582021289066,1,113100090201
27.46663245182941,1,113100280201
8.701720675114178,1,113100430201
19.35738221346716,1,113100460201
19.679009602340578,1,113100590201
20.86115947483397,0,113100590202
13.59778122593174,1,113110300201
24.62908775211789,0,113110460201
22.516642034350344,1,113110530201
15.660688598393344,0,113110570101
24.020027540682452,0,113110650101
15.177950873206253,0,113110760201
25.986040244524425,1,113110870201
21.943745971617883,0,113110870202
20.09120065533008,1,113120180101
28.501330243502338,1,113120390201
16.145816918121678,0,113120420201
38.48036120201601,0,113130110101
50.75784176645543,1,113130230201
21.032545418799213,0,113130260101
19.26394119087915,1,113130290101
22.750151872647468,1,113130290102
29.543999605722686,1,113130380201
33.03675696397113,0,113130380202
44.807741174994646,1,113130470101
54.677777752772116,1,113130590201
20.113910976582716,0,113130710201
19.53806212520221,1,113140040301
13.330811245093344,0,113140100201
30.96784720071924,0,113140170101
27.361661294715166,1,113140240201
12.313471548082603,0,113140340201
16.849998161207203,0,113140470801
34.14018648411913,0,113140640201
28.878778099280055,0,113140670201
26.09540721855425,1,113140670202
28.862269006556012,1,113140780201
33.34981184740313,0,113140780202
38.05306915906502,1,113150080101
12.579342967649236,1,113150120201
28.812605300152317,1,113150210201
24.359768424722276,1,113150240101
15.095881749598151,0,113150360201
18.52636859930491,1,113150390201
31.719817640307618,1,113150420201
30.867598870723473,1,113150450201
31.414895890262255,1,113150450202
20.266405367750725,0,113150540201
9.2917548519213,0,113150600201
43.947403215178824,1,113150630201
17.928987180308766,1,113150720201
20.369597755660738,1,113150720202
18.194111694264684,0,113160040201
25.454761690222007,1,113160190201
16.26111381194017,1,113160530201
10.272933543647017,1,113160530202
21.680618171902687,1,113160580201
12.633855128597222,1,113160980201
40.32191266310191,1,113170130201
14.360604909102525,1,113170230301
8.198992250407315,0,113170450201
7.907423003761439,0,113170730501
16.052198791975577,1,113170860201
34.071942187770624,1,113171050201
34.948817707158035,1,113171050202
19.398266495674388,1,113180140201
18.50838477744086,1,113180140202
7.888824274384105,0,113180640201
17.69730229233772,0,113180790201
30.856948407484616,0,113181050201
23.466086924769527,0,113181150201
20.00881387025695,1,113190070101
17.973552701244753,0,113190110101
21.26419211038205,1,113190110102
36.04543090527686,1,113190180101
31.552980647942142,0,113190180102
24.448952071969426,1,113190340101
29.307861685992073,0,113190410201
27.814512792106413,0,113190600101
14.05968535494449,0,113190790201
4.966076556644472,0,113190790202
19.798364503049232,1,113200040201
20.50851073430983,0,113200040202
19.684832420049762,0,113200440201
9.822421770327777,0,113200520201
12.375446799713457,0,113200700201
38.8277490883253,1,113200920101
20.25218654021363,0,113201000101
21.9575618113606,0,113201050201
38.908018280492996,1,113201090201
29.779011898374748,1,113210130101
26.714318914266727,1,113210200201
4.011961869704126,0,113210260201
21.164321833435725,0,113210330201
15.191757810292573,0,113210560201
20.50439303468977,0,113210560202
26.71077692060878,0,113210590101
18.49874922031489,0,113210660201
15.934712935135009,0,113210660202
18.545040280892785,1,113210690201
17.77117534483755,1,113210790201
12.40616978636856,0,113220510201
20.91860219453237,1,113220510202
36.08931773122584,1,113220550201
27.54065939236808,1,113220550202
39.06729590732952,0,113220710201
31.798918558315854,0,113220710202
28.08425108748577,0,113220710203
28.870133666498283,0,113220830201
31.11578358705854,1,113220970201
26.0604120705979,0,113220970202
25.523291373376388,0,113230030201
18.7469267607976,0,113230550201
44.67474847677678,1,113230650101
30.68805299602117,1,113230730201
10.121234971260982,0,113230770201
31.93608020425077,1,113231030201
19.173898232554173,1,113231150101
-0.29481225053097715,1,113231200101
21.18683419091105,1,113231270101
36.73735169808508,0,113240040101
31.907917808048047,0,113240060201
34.48515551264612,0,113240090201
34.81900529490248,1,113240090202
21.91025212415421,0,113240090203
40.441091736876,0,113240110201
16.265148266726786,1,113240160201
31.078954916335924,0,113240180101
23.82204650645558,0,113240180102
18.414131401324408,0,113240210201
12.699574319628724,0,113240210202
35.33010519801476,1,113240280201
29.046475164655742,0,113240280202
5.909663998149788,1,113240300201
8.428225966315754,0,113240300202
31.640565186951754,1,113240330101
35.011218155249665,0,113240330102
13.858444123279476,0,113240370301
18.890542453355444,1,113240400201
15.037942646641643,0,113240400202
23.257026952478014,0,113240420201
19.057661264162263,0,113240420202
12.861323446490438,1,113240450201
8.349749607479605,0,113240450202
21.092031614427707,1,113240470201
8.659931087434313,0,113240470202
21.318958664627083,0,113250050101
23.394579281434183,1,113250050201
34.58083119280084,0,113250080201
25.68411330535834,0,113250080202
32.82146416656653,1,113250150201
27.815731086100904,0,113250150202
35.74524671374585,1,113250430201
25.38487676486566,0,113250460201
34.55110378003903,1,113250490201
15.223872093465285,0,113250550201
24.634158215912457,0,113250580201
14.76567827520405,1,113250630201
19.150908673225892,1,113250660201
32.993549497215945,0,113250730101
28.69319299723269,0,113250730102
20.606297086179048,1,113260030201
17.02559005543827,0,113260420201
11.323084250685167,0,113260480201
33.19707075216006,1,113260570101
30.67557886960796,1,113260690201
21.64172083585666,0,113260720201
23.4484143261057,1,113260720202
23.090714337600218,0,113270040201
33.25517494583069,1,113270130201
31.396570411944595,1,113270130202
34.066529430123225,1,113270390201
39.676264180776165,1,113270390202
16.63479828805805,1,113270750301
33.876340797443994,0,113270790201
37.0260190425987,1,113270920201
20.10080011151406,0,113271100201
21.98645019275127,1,113271100202
39.6817907440138,0,113280450201
26.08281789058898,1,113280860201
33.544775452479655,1,113290030201
27.000452184480327,0,113290110101
28.407952008350804,1,113290200301
28.354360593172487,1,113290240201
28.81183584470931,0,113290360201
33.82296182260709,0,113290520102
27.247415698064525,1,113290680101
22.389784308695386,0,113290770101
22.77913509259116,1,113290770102
40.65876642796802,0,113290890201
25.178708337510503,1,113290930201
37.03919117176946,1,113290970101
32.8035366782975,1,113300020201
22.79538703241266,0,113300060201
23.475823253883583,1,113300060202
31.93538419700986,1,113300090201
25.280165998706302,0,113300280201
24.218561572404266,0,113300360201
18.57982780054973,0,113300390201
22.269800804116283,1,113300390202
14.765260246460166,0,113300610201
13.723374847235952,0,113300610202
22.896835321921703,1,113300680201
44.24096163013778,0,113300820101
41.070567241108755,1,113300820102
21.798133308455583,0,113310040801
30.59202630175731,1,113310040802
45.80545648588284,1,113310080201
31.043161532133944,1,113310210201
26.52114517206459,1,113310210202
21.992886766294554,0,113310530201
30.548013798171816,0,113310570101
24.303650856581974,0,113310610201
17.561160974793005,1,113310610202
14.117765151248797,0,113310740201
19.038971412150676,1,113320030201
19.482332773778154,0,113320030202
19.721606775551624,0,113320030203
27.838430415619968,0,113320200201
26.6834258825431,0,113320200202
22.158958295864252,1,113320220201
18.115763337452655,0,113320220202
25.141194718589393,0,113320230201
20.498337802091694,0,113320250201
17.578308301610004,0,113320250202
18.764147371278238,0,113320260101
29.655696101298766,1,113320260102
35.848536308637094,1,113320280101
30.631662422990413,0,113320280102
32.63226573656574,1,113320300201
27.22948307213375,0,113320300202
16.141435182322805,1,113320330201
35.31991189978437,1,113320370101
45.664657767485465,0,113330070201
45.707582898444,0,113330070202
11.986024521984978,1,113330190201
27.147824729573017,0,113330210201
41.502695835456564,1,113330210202
27.322556742034394,1,113330240201
13.947541326976678,0,113330260201
16.20547758981922,0,113330280201
16.67965696279002,0,113330310201
17.757998378724633,0,113330310202
12.382993885420433,0,113330310203
31.96967309825184,0,113330330201
32.83462814435897,1,113330380201
21.395928064590777,0,113330380202
32.909552090840826,1,113330450201
25.86197010257653,0,113330450202
41.37311337678189,1,113330470201
24.570154048947625,1,113330570201
29.581944367264118,1,113340010301
19.481032552719675,0,113340040201
21.88240769513475,1,113340040202
30.76194899726151,1,113340100201
30.055097368530163,0,113340100202
31.61301593143958,1,113340150201
22.476849533047638,1,113340150202
29.494597167976625,1,113340170101
23.630629183083254,1,113340310201
25.707828071971,1,113340310203
21.426965166002944,0,113340360201
20.371548414734008,1,113340400201
23.445339691598445,1,113340400202
24.54746074101137,0,113340450301
38.32906466702326,1,113340450302
27.397030548418417,1,113340450601
31.04842378370757,0,113350020201
23.60079295450418,0,113350020202
35.204840408694935,1,113350110201
19.378297767575944,0,113350130201
40.9234347276811,1,113350250201
5.909710442748646,0,113350500101
11.138927384203424,0,113350530301
23.18680194135543,1,113350590201
20.898332093176666,1,113350590202
30.177663513539642,0,113350620201
27.09036961251605,0,113350620202
29.091194160999734,1,113350650301
27.649165892300818,1,113360010201
41.77796280824043,0,113360060201
42.211977524846965,1,113360060202
31.63894944819832,1,113360190301
27.347285639082706,0,113360190302
39.64541881029929,1,113360230301
28.419473645208456,1,113360280201
18.68312446068825,0,113360280202
22.250734946966084,1,113360750201
18.579765703038248,1,113360800201
48.55643439136947,1,113360840201
31.13977846774902,0,113360970201
18.574049351579106,0,113370040201
32.85432786032714,0,113370050201
14.830232725299021,1,113370110201
14.193796136111727,0,113370110202
16.520819116268846,0,113370160102
33.48640866138356,1,113370190201
31.9207813020821,0,113370290201
13.88687504337817,1,113370300501
32.17991181854235,0,113370320201
29.597837117227215,1,113370330301
31.95044955156939,0,113370350101
10.271932319366028,0,113370350201
15.91104865122805,1,113370360201
14.207900768931207,1,113380450201
6.073014330405473,1,113380450202
13.681354909368443,1,113380670101
27.443773445308278,0,113380710201
31.917523862204636,0,113380860201
20.285488415109292,1,113390010201
12.85534418131008,0,113390050201
29.4374572131598,0,113390100101
23.061635620264045,0,113390100102
36.33374492944468,1,113390150201
24.053865747570747,1,113390150202
30.684470126240047,0,113390240102
34.54749509222743,1,113390430101
34.270556772317335,1,113390430102
41.265228818680136,1,113390480201
37.672346794645456,1,113390480202
9.684635998457118,0,113390570201
27.345836695212714,0,113390670201
34.314783511825134,1,113390670202
36.21933417583317,1,113390720201
11.172473159513808,1,113390810201
44.13481952945257,1,113391000201
22.4097381959121,1,113391140201
12.782358749095945,0,113391140202
20.482646448393858,1,113400040201
33.764877095932476,0,113400090201
45.34743684340578,1,113400090202
13.246356579135602,0,113400240201
7.117246248355836,1,113400240202
10.706059655695572,0,113400290101
30.06849143744193,1,113400390201
31.931982447794176,1,113400390202
17.524322378072842,0,113400490401
39.358692774558925,1,113400590101
40.0626704356643,1,113400640101
34.31981562836936,0,113400690201
6.967240260860437,1,113400740201
7.225385396047163,1,113400740202
8.542373867805631,0,113400790101
25.482581449953155,0,113400890101
21.793407112559066,0,113400990101
13.854564876877461,0,113401090201
32.42264590426727,1,113401140201
20.17055084649117,0,113401240801
33.428667868184235,1,113410060101
20.49777260639386,0,113410090201
41.15695102835783,1,113410130201
23.134561337343484,1,113410131201
13.677475153873054,0,113410131202
40.46248195315366,1,113410160201
30.646362272812205,0,113410250201
39.081736916981264,0,113410320101
46.55790581972761,1,113410410201
32.77378025910827,0,113410440201
40.478381092598354,1,113410440202
37.37641207838009,0,113410440203
13.127118526619135,0,113410470201
28.915567292127356,1,113410510201
41.501056903561846,1,113410540201
26.35859999275814,0,113410540202
25.058565118081187,1,113410570201
24.753637716989626,0,113410570202
17.44385634285107,1,113410630201
23.696174604847684,1,113410630202
32.0099231016877,1,113410660201
30.08632540606651,0,113410660202
45.510868057292434,1,113410700201
40.110851498968465,1,113410700202
23.991309954542213,0,113410790201
23.910429139050272,0,113420900201
9.400503268725409,0,113420900202
23.926668982702655,1,113421100101
9.20099608733055,1,113421140301
10.438139761387495,0,113421330101
27.23155303958914,1,113421330102
32.172880587859915,0,113430010101
32.22960163739498,1,113430190101
8.02210110595289,1,113430360201
24.993896469280283,0,113430390201
29.84139556575448,0,113430390202
26.805852393072172,0,113430460101
15.434779620346527,1,113430490301
13.322518287700582,0,113430520201
23.608651359145295,0,113430670201
27.610186998882636,0,113430730201
24.18152629197562,0,113430790101
18.075647134085866,0,113430810201
8.951768698635384,0,113430830201
9.052315864104482,0,113430900201
17.572136520367252,1,113440300201
21.62751556116292,0,113440300202
30.621822740360972,0,113440320201
36.204130895420576,1,113440580201
31.326216510707482,0,113440600201
34.70681121284951,0,113440600202
13.329736814361704,0,113440660201
23.457615733805234,0,113440690201
24.607340006125142,1,113440730201
2.974818244641014,0,113450340101
46.07035403869899,1,113450380201
35.999581999856204,1,113450500101
37.349399698933986,1,113450650101
30.189716171621257,1,113450650102
21.60166630324644,1,113450690101
28.674092279230756,1,113450850201
31.247084899668817,1,113450890201
32.57543135000765,1,113451040201
16.360158471791234,0,113460270201
21.74414436745351,1,113460390201
30.158107654362468,1,113460780202
34.31890423849044,0,113460780701
13.799675724411118,0,113461160201
12.296041632868679,0,113470060301
25.606451463216008,0,113470190201
12.77410086865261,0,113470770201
18.211673578587813,1,113470860101
26.396930477447892,1,113470910201
23.785782452180662,1,113470970201
11.841042323974591,0,113471200202
34.627221725151706,0,113471210101
32.653116489898906,0,113471210102
37.231402358794504,0,113480020101
26.46138902783022,0,113480060201
22.51571101138382,0,113480080201
39.25690430410741,1,113480120201
39.443004580158,1,113480120202
18.60445035042265,0,113480160101
19.011659211860383,0,113480160102
12.35572298575288,0,113480200101
13.860245037136092,1,113480200102
40.975257566164736,1,113480220201
25.293994215990644,0,113480220202
59.84758383273316,1,113480240201
53.378208806775284,1,113480240202
41.165413472627904,0,113480260201
42.886311045950976,0,113480280201
32.85914049811541,0,113480320201
47.34424603462062,1,113480320202
12.03549529607593,0,113480360201
34.279593191031466,1,113480380101
33.58596809412877,0,113480380102
28.75573829555173,0,113480400201
31.15739762045706,1,113480400202
55.4274881615062,0,113480420201
41.72872956001115,0,113480460201
48.66382238505274,1,113480460202
26.53296686887249,0,113480480201
25.73991077778338,0,113480480202
40.95180978382056,1,113480480203
46.911129050899795,0,113480500101
49.247396629488094,1,113480500102
49.68984642679163,0,113490010201
56.22441862042958,1,113490010202
37.92420279219986,1,113490030201
38.974409006099386,0,113490030202
34.886264206047336,1,113490030203
35.64225340214345,1,113490050201
21.409639021218403,1,113490050202
31.45244726418963,0,113490070101
35.23435536451001,1,113490070102
31.155170223852135,0,113490090201
47.03753341218877,1,113490110201
42.44711899627869,1,113490110202
43.49450648022664,1,113490130201
19.91222546325145,1,113490130301
41.96571622813831,0,113490140201
12.34256477140358,0,113490210301
20.776826256833115,0,113490210302
31.798456374868284,0,113490300201
35.31733213569456,0,113490380201
38.24207199372264,1,113490380202
31.05621428873457,0,113490380203
46.476625393080255,1,113490400201
23.232843957647844,0,113490440101
26.85462879751017,0,113490440102
31.80353125014698,1,113490460201
17.302320864898483,0,113490460202
12.624407417361866,0,113500020201
28.146599644964326,0,113500110201
45.623532915269585,1,113500110202
27.677527382142923,0,113500130201
51.34487735826521,0,113500190101
46.58106376056012,0,113500190102
41.48307930266477,0,113500210201
34.60967582793865,0,113500240101
34.357144351734185,0,113500280201
44.37101768908276,0,113500330201
36.40510578101372,0,113500330202
6.448363143137156,1,113500370101
19.39331119436248,1,113500370102
33.3604011367605,1,113500390201
23.897640312084867,0,113500390202
30.9869555652533,1,113500460201
40.684815524210634,1,113500490202
16.170863843478713,1,113500540101
30.704220050284228,1,113500570201
39.26029794465832,1,113500590101
19.527115899920496,1,113500650101
16.69783893154756,1,113500730201
20.971443686726715,0,113510020101
21.24835155984551,1,113510140201
20.204078720576092,0,113510140202
12.527852373544924,0,113510950201
14.00917831854451,1,113510950202
27.28396573219316,0,113511060101
49.370610400927575,0,113520040101
41.527400652738,0,113520090201
46.85663667349115,1,113520110201
33.01210032214275,0,113520110202
38.22214186647171,1,113520130201
25.079413121650138,0,113520130202
30.554468488167092,0,113520170201
27.328171756621394,0,113520170202
35.334898261712354,0,113520310201
39.06942779695093,1,113520310202
55.08726811822803,1,113520330201
17.74230467844638,1,113520360201
20.43997292124955,0,113520360202
24.164847000006947,1,113520390201
18.455093941694333,0,113520390202
25.88996632577631,1,113520410201
19.650793265952405,0,113520410202
15.482097531155041,0,113520450201
10.96959639732928,0,113520450202
45.74457720682563,1,113520520101
37.10886517169754,0,113520520102
37.4025505465133,1,113520570201
35.490773219492866,1,113520570202
31.2561961935938,1,113530010201
17.795358712917945,0,113530010202
30.95764926408311,0,113530050201
33.745379744047035,1,113530050202
29.297818329006603,1,113530100201
33.10665525636625,1,113530140201
28.37645961522392,1,113530140202
35.24493022190092,1,113530200201
30.285676979656646,1,113530250201
24.87147560906997,0,113530250202
27.56278417749967,0,113530290601
37.208538511966964,1,113530290602
40.033409145022866,1,113530390201
39.00313487107095,1,113530390202
28.16669262353571,1,113530480101
30.288216178244184,1,113530570201
20.707365433986933,1,113530570202
30.45284586301766,0,113530610101
38.56314212360918,0,113530610102
29.832401007676555,0,113530670201
32.810395724858424,1,113530670202
47.35637383553854,1,113530710101
16.082182232222472,0,113530840201
20.313686038191257,0,113530840202
42.981675729071725,0,113530970201
25.46478937649894,1,113531060201
26.30766322762919,0,113531110201
27.405526032857267,0,113540090201
38.35667706220343,1,113540200201
28.187312471365512,0,113540200202
23.331574862638718,1,113540250101
27.260739660350477,1,113540300201
23.778109285833274,0,113540300202
15.648864736802414,0,113540360201
34.548452202771315,1,113540410101
29.844272657799504,0,113540410102
38.04639834279027,1,113540620101
40.99176809872548,1,113540720201
47.32837474403248,1,113540830201
48.29579194824529,1,113540830202
37.75430060311695,1,113540990201
34.68407621019891,1,113541040201
45.42253722568827,1,113541090101
37.85331697282504,0,113541090102
18.084628444722682,0,113541250201
29.21232101407324,1,113541250202
21.40831640686811,1,113541300201
18.396406809773648,0,113541300202
15.391915838268336,0,113550110201
26.440955306130427,0,113550280201
23.451042518875244,1,113550400201
30.77293207924327,0,113550400202
48.87898931012798,1,113550490101
24.017907713460502,1,113550490201
34.881717869504854,1,113550560101
11.082148254089546,0,113550560601
20.64845561913892,1,113550840202
19.899269271981414,0,113550910101
22.72700541523216,0,113550960201
17.239405889403198,1,113550960202
19.553982791895326,0,113550960203
23.00244741007205,0,113551030201
31.611943343580332,1,113560140101
25.697611181400966,1,113560140102
25.253319307977335,1,113560140103
21.37015320108274,1,113560170101
25.701869188137398,1,113560170102
30.878204021896984,1,113560490201
30.798726985499364,1,113560530201
34.57868015785406,1,113560610201
32.30427765248232,1,113560610202
29.98821483718056,1,113560760201
33.82292413612506,0,113560760202
50.26631696708784,0,113560790101
44.31603204380311,0,113560790103
34.37220229598888,0,113560820101
28.76374319118012,1,113560880201
14.610810757694642,0,113561060201
19.631107277676044,0,113561060202
30.426907247810973,1,113570120101
26.07414653037314,0,113570120102
23.121033607333537,0,113570300201
22.249120317774555,0,113570300202
22.412579359422402,1,113570350201
17.71726136919116,0,113570350202
19.480092801513038,0,113570400201
28.108840271320627,1,113570570201
23.623509419217093,0,113570870201
23.078491524605326,1,113570870202
26.23379017901188,1,113571050201
25.146817867809798,1,113571050202
25.119181499250995,1,113571190201
8.296734123412127,0,113571240201
22.4318181666523,1,113571240202
28.51800364108622,0,113571350201
10.65689933457311,1,113571420201
18.321120911098927,0,113571420202
23.995458681837125,1,113571420203
19.182154148834446,1,113580480201
16.62285860728688,0,113580480202
35.48525308254136,1,113580510101
28.405919538508854,0,113580510102
35.640334699299245,0,113580510201
44.22766133074652,1,113580510202
22.1945664353992,1,113580560101
31.57959865353316,0,113580630201
20.018203198320304,1,113580700101
26.72622498810491,0,113580960201
24.776485597927135,0,113580960202
20.72748896792336,0,113590170101
31.32665115749282,1,113590360201
30.297616152608583,1,113590400201
13.645851532436996,0,113590400301
24.82399414520883,1,113590510101
27.949240439260883,0,113590590101
14.425600060329772,1,113590920201
25.658267902509657,1,113590920202
23.599033245664334,0,113591220201
34.2879357639713,1,113591260101
28.05131064524578,1,113600030101
0.6363639619387804,0,113600030102
32.93571172461044,1,113600060201
39.05804814467554,1,113600060202
52.913919753155284,1,113600110201
36.659490067798785,1,113600140201
37.97640427564305,1,113600140202
40.226298108224036,1,113600170201
30.824120740351482,0,113600170202
30.79076488522483,0,113600170203
22.199092115305934,0,113600230201
45.108956139402046,1,113600280201
25.162183112664273,1,113600310201
16.29168496979246,0,113600310202
24.465150411464244,1,113600340101
43.313536409517674,1,113600370201
23.844865257264996,0,113600450201
37.14804407059487,1,113600450202
45.60672543006683,0,113600480201
5.988726632881958,0,113600480401
29.270921872963584,1,113600570201
26.78293999057697,1,113600570202
22.263796742491106,1,113600600101
39.529392438242986,1,113600680201
37.32922498965642,1,113600710201
23.474547210459217,0,113610020201
25.925793768996773,1,113610020202
17.324368910215018,0,113610210201
28.08867174753446,1,113610310201
24.06344097019694,0,113610350201
15.145641567208873,0,113610350202
53.50810378760266,1,113610450201
47.910568387681344,1,113610500101
25.573026832604416,0,113610550201
35.64893547258185,1,113610550202
35.045411865974145,1,113610600201
24.683158515923488,0,113610600202
25.069345804401557,0,113610700201
21.050411274313287,1,113610740201
18.973059218723414,1,113610740202
30.604466715171107,1,113610800201
23.743438628844125,1,113610800202
54.102015138652455,1,113610850201
42.16413057468515,0,113610850202
37.25618580419598,1,113611080201
20.432329494360694,0,113611130201
30.74185075903992,1,113620050101
21.440542254257707,0,113620050601
31.599222293697775,1,113620050602
23.70003042635407,0,113620100101
20.121080838418784,0,113620100102
13.387031960130063,1,113620200201
17.755688580496475,0,113620240201
25.707668444861415,1,113620240202
16.672124204767393,0,113620280202
50.025699088492594,1,113620320201
47.27487846604247,1,113620320202
41.3272668386021,1,113620370201
31.509094651801306,1,113620410201
28.564498551768047,1,113620410202
23.09799216861105,0,113620430201
34.04610518374633,1,113620480201
23.423923969883838,0,113620480202
31.9180642293923,1,113620480203
38.78913595129942,0,113620540201
15.449326192617173,0,113620570201
30.82124824987987,1,113620590201
15.895074478530098,0,113620610101
22.751072238414626,1,113620610102
14.978328376017515,0,113620640101
35.230965506416624,0,113630150101
16.124521716816165,1,113630150201
10.096082919127259,0,113630190501
18.161828676235558,0,113630230201
27.759237986655517,1,113630230202
18.4048972095554,0,113630280201
25.444992449601145,0,113630300201
17.901644971480362,1,113630380401
23.22522893525918,1,113630450201
35.32290522429264,1,113630470201
27.723517405705202,1,113630490201
38.77532768938011,1,113630490202
32.11492864489211,0,113630510201
34.05356279393704,0,113630510202
9.950127109511698,0,113640050501
17.583067172221565,1,113640080201
19.069816617504944,0,113640110101
29.065356485049332,1,113640110102
16.18354575170694,0,113640150201
14.89239974581318,0,113640180201
9.46594099356781,0,113640180202
28.8679398283337,1,113640210201
21.102121290626695,1,113640310201
17.59453387629736,0,113640310202
24.798073273702364,1,113640310203
36.224963761610454,0,113640390201
23.46145514243712,0,113640390202
21.081918899021293,0,113640390203
21.256163498348247,0,113640450201
38.12599948160757,1,113640530201
19.4969325630826,0,113640570301
22.204899446080596,0,113640570302
20.65709878172824,0,113640570303
42.71186542750334,1,113640610101
29.0797811230253,1,113640710201
28.399317260777195,0,113640740201
34.55084302777904,1,113640740202
24.428098333888432,1,113640780201
13.724569434685975,0,113640780202
19.106902857051487,1,113640820301
32.23555448718319,0,113640860201
17.077564164590232,0,113640860202
22.135965106964864,0,113650040201
23.932388285928088,1,113650040202
26.32270556203958,0,113650070201
37.139743115939034,1,113650070202
28.030462854672038,0,113650070203
33.43034569823989,0,113650140201
24.028511390874602,1,113650240201
22.645577069862334,0,113650340201
24.251239865684,1,113650370201
19.37864552404938,0,113650370202
19.26622422334911,0,113650370203
16.822216261560417,1,113650390201
18.65051810802927,1,113650390202
32.865654885669855,0,113650420201
29.797404056199884,1,113650450201
22.770072375272804,0,113650520201
23.6424138525517,0,113650520202
30.42774128344635,0,113650520203
20.213071865020495,0,113650560201
25.237716567765087,0,113650560202
38.00736314212043,0,113650590101
31.89478746368887,1,113650620201
12.602644651186147,0,113650620202
22.378350034635368,0,113650650201
22.55625050937469,1,113650680201
18.990427533214127,0,113650710101
18.85480713031981,1,113650710102
43.760621154394336,1,113650740101
22.029953612456744,1,113650760201
18.38088532941892,0,113650760202
36.3823726233872,1,113660020201
20.613370344138524,0,113660020202
48.79654367150024,1,113660060101
38.95692523986229,0,113660060102
34.91002495744867,0,113660140201
16.72935526483277,1,113660180301
18.599937027064215,0,113660180302
30.898707022033786,1,113660220201
45.03517066496711,1,113660260201
26.94469341613007,1,113660380201
20.60826201854301,0,113660380202
21.977510302709927,0,113660420201
14.202300469344184,0,113660500201
20.656159699046622,1,113660500202
28.14826277630296,1,113660870201
28.618600970275136,0,113660870202
47.259119609189085,0,113660950201
46.55616535277918,1,113660950202
6.822582500381997,0,113660990201
49.85583200678517,1,113670010101
24.779383484592916,1,113670120101
15.662495794820135,1,113670140201
23.27602168495966,0,113670390101
42.4957443951286,1,113670390102
24.793598158418927,1,113670410401
45.57650161488198,1,113670540201
21.09108895303167,1,113670570101
24.98400163081835,1,113670570102
22.408746360753863,0,113670620101
15.914612552246634,0,113670640201
16.99782235913161,0,113680110201
23.906177855607467,1,113680110202
10.681493551953281,0,113680180201
37.694397170744544,1,113680830201
19.263112832249735,1,113681320201
17.522136942946183,1,113681320202
20.33442525685688,0,113681390201
14.512089844073008,0,113681390202
33.54935959237117,1,113690040201
20.284914369499866,0,113690050201
37.965288187716226,1,113690080201
28.27712107238508,0,113690080202
44.97375708429646,1,113690100201
17.745772866384453,1,113690130201
15.594140238284224,0,113690130202
20.88311595918757,1,113690140301
22.91535302413667,0,113690220201
28.164330143421097,0,113690230201
19.214801535259006,0,113690260101
28.169293188011043,1,113690300201
24.203507985875607,1,113690340101
28.80926850406778,0,113700030201
23.125626229414387,0,113700030202
35.24098807303031,1,113700030203
17.315798653323654,0,113700070101
28.720799141734663,1,113700150201
18.332812446623997,0,113700150202
33.70704998046715,1,113700190201
36.305110283961966,1,113700230101
41.30437002312314,1,113700230102
22.237448921085573,0,113700310201
29.011338309834574,1,113700520201
27.23093172573809,1,113700560201
21.892450120464755,0,113700560202
33.93531376041981,1,113700600201
25.882237851015795,0,113700600202
51.61627603796817,1,113700630201
13.834495903599265,0,113700710201
35.76175229682071,0,113700850201
30.36345732683502,1,113700850202
8.49951573853121,0,113700960101
27.390296061984056,1,113701000201
19.30831875021406,0,113701000202
14.508975700355908,0,113710120201
32.53967872150637,0,113710190201
21.148133695002837,0,113710250201
25.137972889694698,1,113710250202
23.968519023018747,0,113710250203
27.683492645824302,0,113710410201
25.285890337599312,0,113710570101
38.370094667697984,1,113710630201
25.50663028367137,1,113710680201
14.849253927997227,0,113710680202
17.926435330166232,1,113710680203
20.115103008199252,0,113710760201
14.427694777855791,0,113710820201
25.395655095521413,1,113710930201
24.6595110561978,1,113710930202
25.51153021224129,0,113711000201
47.032592689754026,1,113711000202
12.128119572777623,1,113711050201
32.11160225729796,1,113711160301
29.320860455125327,1,113711160302
16.818536212733424,0,113720020201
20.957571441019063,0,113720020202
40.98691490230304,1,113720050101
37.450607955694466,1,113720050102
29.435893358640644,0,113720080201
6.324590820511576,0,113720110101
20.167239407468106,0,113720110102
19.9656764186385,1,113720110103
28.942997725038186,1,113720140201
18.961578829019217,0,113720140202
17.610298016536436,1,113720220201
20.50779374047533,1,113720220202
12.673309709739495,1,113720220203
34.984642978107644,1,113720280201
22.482619617981452,0,113720280202
47.29379808327961,0,113720320201
22.670863272628118,0,113720360201
33.53933872859601,0,113720390101
43.28472861635856,0,113720390102
11.669232021851052,0,113720390201
22.821159657247602,1,113720390202
38.43978288039486,1,113720420201
39.86514878815244,1,113720420202
13.384841830702781,1,113720480201
21.841156050900032,1,113720510201
26.565164413476094,0,113720540201
35.77904876826045,1,113720600201
49.06123685623737,1,113720640101
42.86746647749563,1,113720640102
43.683516812847074,0,113720640103
37.59037588648355,1,113720730201
33.15632684223054,0,113720730202
20.446885912554926,0,113720730203
45.56062457175966,1,113720790201
12.843463526140164,0,113730030201
16.45362603053665,0,113730070201
21.938194929976838,1,113730070202
29.63341246134786,0,113730150201
19.527546414303046,1,113730190201
21.114438373326482,1,113730220201
12.821313847562875,0,113730250201
27.296761661551198,1,113730250202
20.218312418523176,0,113730410201
24.11280577519987,1,113730470101
23.808222137997433,0,113730580201
43.70737490654484,0,113730710201
16.35894244780946,1,113730800201
37.13763537702265,1,113730820201
30.41743996221701,0,113730840201
36.129513064339875,0,113740040101
43.48877611011734,1,113740040102
27.674573632042524,1,113740140201
36.018217064001824,1,113740140202
40.782907618796855,1,113740200201
28.287294050688317,0,113740200202
37.84585790235837,0,113740250201
51.49346609166062,1,113740250202
48.07865281288884,1,113740250203
30.326744976593368,1,113740250401
29.319879199156844,1,113740360201
25.93626755283248,1,113740360202
21.688779932342044,0,113740710201
17.19344191123939,0,113740710202
18.408246303935574,0,113740780301
18.585143696223874,1,113740780302
18.924979492992573,0,113740780303
22.713573360169605,0,113740830201
47.12737698272042,1,113740880201
31.117697650360014,0,113740930201
49.62590207599352,1,113741020201
35.856752575127665,0,113741070201
37.0025779956566,0,113741070202
26.08912139997965,0,113741120201
23.965110600559882,0,113741120202
29.653696741569412,0,113741170101
29.494747862616734,0,113741170102
34.063805961960654,1,113741170103
16.891091603522025,0,113741210201
22.313829625797684,0,113741210202
8.65725326126338,1,113741340201
26.631574334160607,0,113750010201
20.92907492751877,0,113750030201
25.470518637121906,0,113750030202
22.91990557978935,0,113750050201
20.616953908781326,1,113750060201
15.860800657901464,1,113750060202
26.244278464589737,0,113750070201
13.031187548987466,1,113750150201
14.708711382015908,0,113750160201
15.77311425073432,1,113750160202
37.534977828788556,0,113750190201
22.116968522653377,0,113750210101
18.82750255833612,1,113750240301
26.01501212672201,1,113750240302
44.72027290772928,0,113750250201
39.874478371224825,1,113750250202
14.482459482354543,0,113750280201
30.599930960472673,0,113750320201
33.56368657576358,0,113750330201
29.131734138937677,1,113760010201
34.554228489318334,1,113760010202
29.937608056261322,1,113760030201
28.352482934717134,0,113760030202
38.87885167569484,1,113760070101
37.81167240136068,0,113760130201
33.7949298965472,0,113760180101
29.138435519372837,1,113760220301
38.98741422941828,1,113760220302
56.783244241911326,1,113760250101
49.70175612608404,0,113760250102
28.968728009869878,0,113760290101
31.195944380029257,1,113760290102
35.484137676727876,1,113760410201
31.98002885483731,0,113760410202
34.79991522080869,0,113760470201
38.68077356210986,0,113760470202
9.880484785810118,1,113770110401
18.634587563573795,1,113770140201
20.23411410895306,0,113770140202
20.43842401899473,0,113770290201
28.581173714866722,0,113770420101
14.27904241893086,0,113770450201
19.567761065023998,0,113770450202
38.9947250146937,0,113770550201
36.30745884661114,0,113770550202
39.18499747102041,0,113770550203
31.696365715174224,0,113770630201
35.46045829777438,1,113770630202
24.40938087537233,0,113770660101
35.986723972719695,1,113770660102
26.54158869785475,1,113770730101
29.592000569900176,0,113780040202
4.614602989208587,0,113780100201
32.78978147470531,1,113780250201
29.595469668900652,0,113780340201
41.629786564254864,1,113780340202
27.07343192197173,0,113780380201
29.656114451631296,0,113780510301
29.871745254754156,1,113780510302
23.954658775198304,0,113780510401
26.557820776410733,0,113780510402
41.90574208941021,1,113780560101
43.930027405471634,1,113780610201
41.54902724462028,0,113780610202
40.417393442046,1,113780660201
37.685105713176554,0,113780660203
36.70729368208114,1,113780750101
44.75409689030447,1,113780750102
32.04180872043628,1,113780790101
25.861029917769926,0,113780790102
31.29093525558776,0,113780830101
46.36420211784597,1,113780830102
40.402601516157475,1,113780880101
43.399442131648364,0,113780920201
43.2836659460367,1,113780920202
33.544833597503775,0,113780960201
32.46635650688565,1,113780960202
36.36788436614951,0,113781000101
45.59859718406816,1,113781040201
28.56652895812001,1,113790030201
23.05733211856042,1,113790030202
21.065591280284988,1,113790280201
22.09486679366969,1,113790280202
27.63905022962093,0,113790340101
26.549978796575807,1,113790740301
31.48599328760279,1,113790740302
13.650902068187396,0,113800220201
20.873206972728795,1,113800360201
33.951310570375526,0,113800380201
30.605237923295967,0,113800380202
30.10933768689962,0,113800380203
22.351970279176374,0,113800440201
16.956000122310776,1,113800540102
12.047299920451625,0,113800570101
44.586806441435186,1,113810030201
25.48894989643033,1,113810060301
30.423208521904613,1,113810180101
28.924060822706153,0,113810370201
35.25044213132216,0,113810370202
45.69771988669316,1,113810430101
41.59817938187176,0,113810570101
20.27944584338736,0,113810670201
52.14387882632836,1,113810700201
12.704107503785357,0,113810730201
7.440383288446377,0,113810730202
34.64820206510449,0,113810770201
46.41556072585828,0,113810800201
43.62759217448276,1,113810800202
27.78587914500528,1,113810830201
34.907275598868566,1,113820020201
29.55818936470442,0,113820020202
26.444993636434138,1,113820040101
23.776882343946124,0,113820040102
25.87700800622192,0,113820080201
17.385042396485506,0,113820120201
33.178701136166076,0,113820140201
29.30199776519155,0,113820140202
25.32939689636907,0,113820140203
14.829584889894685,0,113820160201
19.146715583457436,0,113820180201
26.170686362219254,1,113820180202
34.26775224166188,0,113820200201
35.64437892526371,1,113820200202
46.617026252643996,1,113820220101
42.680969803685635,0,113820220102
39.989812983525766,0,113820300101
38.188363771220885,1,113820340101
36.23191524044773,1,113820340102
35.596617953626875,1,113820360201
39.7867902707119,1,113820450101
34.54717750890795,1,113820450102
43.08366380639259,1,113820490201
30.444303962787988,1,113820510201
41.37450016453321,0,113830010201
44.699204571145444,0,113830010202
14.502324403742698,1,113830010401
23.644147946960814,1,113830040101
27.70329013109451,1,113830040102
19.812180715706813,0,113830110201
9.884522174227904,0,113830130401
12.228431052608183,0,113830170201
23.49673475441893,0,113830270101
31.37888264756752,0,113830270102
27.700534233850405,0,113830300101
24.967168430882047,0,113830360101
40.258529043394624,1,113830360102
25.418515170600774,0,113830420201
29.46850923975024,0,113830420202
45.744196015505636,0,113830450101
25.081987145901113,1,113830540301
40.5905276373986,1,113830640101
32.60759098289948,1,113830640102
33.53638771253361,1,113830660202
49.73664333882907,1,113840010601
34.56285672067696,0,113840010602
23.894973855680256,0,113840100201
26.424799348253806,0,113840140201
27.78983431924735,0,113840140202
39.39383648060361,0,113840350201
13.64094610302685,0,113840350301
25.08671236340915,0,113840430201
31.21859497278308,1,113840430202
23.898405704451648,1,113840460201
23.652885047796257,1,113840460202
30.24308147971208,1,113840480201
18.67228924650279,0,113840480202
28.96406957492755,1,113840510201
38.13372990721313,0,113840540201
45.52384845342197,0,113840540202
21.37923843642235,0,113840570201
43.67522071833697,1,113840620101
32.348142632414344,0,113840620102
39.50188768402036,1,113850010201
17.850686635064992,0,113850070201
26.716612206086843,0,113850100201
20.281376607272076,0,113850130601
11.735356233359667,0,113850420201
11.627180628799232,0,113850700201
35.45578632041476,1,113860030201
14.169229310135698,1,113860230301
26.599186962463055,0,113860260201
53.15156368861682,1,113860390201
34.62663785228585,1,113860390301
28.71971146808822,0,113860390302
18.3545314281736,1,113860560201
16.07718026024855,0,113860660201
9.065979989970518,0,113860660203
33.32082202970438,1,113860760201
32.55218412989968,1,113860760202
52.68289833982371,1,113860820201
31.231473511336205,0,113860820202
48.0695188575422,0,113860860201
34.78190211163274,0,113860940102
25.81597165092467,1,113870090201
25.8023554412522,0,113870090202
37.36224150543729,0,113870100201
39.183728302945646,1,113870190201
23.079628733684203,0,113870190202
40.626269887246764,1,113870190203
18.12990638979696,1,113870230201
34.04095910923635,0,113870240201
34.46020054948994,1,113870240202
35.421650940402,0,113870260201
32.587533511166555,0,113870260202
37.31178868696166,0,113870270101
30.51525093654649,0,113870270102
35.425758869136125,1,113870300201
33.134167194959986,1,113870300202
32.19182947827397,1,113870310201
35.248013231657595,1,113870310202
34.403585526628724,0,113880050101
27.999948614586117,0,113880050102
54.5542339168371,1,113880090101
53.69491202549887,0,113880090102
9.374101572522312,0,113880090201
38.007490687000356,0,113880120201
35.125103461855865,1,113880160201
45.141978731653026,1,113880340101
40.86526014446339,1,113880340102
38.37308372828927,0,113880340103
35.92453121685411,0,113880450201
39.36711301068057,1,113880450202
33.200514858591774,0,113880530201
23.92321383775383,0,113880560101
38.815183538801676,0,113880640101
40.63487164135203,1,113880640102
37.458722483105575,1,113880740201
45.578129543061635,1,113880780101
27.562389954650918,0,113890230101
21.551891971008498,0,113890230102
15.167424069053073,0,113890260201
22.14934346432319,1,113890280201
20.397986612229285,1,113890430201
21.744643272972212,1,113890510201
26.491647723388876,1,113890600201
14.085477865560271,1,113900030101
10.80102127237359,0,113900080101
22.709961550340353,0,113900490201
17.305166763182903,0,113900600201
15.485652756490685,0,113900600202
25.209063687926122,0,113900900101
21.52278351316639,0,113901300201
22.617433840480267,1,113901350201
12.786241526751148,0,113901350202
20.07013421463251,0,113910040201
17.130705462475827,0,113910430201
10.036959300940676,0,113910520201
16.579926863188263,1,113910720101
22.940268545521647,1,113910720102
12.656256758906045,0,113910720103
41.46717639787151,1,113911310201
17.74472679451147,1,113911360201
17.729316197717004,1,113911360202
23.746745498391952,0,113920160201
29.036787933804334,1,113920210201
22.717184378129623,1,113920330201
20.455236892860828,0,113920420201
39.681797162670215,1,113920530201
17.738976423292026,0,113920700201
17.993994319783432,1,113920740201
12.96282632022821,1,113930200201
4.848912338671453,0,113930410201
15.669698774259626,1,113930510101
21.951824061218314,1,113930570201
18.96104551296777,0,113930650201
21.32512705684499,0,113930960201
24.607024800059904,0,113931030201
17.02245008022258,1,113931080201
34.79742351162863,0,113940070201
17.44181990167532,0,113940160201
19.796267196443516,1,113940160202
33.701944106036265,1,113940330201
22.108138036445208,1,113940330202
21.230855585330797,0,113940350201
25.781240682233154,0,113940370101
22.65459168117668,1,113940420301
11.970912136514706,1,113940480202
16.48645096618937,1,113940520201
10.724385916163367,0,113940520202
31.65167794073743,1,113940560201
17.590613542064805,0,113940560203
21.307594892326968,0,113940580101
46.34139807270222,0,113940600101
50.49755507219059,0,113940600102
24.495650771905943,1,113940620201
25.621329075972522,1,113940630201
15.91731961884319,0,113940630202
19.277775300445782,0,113940630203
31.78663045198168,1,113950020101
25.452458709272108,1,113950020102
34.83563089917927,1,113950100201
23.95301551012086,0,113950130201
27.095737669605683,1,113950130202
28.523707827998578,1,113950200201
30.676145102150095,0,113950230101
25.878787245496834,0,113950290101
23.175598509692147,0,113950290102
30.74208735715972,1,113950310201
30.044619905275944,0,113950310202
34.3380071292954,1,113950500201
11.231113689325086,0,113950550101
33.689847311633926,1,113950550102
18.76659220310181,0,113950570201
15.044036326591593,1,113950590101
5.139795551263186,0,113950590102
26.335737266712044,0,113950660201
34.07258045660344,0,113950750201
22.665196936618862,1,113960070201
43.57688126545929,0,113960110201
19.42166894875792,0,113960160101
16.42095405774552,1,113960180201
22.36495042358119,1,113960230201
24.417195377597476,1,113960230202
21.48250138591927,0,113960270201
42.26866426823462,1,113960330101
23.33695842430095,0,113960410201
23.357450235782483,0,113960410202
18.02440921319796,0,113960450201
19.33200821680606,1,113960640201
6.884710229126485,1,113960670101
21.441154941377054,0,113970390201
26.989503077317654,0,113970590201
23.282308485766478,1,113970640201
41.25897589185261,1,113970690201
15.743250403311452,0,113970790401
10.608685469352867,1,113980030501
11.579276898550873,0,113980320201
24.05353899563962,0,113980590201
20.843845436130188,1,113980920201
16.436274324963897,1,113980970201
32.76954495499629,1,113990090201
12.476760437058946,0,113990280201
16.426978220033483,0,113990350201
22.017707209198964,0,113990600201
43.66836784337623,0,113990790101
22.43214074513712,1,113991190201
24.01946233398745,0,113991250201
18.507653656655066,0,113991340201
23.13203001045306,0,113991560201
16.91373300369088,1,113991560202
15.898724300186673,0,114000020101
18.695181668404317,0,114000060201
21.484279621926145,0,114000160201
18.131669201430554,0,114000240201
22.70426804920943,0,114000470201
20.64669093466144,0,114000470202
26.744451501678867,1,114000570201
16.23425975940622,1,114010090201
33.72802888041581,1,114010090202
16.289483319991277,1,114010430101
21.597970252831125,0,114010940201
16.75846386261074,1,114010980201
12.995279764497672,0,114010980202
27.352401500200482,1,114020010201
17.5770980094499,0,114020060201
15.455155500790655,1,114020120201
17.583412651103313,0,114020120202
14.558187989898313,0,114020420201
26.870394951213314,0,114020460201
19.33373015807875,0,114020490201
7.76648708502961,0,114020530201
14.856458614751036,0,114020530202
17.330541917236232,1,114020640201
14.588017411485353,1,114020770201
13.420189738511896,1,114020820201
25.767702382299223,1,114020890201
28.11953470217139,0,114020890202
23.221123610343906,1,114020920201
17.822826602200056,0,114030060201
23.733120400328207,0,114030060202
25.091130590951835,1,114030160201
17.563330767925464,1,114030380202
10.941946266289289,0,114030380203
27.762082525531685,0,114030410101
6.1109571035248695,0,114030560201
24.613204613438608,0,114030630201
28.377928908270206,1,114030630202
9.834699448437206,0,114030720201
20.513548396904838,1,114030720202
24.027695584926725,1,114040230201
23.29763073878401,1,114040330201
22.816760376229517,0,114040560201
22.294652007406956,1,114040630201
23.888712018322767,0,114040630202
26.796256656081496,1,114040710201
12.961171892381845,0,114040900201
18.96742860082636,1,114050310101
24.893514663637937,1,114050720201
19.253166108260594,1,114050720202
15.489902413118537,1,114051050101
16.71656585890982,1,114060070201
10.954285036591674,1,114060310201
23.27250753930098,1,114060650201
18.099797404687322,1,114060650202
23.939498306578333,1,114060680501
18.634931702306886,0,114060710201
23.568711301606356,1,114070010301
30.52995378731807,0,114070120201
24.0050725687922,0,114070120202
31.20651115540369,1,114070220201
27.722317468679165,0,114070250201
16.991265826409155,0,114070400101
22.497605388382734,0,114070510201
25.267773207241373,1,114070510202
39.99029681886881,1,114070670201
22.829966328434594,1,114070780201
31.68155464103588,1,114070880201
17.51214981537376,1,114080220201
20.17083336724802,1,114080330201
19.149416185996017,1,114080390301
23.861521257523904,1,114080440101
24.62903980418826,1,114080700201
22.693632507854396,1,114081390101
31.517212589726473,1,114090270201
9.96438138089881,0,114090400301
13.10101563325639,0,114090450202
18.619352325105677,1,114090550201
22.202486575135467,1,114090550202
27.384027365114335,1,114090770201
32.334668728948024,1,114090830201
19.781311560111728,0,114090870201
20.322686490727964,0,114090870202
21.946915956900586,0,114090970201
30.438726028232995,0,114091160201
18.766888944129946,1,114100100201
12.063574695646532,0,114100220201
19.470855286908037,0,114100310201
5.801102785321219,0,114100350201
20.232640523304987,1,114100400201
17.539448869999163,1,114100400301
17.47874753213941,1,114100530201
34.11361704687106,1,114110060201
17.44982794092901,0,114110170301
25.289517029264065,0,114110290201
23.94762531753126,1,114110290202
30.249551439421964,1,114110320201
30.909171510207578,1,114110320202
47.694444687191975,1,114110430101
34.2288204796282,0,114110460201
43.777771226132174,0,114110510101
27.42091986380278,1,114110570201
17.37810238626762,1,114110600402
25.489071810998077,1,114110640201
24.937583372256217,1,114110640202
39.6486258695562,1,114120080201
25.681647027533977,0,114120080202
27.20024559769269,1,114120120202
28.539041476328606,0,114120220101
28.872876625047542,1,114120290201
20.287016387929693,0,114120290202
17.95583306923553,0,114120330201
14.79559455283718,0,114120330202
25.073713067197588,1,114120470201
17.610708686959835,0,114120470202
42.334493860792605,0,114120580201
39.82342295534526,1,114120650201
28.04437994127315,1,114120690301
29.17531620863052,1,114120760201
32.69800207208128,1,114120860201
24.430741366784368,0,114130100201
20.54461790706024,1,114130100202
32.924965082523975,1,114130350201
29.12537788080646,0,114130350202
35.63625732324451,1,114130430201
31.12059539618009,0,114130620101
19.874482830210557,1,114130900201
26.883951319146625,0,114140280201
27.82613154895702,0,114141050201
16.899841373184778,0,114141100201
20.620245220914853,0,114141250201
26.050089167704158,0,114150090201
10.137805187389718,1,114150130401
23.743879958697896,1,114150210201
36.242006321772415,1,114150380201
10.845880533919054,0,114150380401
27.67685466753956,0,114150460201
33.734505929462124,1,114150550201
33.949636002822885,0,114150720201
28.662559176539062,0,114150720202
22.29476304239025,0,114150800201
11.766300618817095,0,114150920201
40.25650349616509,0,114160300201
35.456625403026635,0,114160330201
26.482270015233976,1,114160450301
11.703887595938673,0,114160510201
9.665980494411349,0,114160510202
40.38429513615022,1,114160640201
36.87575907191172,0,114160640202
15.50887774465334,0,114170220201
32.092579908642904,1,114170380201
26.480307930241317,1,114170460201
40.549329996203795,0,114170580201
38.35905494454772,1,114170580202
17.556297834894206,1,114170660101
13.845047812580624,1,114170660102
18.767861039456,0,114170850201
20.730630237371784,1,114180160201
41.509036691233774,1,114180260202
24.236047397562693,0,114180260203
15.355663951028605,0,114180380201
5.685098524920163,0,114180500201
20.68161550881376,1,114180650201
31.578841940693025,1,114180780201
22.53344226295561,0,114190120201
21.581956517008663,0,114190150201
35.980117357425314,1,114190180101
14.966576686846702,0,114190280101
11.999031389902797,0,114190280301
24.702646160139658,1,114190350201
18.71719444746751,0,114190550201
18.012771709821067,1,114190550202
16.73900235227112,1,114190700201
17.24735679763548,1,114200020201
22.3379953747069,0,114200060201
34.26811318534919,0,114200060202
10.497721189898941,1,114200150201
21.428233022996544,1,114200280101
20.997777339641488,1,114200280102
26.095416484149318,1,114200630201
17.51342397343592,1,114201140101
30.887292037692724,1,114210160201
38.085187367295205,1,114210210201
12.880390996856725,0,114210240402
42.746787580836234,1,114210270201
32.04517572726088,0,114210300201
10.749248419544356,0,114210390301
20.686522972023763,1,114210470701
26.78736525835202,1,114210620201
19.447916465721903,0,114210680201
9.98869852301427,0,114210710201
17.26591800239725,1,114210740201
23.197774774344236,0,114220100101
5.1408918958556145,1,114220130401
33.97090746406834,1,114220150201
31.73375271590867,1,114220330201
22.99996110709197,1,114220410201
22.556187139263415,0,114220570201
16.722925815270795,1,114220570401
14.664796934557808,0,114220630401
21.697423237733915,0,114220630402
21.33706902508039,0,114230070201
17.898652057560817,1,114230420301
32.139718207319966,1,114230720201
26.6068698929467,0,114230720202
29.26450933204565,1,114230970101
36.93197490190679,1,114231070101
31.81759195995199,1,114231120201
27.07506263448611,1,114231120202
5.317787531664145,0,114231250101
9.193692690852174,0,114231250102
22.088236494271793,0,114240310301
19.506188999017287,1,114240470401
9.803054923726245,0,114240470501
29.00872763590361,0,114240520201
28.468336523457882,0,114240570201
32.37131559025084,1,114240730201
32.695555889305815,1,114240780201
20.562064876509513,0,114240870501
15.166609912576154,0,114240920201
29.356629539132044,1,114240990201
8.519180498538537,0,114241140401
14.780470830982413,0,114250010201
12.894166953361053,0,114250110801
25.207686814726205,0,114250170401
20.763028705160693,0,114250290201
11.1801742437859,1,114250350201
28.844808483318623,0,114250400201
40.673747824689805,1,114250830201
26.155258614872608,1,114250890201
19.56544351449661,0,114250990301
12.312331921872074,0,114250990302
12.730810131219393,0,114250990402
27.73121127567063,0,114251160201
29.93122461704355,1,114251160202
11.044251168481171,0,114251280201
18.61005401900987,0,114260010201
28.539937876009894,0,114260400201
32.4623247464437,1,114260570101
30.862238890428074,1,114260570102
30.92225031684581,0,114260710101
18.531157356473496,0,114261010201
31.315906912407275,1,114270030201
35.66062067464636,0,114270080201
17.66089042894411,0,114270150201
23.2074131709249,0,114270150202
22.716968285328495,0,114270200201
22.64963469727294,0,114270200202
41.54098166328089,1,114270290201
19.726654137785015,1,114270340201
32.503839246435334,0,114270440201
20.362898046571097,0,114270700201
29.056140153378493,1,114270700202
32.60131498780428,1,114270860201
34.55505533758345,1,114270860202
35.38046420613818,1,114270930201
38.5750228109103,1,114270930202
48.83024194036343,1,114271030101
48.71089469525751,1,114271030102
20.557907309869695,1,114271030201
16.328762040923856,0,114271080202
13.055410460492407,0,114271130201
18.281583023453027,0,114271130202
17.4226669071959,1,114280140201
4.792387872451983,0,114280190201
21.12652905049877,0,114280210201
39.74520974820728,1,114280280201
27.491717509620702,1,114280330201
8.415027216456377,0,114280330202
30.04817665782439,1,114280350201
32.288248531332464,1,114280350202
19.271676998345367,0,114280510201
19.208564842181357,0,114280510202
31.43137761709758,0,114280560201
21.969901101716317,0,114290020201
25.199038029694258,0,114290020202
25.5765519719069,0,114290320201
35.94061712809775,1,114290350101
20.12318015304897,1,114290400101
15.576082235712745,0,114290460201
31.011763304745642,1,114290460202
27.50008986311401,1,114290500201
26.65832370442196,1,114290650201
41.32761190435204,1,114290680101
19.71768702657271,1,114290680201
20.386163801794698,1,114290890201
26.877429897469607,1,114290890202
33.803626005936,1,114300020101
12.785450376335342,0,114300070201
5.406089422703177,0,114300160401
19.053894278702725,1,114300330201
22.20069542650169,0,114300370201
21.81418561138795,0,114300370202
22.666531203584643,0,114300370203
16.68487178426701,0,114300410201
22.21895768453542,1,114300410202
15.124171652799035,0,114300460201
14.06938191513079,1,114300460501
35.69347616560173,1,114300510101
24.931892217711276,0,114300550301
24.76417600164293,0,114301040201
23.514260133589268,0,114301040202
31.833302576932024,1,114310100201
20.6593927241214,0,114310100202
21.792958618425615,0,114310180201
18.935263088989355,0,114310240601
23.936659695518312,0,114310580201
21.29435200292549,0,114310580202
14.924390205813449,1,114310610201
35.22412361864423,0,114310690201
47.37889714639173,1,114320310101
17.356680972711064,0,114320350101
21.77371810861457,0,114320350102
40.149208933502024,1,114320700101
36.6230082028007,0,114320700102
16.347584660624083,0,114320930201
21.45123827273988,1,114321250101
19.469638252141895,1,114321250102
19.115330631268325,1,114321250103
13.320969338814631,0,114321250501
22.034220953964915,0,114330160501
24.07747351733667,1,114330210101
27.425472347124423,1,114330240101
29.178705304135484,1,114330280401
10.24935853572576,0,114330320201
14.351192137767038,1,114330320202
28.184620227375103,0,114330390202
29.368609809066513,1,114330430101
26.212192383351546,1,114330500201
19.43933292125839,0,114330500202
15.051532413551564,0,114330500203
24.53293106595719,1,114330570201
35.14866198066261,0,114330620201
36.58384379846216,1,114330660201
18.892317021717652,0,114330660202
27.017396916698083,1,114330780101
32.453555155722796,1,114330860101
10.697364346604239,0,114330900201
26.920357553165115,0,114330900202
16.45246958895134,0,114330900203
16.375364627946446,0,114330940101
20.52915359757748,1,114330940102
22.953132512531734,1,114330940103
17.719271044316,1,114330970301
21.631038483293086,0,114340570201
21.02003299073978,0,114340570202
21.337843349313005,0,114340670201
26.991222858327866,1,114340900201
41.637707006407034,1,114340980101
33.04378567240149,1,114340980102
21.140896833947334,1,114341010201
32.021915452414675,1,114350100201
36.20699533125246,1,114350150201
21.00321680379581,1,114350210101
20.818945631351312,0,114350440201
15.744691902920309,0,114350440202
38.80843889778187,1,114350500301
22.724608890859372,0,114350960201
41.649973542122005,1,114351240201
17.8484947775886,0,114351310201
12.740163400234795,1,114351360201
35.59593944674005,1,114360080201
25.932875229463136,0,114360120201
30.080661932521615,0,114360320101
24.408736589061792,0,114360320201
28.217597290921564,1,114360320301
13.16729593450696,0,114360320401
23.604157896323976,1,114360360201
21.925617476517193,0,114360520101
23.735593486407996,1,114360620201
21.63766235958914,1,114360620202
26.068019591779525,1,114360720201
29.283836968106147,1,114360720202
32.97831904749783,1,114360800201
26.364619667221667,1,114370020201
26.401544855986675,0,114370050301
25.14526359602226,1,114370150201
23.893017877363903,0,114370270201
21.889714780932827,1,114370270202
38.673034916591554,1,114370300201
22.887124391790866,1,114370420101
35.85018037026271,1,114370470201
27.76455777261975,0,114370530202
31.772456978165742,0,114370630201
28.96792823319344,1,114370630202
31.132385887435966,1,114370790201
8.6308154928021,0,114380280201
17.629053845170084,1,114380280202
20.945676655941014,0,114380330201
25.920206584842735,0,114380330202
28.169956352163386,1,114380380201
23.68902251745458,0,114380380202
12.790595120997219,0,114380430201
21.009648820086834,0,114380430202
29.42065075164168,1,114380530202
34.54599309269862,1,114380530203
43.900843126424746,1,114380730201
26.260593282804443,1,114380730301
31.24588928177645,1,114380780201
26.94483187929831,1,114380980201
17.31690962566769,0,114381120201
13.690375804585695,0,114381170201
11.117719166270087,0,114381170202
16.432553773584907,0,114381210202
28.265207746757206,1,114381230201
19.593694778357328,1,114390140201
19.957155483879117,1,114390140202
14.032706510852387,0,114390140602
22.576029382841277,0,114390170201
31.341862389893755,0,114390260201
20.298482680236138,1,114390440201
32.78696303366047,1,114390500201
30.51976734383779,1,114390500202
22.547942155484037,0,114390530201
25.43257824845849,0,114400040201
27.114531076984633,1,114400130201
15.351477732242113,0,114400170201
17.378111005225477,0,114400170202
24.424361646697115,0,114400230201
38.37238958989058,1,114400410201
23.596512414079893,0,114400500201
33.713045794796656,1,114400600201
24.25377908596003,0,114400600202
20.851978566393736,1,114400640201
26.944838685731728,0,114400690201
15.818726670445336,0,114400820301
26.88637110975577,1,114400820401
20.227180934859465,0,114400910101
15.579842956168429,0,114400910102
48.02275967569124,1,114400960201
27.142280269350582,1,114401000201
12.196417598228392,1,114401140201
25.697779840651307,1,114410130101
20.41547105942557,0,114410130102
33.593187456254924,1,114410680101
21.246582567114764,1,114410730201
14.106782590100567,1,114410730202
14.448232271062707,1,114410830201
32.80854631922492,0,114411270101
33.520280190034626,1,114420030201
29.959081647577715,0,114420070201
17.98454430146458,0,114420110201
25.060060364144782,1,114420110202
27.59804078124187,1,114420400101
20.346937828485782,0,114420400102
15.817501702410631,1,114420430201
12.540246558170166,0,114420430202
11.972976874417975,0,114420520201
35.158849388651156,0,114420570201
29.12297370186875,1,114420740201
27.151755156620506,1,114420740202
17.880794255618202,0,114421050201
15.916926937409578,0,114430100101
19.927735338545812,0,114430100102
28.317697698517517,1,114430130101
20.753342413690355,1,114430130102
12.575189414782505,1,114430470301
31.568384149453433,1,114430510101
34.4678387719706,1,114430540201
33.025130270000844,0,114430570201
23.41648623446725,1,114430600301
18.669569536225715,0,114430660101
15.932160094455165,1,114430660102
10.39581748509842,0,114430660103
24.128618141141033,0,114430730201
14.893725120842944,0,114430760201
20.938717029312837,0,114430760202
24.611600750175587,1,114430760203
30.869876056969474,1,114440020201
24.24040757516776,1,114440370201
44.6423719039307,1,114440530101
21.137679892062124,0,114440800201
14.141690949860806,1,114440800202
28.01696895835679,1,114450050201
20.846087523598914,1,114450080301
32.696507655611015,1,114450160201
31.040940204206258,0,114450160202
17.967707966799306,0,114450160203
28.671142203795014,1,114450190201
29.907896903557475,1,114450330101
20.90219944889699,0,114450360201
22.450633230706778,1,114450400201
28.49453865293247,1,114450400202
42.61629092401355,0,114450430201
16.651749958701913,0,114450500201
20.162373735979447,0,114450530201
14.347109452132186,0,114450600201
26.223563260475935,1,114450600202
18.00742646400738,1,114450600203
15.834202939220432,0,114450640201
16.64624392023492,0,114450640202
27.4837938415839,1,114450740201
24.57458323137336,0,114450770201
32.11977192690767,0,114460050201
22.015756280928727,1,114460550201
21.01856440584799,1,114460880201
35.96162811918147,1,114470040101
25.661236407928595,1,114470110201
25.70311810940996,1,114470150201
12.350090625679664,1,114470220301
26.457596861279214,0,114470320201
27.43624719465526,0,114470440201
24.101290186679233,0,114470440202
34.14194043795956,1,114470440203
24.882880118195715,0,114470680202
17.146850482046652,0,114470680203
12.178222236852996,0,114470730301
28.743857084568333,1,114470770401
15.404833533135049,0,114470770402
29.427442996381824,1,114470850101
24.922031867661843,0,114470850103
9.805776753572923,0,114470890201
25.66474411224456,0,114480010201
28.892882411566305,0,114480010203
10.892055170732068,0,114480070201
15.64776799849073,1,114480070202
30.332358779875463,0,114480100201
18.343354374305065,1,114480100301
16.991744236548957,0,114480180101
39.722668991707174,0,114480210201
24.54948105870328,1,114480270201
26.124193841415554,0,114480350201
15.065563403351623,1,114480380201
18.171044538299086,1,114480440201
24.51900503570624,0,114480520201
37.91538780793052,1,114480520202
31.148344079707883,1,114480520203
22.25208816749069,0,114480690201
15.860246974449524,0,114490010201
19.307081102004112,0,114490020301
38.45100572001979,1,114490050201
26.17471559936371,1,114490060101
27.35378879930158,0,114490080201
35.24851873158672,1,114490090201
32.481731315859896,0,114490090202
23.601159144962157,0,114490130201
30.171075406024357,0,114490130202
24.69400851261647,0,114490190201
9.73701841200406,0,114500160901
21.03324675394329,0,114500310101
40.7322242606721,1,114500410201
34.92596463446216,1,114500410202
37.12836484324886,0,114500460201
20.361133651168313,0,114500510201
15.36270729241457,1,114500510202
37.85037621140087,1,114500660101
26.76456190894919,1,114500760101
36.10307218503766,1,114500810101
43.15024766480779,0,114501010101
43.241455531008604,0,114501010102
30.294955199930993,1,114501060201
12.98267659768686,1,114501210401
28.582563653604247,0,114501250201
29.840157577246988,0,114501250202
20.40095864081116,1,114510040201
17.997959028655977,0,114510160201
22.29040463373875,0,114510220201
20.278554846040194,1,114510380101
14.85260137065933,0,114510730101
21.279656953355126,1,114520050201
17.1647035043907,1,114520380201
32.282060291438306,0,114520790101
29.104107794280335,1,114521140201
22.223530374384875,0,114521140202
22.415046144103954,1,114530020101
13.408336067783548,0,114530060201
24.452585285321646,1,114530060202
30.352395668578044,1,114530100201
33.77959285737879,1,114530100202
47.394599394367894,1,114530180101
37.442803976408776,1,114530180102
24.49441502863504,0,114530220301
28.266604175407032,1,114530430201
30.844206837240066,1,114530590202
32.77498214100252,1,114530680201
33.752558539660825,1,114530720101
30.88009271456505,0,114530720102
6.097698670074695,0,114530760201
5.069280929043664,1,114530760202
19.844434139365106,0,114530990401
41.99244098608058,1,114540020201
32.97157733110756,1,114540080301
34.403798344493694,1,114540160101
32.72160394242143,1,114540160102
23.58166412445777,1,114540250201
16.230842406710316,0,114540250202
44.69809075145481,1,114540340201
25.2661415911184,1,114540430202
28.894554829543427,1,114540650101
24.45506050592317,0,114540730201
24.033775196505168,0,114540730202
28.155907237002417,0,114550150201
24.178891046651263,1,114550230201
24.51777409598692,1,114550230202
25.04325207665874,0,114550360101
36.85688592811798,1,114550480201
15.717020388520968,1,114550520201
20.386167171877183,1,114550560201
26.401777078626477,0,114550640101
36.1434795035416,1,114550680201
26.612164609454634,0,114550680202
14.718582077959084,0,114550720101
27.810991589848143,1,114550760201
34.86943680011749,0,114550890201
45.204583272527664,1,114550890202
29.262883174211026,1,114550971001
14.75930104013166,0,114551010201
12.804523130777739,0,114560030201
19.39064053838732,1,114560030202
38.26924766953455,0,114560080202
14.820825521010185,0,114560170301
36.69012756505326,1,114560260201
39.970877425062596,1,114560350101
24.759542503292312,0,114560350102
33.0204329231442,0,114560390201
35.661132124940124,1,114560390202
22.833247194167406,1,114560440201
18.7412641945636,1,114560440202
23.068477009918137,1,114560480201
23.7764683530334,1,114560480202
17.024058198923335,1,114560570201
19.491410173622754,1,114560660201
8.635970771653529,0,114560710301
18.050845268641485,1,114560710302
18.346385714030397,1,114560880501
24.538359397227556,0,114560930201
30.845173927488844,0,114560970201
35.5003644690946,0,114560970202
13.739281465122692,1,114561060201
20.71469839168559,1,114561110201
18.310256995119623,1,114561110202
15.516889079731653,0,114570490201
34.88093243998281,1,114570550201
18.581711446760384,0,114570690201
20.66983882047299,0,114570690301
27.46882583932826,1,114570750201
23.293145692921158,0,114570750202
14.793115722407384,1,114580100201
11.625959891235757,0,114580100202
41.30514324732949,1,114580250101
22.469800357328385,1,114580340201
23.381894441315467,1,114580340202
17.82953535670562,1,114580440201
14.558403973959658,1,114580580201
9.79955538344205,0,114580580202
17.83863820750397,0,114580630201
24.88633039443353,0,114580680201
38.57911514949522,0,114580820201
26.74472499347232,0,114580870101
44.65483884804153,1,114580920201
18.993546088054547,1,114580970201
26.256784418786754,1,114581060101
33.883456973726894,0,114581100201
21.800981234851516,0,114581120201
27.81235560719187,1,114581120202
18.815223432787022,1,114590170201
38.70294345155951,0,114590240201
20.600723658600533,0,114590320201
16.096733197897247,0,114590320202
26.60245162383118,1,114590570201
28.9204430590018,1,114590640201
12.86929512166163,0,114590640203
27.1122525708408,1,114590750201
22.34485890098111,1,114590750202
22.814563945434838,0,114590820102
21.760084359240487,0,114600030201
24.399889392733655,1,114600030202
9.874474366731935,0,114600200301
36.61705047038014,1,114600510201
29.83156459192945,0,114600550201
25.230135506321112,0,114600550202
18.172427976514868,0,114600760201
23.399303102658514,1,114601000201
20.78098791670651,0,114601160101
30.708563371085194,1,114601230101
18.293642240968744,0,114610060201
14.669256136540296,0,114610100201
17.143270166462706,0,114610130201
16.13278768254035,0,114610200201
17.630976747112477,0,114610260401
16.111206906465938,0,114610300201
12.99942184397905,1,114610300202
24.723682906929774,1,114610400201
21.756517549148455,0,114610460201
34.69308098417323,1,114610460202
48.13011352310183,1,114610530201
27.167106682866134,1,114610560201
23.271996927218684,0,114610560202
33.912848716764906,1,114610600101
20.601247111972373,0,114610730201
11.234329504401579,1,114610760201
18.56395074576734,0,114610760202
12.917810916952742,0,114610790201
34.0252330209165,1,114620070201
20.805878296062133,1,114620140201
15.666535385104678,1,114620230201
24.324264614056627,1,114620250201
20.37681044659827,1,114620320201
14.768225173465606,0,114620320202
16.11347692266824,0,114620430201
29.818518618335265,1,114620460101
24.581439712078243,0,114620500201
13.35920801118483,1,114620570201
24.21399247154889,0,114630070201
11.87669133786368,0,114630570101
9.536965576901165,1,114630760201
28.80122550041606,1,114630810201
24.546154328090807,0,114630890201
15.864756934503793,0,114631250101
18.483480222701246,0,114640050201
13.374352919399255,0,114640050202
24.97800293396393,0,114640140201
23.533302660308358,0,114640140202
35.337194863584834,1,114640230201
31.535337718255477,1,114640270201
16.872223059669263,1,114640360601
24.96853490962336,0,114640500101
28.64521412558876,0,114640600101
5.08931689353734,0,114640690301
21.245636349336948,1,114640780201
16.828462145402938,0,114640910201
14.685708460972329,1,114650030201
12.998413779966826,0,114650030202
33.29396385381233,1,114650070201
23.93815634952795,1,114650070202
5.403056092484868,0,114650110301
33.37944428784717,1,114650150201
20.89201823331725,1,114650220201
20.646144089371614,1,114650220202
18.227390691784006,0,114650220203
16.334454082105946,0,114650260101
19.99572775568926,0,114650260102
28.3697106122479,1,114650380201
7.628955120243858,0,114650420301
33.7183748122801,0,114650490201
22.737740786773923,1,114650610101
26.27848332586152,1,114650610102
19.42103647561877,0,114650610103
21.630623798093495,0,114650680201
23.525300281095163,0,114650720301
35.80783747869722,1,114650760201
16.465773752397887,1,114650960301
23.197839004812,1,114650960401
48.74090252045049,0,114660040201
28.705701570859876,1,114660040301
28.73545947271222,1,114660070201
47.80592379636628,0,114660100201
18.569392890730974,0,114660140201
19.749258830349,1,114660140202
35.08940770929613,1,114660200201
26.966330125473974,0,114660200202
15.470944387014972,0,114660240201
23.382240781030383,0,114660370201
24.637960382681122,0,114660400201
27.314786194158586,0,114660400202
30.757579170437417,1,114660400401
18.0882658730553,0,114660400601
17.55649016103862,0,114660470201
14.211434592115422,0,114660540201
9.331688129912973,0,114660540202
23.70634728968572,1,114660570201
15.427173404736648,0,114660570202
35.42233949998359,1,114660700201
31.696644890514946,0,114660700202
23.52594121461396,1,114660770401
31.930279840034892,0,114660830201
39.2741203312671,1,114670090101
25.857265317005705,0,114670170101
21.081317561478468,0,114670210201
23.700080111785045,1,114670290201
16.65430774078603,0,114670290202
23.57761238739918,1,114670370201
25.9461103596457,1,114670370202
32.30257882164253,1,114670410101
38.560989465588705,1,114670410102
32.47933955587959,0,114670410103
18.444076340180985,0,114670970201
20.2719365648067,1,114670980101
23.69759988502379,1,114670980102
27.456164515044993,1,114671030201
23.319391619454493,1,114680030201
25.872224040338978,0,114680080201
21.579992830072726,1,114680080202
35.20275283105625,0,114680160201
37.139189310943415,0,114680160202
46.745079723446416,1,114680160203
41.91879044306907,1,114680310101
26.813820140350952,0,114680390201
35.16861274585756,1,114680480201
25.222328139423293,0,114680710201
38.99301147802549,1,114680760201
28.245969002215322,0,114680760202
39.07158364914134,0,114680810201
45.585020694967255,1,114680810202
18.2214005295756,0,114680860201
16.370044434887383,0,114680900201
17.372739713785244,0,114680900202
24.196053190704045,0,114680990201
33.06567478030572,0,114681030201
45.68704197132063,1,114681030202
35.1646347495052,1,114681120101
38.75868377594383,1,114690020201
19.878080791671145,0,114690020202
33.605401932885066,0,114690020203
30.696161871427908,0,114690070201
33.847832175178105,0,114690070202
27.948921435027433,0,114690110201
26.331722103845635,0,114690160201
34.050675352246884,0,114690530201
17.512855742849187,1,114690580201
29.485768764292292,0,114690630201
15.051861655159586,0,114690670201
38.66066185320307,0,114690810201
43.37513947193821,1,114690810202
32.60483893364238,0,114690860201
37.321569937720355,0,114690860202
28.240554652622183,1,114691110201
29.22830633268844,0,114700060201
27.78294923007316,1,114700060202
21.673279082219235,1,114700120201
26.008186201999422,1,114700120202
20.45313626029906,0,114700180201
29.660401716756525,1,114700640201
27.518601468591505,1,114700870201
25.3987413026921,1,114700930201
22.94713086173167,1,114700990301
24.81780874695821,0,114701050101
18.625524329163568,0,114701160201
19.790448565093676,0,114701160202
28.042816903921103,1,114701280101
36.79502006615424,1,114701280102
33.10663506615687,1,114701340201
20.71692180928631,0,114710070201
36.38615892698659,1,114710070202
26.3151327995431,0,114710100201
34.148614440263515,1,114710100202
52.730888107579794,1,114710140201
31.06791540900039,0,114710150201
29.532920211371795,1,114710160201
31.78335348604432,0,114710200201
13.086369563407391,0,114710220101
44.30717246962538,1,114720070201
40.217937180725684,1,114720090101
29.693389773435214,0,114720130101
28.523508777721847,1,114720180201
31.417395710276143,0,114720200201
32.31747929040744,0,114720220201
46.55907337157304,1,114720270201
30.763658066879156,0,114720270202
39.76332936012061,1,114720290101
30.62341072536286,1,114720350201
26.366088498107782,1,114720380201
17.168775130642462,0,114720400201
33.13138720094279,1,114720420201
25.03415264934685,0,114720420203
23.206210759137058,0,114720490101
30.728211862518947,1,114730100201
21.93581843792363,0,114730300201
24.052211757676545,0,114730300202
18.114503541622405,0,114730340201
11.66421063300901,0,114730370101
18.88411300336417,1,114730370102
32.743412360733515,1,114730410301
23.447552772988285,0,114730540201
28.17350093954723,1,114730580101
28.242805471334012,1,114730580102
18.985572075931763,0,114730610501
14.389072664936212,0,114730680101
23.222059829463063,1,114730780101
15.729958034318363,0,114730780102
12.527897579768783,0,114730820601
34.187205794402956,0,114730850101
37.953272610810295,1,114740160201
26.783149708421423,0,114740160202
18.754155957227535,0,114740160203
16.498134996523273,0,114740200201
37.357112133515486,1,114740480201
28.177551553154046,0,114740550201
17.959794568736903,0,114740620202
42.66862132047334,0,114740730101
47.06777587237339,0,114740730102
37.717226324972636,1,114740770201
28.07990276461083,0,114750100301
20.712022802681727,0,114750130201
29.236073193597218,1,114750170201
5.616181454555829,0,114750240301
24.24282606109888,0,114750300401
23.303089227547478,1,114750340201
25.771155639978772,1,114750340202
29.082018340585805,0,114750410101
8.086778178390903,0,114750440101
42.63252902519631,1,114750510201
29.160191798175592,1,114750580201
22.34274135127223,1,114750580202
27.194423916735623,0,114750710201
27.3434655972585,1,114750710202
47.46471103095519,1,114750810201
36.59746543785143,0,114760120201
30.135172542812207,0,114760170201
34.09881052166345,0,114760220201
26.62285342920043,0,114760220202
27.549628198760804,0,114760550101
29.538615529945304,0,114761080201
27.57381198498846,0,114761180201
33.2246942801743,1,114761180202
34.15952843568764,1,114770120101
26.79239620508162,1,114770120102
18.610103907330448,0,114770190201
27.5180550928006,0,114770190202
26.73069575357754,0,114770220101
22.84207792918001,0,114770310201
28.921404252837625,0,114770310202
19.417477893149098,0,114770330201
11.744812253288954,0,114770360201
28.886178400965516,1,114770360202
30.78464193211953,1,114770380201
33.934299740700986,0,114770400101
31.380729176683907,1,114770470101
24.717857012242312,0,114770470102
17.2517685911039,0,114770470103
15.000576785657472,0,114770540201
28.35887836243217,1,114770540202
21.81037910067623,1,114780100201
14.380886781891817,0,114780100202
19.247040538842384,1,114780910201
13.152252978062123,0,114781060301
34.20485196815169,0,114790190201
25.1394745928652,1,114790260201
23.312384696035426,0,114790340101
18.51343582215953,1,114790420101
10.348044218476272,0,114790480201
19.55236676565873,0,114790600201
18.67611470201854,0,114790660201
29.715105589267772,1,114790660202
18.800255907452026,1,114790690201
18.89090009173076,1,114790780201
4.165493778972778,0,114790790201
18.061931590902013,1,114800150101
22.68985165122891,0,114800420101
15.488036284367297,0,114800460201
7.069002691188271,0,114800460202
29.774538779885404,0,114800530201
30.58225504685524,1,114800600101
37.24010106681439,0,114800730201
6.1717655993893885,0,114800770201
20.118126524096468,0,114810030201
30.036861422498554,0,114810170201
7.482225095160919,1,114810280201
8.751773970628275,0,114810490401
18.880426424005716,0,114810640201
21.990218982417048,0,114810810201
18.14809359714682,1,114820180201
27.25625067500184,0,114820220201
35.98773858413543,1,114820260201
29.650770247245884,1,114820770201
17.905418104337695,0,114820770202
15.213997343563895,0,114821140201
26.440263141508066,1,114821150101
17.178792093677913,1,114821180101
19.977918558582708,0,114821230201
25.79655458952478,1,114830160101
55.74854948306546,1,114830330101
13.490614107710966,1,114830560101
35.92740785255571,0,114830680201
32.69659717045507,0,114830680202
32.49415094316676,1,114830710201
28.6753404251292,1,114840040201
22.49567757884932,0,114840040202
36.807063188985964,1,114840070201
38.182738292380705,1,114840070202
42.858862597845466,1,114840330201
18.231907735897412,1,114840440201
42.76492324596769,0,114840630201
43.36110133695795,1,114840630202
27.071256353798013,1,114840740301
25.765915495911578,0,114840740302
37.54308025796783,0,114840770201
17.574556733524133,0,114840810101
24.516309892367225,0,114850050201
30.619554910882187,1,114850170201
22.44915408186682,0,114850170202
28.770199520125693,0,114850210201
27.168017851976433,0,114850210202
31.246038765293456,0,114850210203
23.724074588829932,0,114850260101
20.700594441688754,0,114850340201
21.148811659143895,1,114850340202
7.979879381350076,1,114850420301
6.883002723867569,0,114850680201
21.70479971548345,1,114850720301
43.2560597964943,1,114850760201
38.480900157621186,1,114850760202
33.83117013397839,0,114850760203
20.828433383624553,0,114850840201
26.015902647975317,0,114850840202
31.517921004451523,1,114850930201
30.41723270364102,0,114850930202
13.299589804220178,0,114851010201
39.5919322571617,0,114851050201
30.047308565220142,0,114860090201
38.57519451850193,1,114860090202
24.213289518474504,1,114860360201
29.95722011793071,1,114860360202
8.376186221863147,0,114860440201
21.070423958979625,0,114860530201
26.417550721736767,1,114860580101
27.822269096475296,1,114860580102
22.300345793419105,0,114860750101
23.93619845197111,0,114860970101
23.51668677272953,0,114870050201
29.137011419909772,0,114870090101
28.002336024504142,1,114870280101
29.232781722902743,1,114870280102
27.54619986526147,1,114870280103
20.003677646151115,1,114870330201
24.32410005083066,1,114870380201
44.59384025453516,1,114870520201
33.42626360210945,1,114870610201
37.18835739239907,1,114870710101
25.642970743920667,1,114870800101
20.62726647604952,1,114871180901
33.22245828970379,1,114880030201
21.750336837050465,0,114880100201
22.911498356852622,0,114880100202
26.568830269822456,0,114880200201
20.428399950368338,0,114880260201
22.342177650712955,0,114880300201
25.177139842644596,0,114880300202
17.91316289146465,0,114880330201
35.48973878438141,0,114880400201
20.58076983377557,1,114880430101
14.48830443481858,1,114880430102
23.164765067813015,1,114880470201
27.56856431995817,1,114880470202
18.74932842548718,0,114880700201
45.713983521690125,1,114880800201
29.5715157414869,1,114880840201
31.526379660803762,0,114880840202
27.536681453926086,1,114890130201
19.346045364898632,0,114890130202
16.658051692409963,0,114890420101
29.3392379267771,1,114890560201
28.2980307470291,1,114890610201
20.28070595023251,0,114890610202
32.23916825809067,1,114890610203
31.73026179131076,0,114890660201
16.33133553423423,0,114890710201
22.801401539858315,1,114890810301
16.596269876599187,0,114890900401
20.92203710368223,1,114890950201
46.16653430623738,0,114891000301
22.104711756106735,1,114891000401
22.60071721394074,1,114891000402
33.34894819455049,0,114891100201
35.438157559652325,0,114891140201
36.71402944073666,1,114891140202
20.7668803094978,0,114900060201
20.79936385494819,1,114900130401
35.674161136581894,1,114900170201
38.500548911085524,1,114900170202
36.04186727083924,0,114900210101
37.31264799444574,0,114900210102
24.518883330403575,1,114900210201
13.756680690885688,0,114900240201
15.794733086975825,0,114900240202
39.23451564868927,0,114900280201
37.32754195778482,1,114900280202
40.303128722884004,1,114900320201
34.02019932793347,1,114900470301
25.117459437132553,1,114900620201
36.636651224500184,1,114900620202
22.61338446871147,0,114900910201
30.29415225359623,1,114910070301
27.679232933725668,0,114910070601
23.8330752422348,1,114910070701
15.311202215200835,0,114910070801
12.505558619607875,1,114910100901
28.28210017531322,0,114910130201
27.126433913388045,1,114910230301
34.02375782583986,1,114910350201
30.921511087709774,1,114910410201
20.91270509939061,0,114910410202
24.286355451028378,1,114910440201
25.331270231767547,1,114910480201
28.28478723170847,1,114910480202
22.209617676199958,0,114910630201
40.317761908248904,1,114910730201
46.88244840996724,1,114910730202
36.43619882409527,1,114920120201
17.7451470227791,0,114920230201
28.732303638470324,1,114920270201
20.039951260910946,0,114920410201
13.692510039185143,1,114920410202
30.926747787189015,1,114920490201
26.61491945525762,1,114920530201
23.164975181654796,0,114920600201
29.600649722296442,0,114920750101
13.09544782486529,0,114920820101
20.135047109434996,1,114930030201
14.83142298313581,1,114930160201
22.652700938344974,1,114930210201
16.765145775919112,0,114930340201
31.010413042072322,0,114930430201
27.026229498402355,0,114930430202
30.72541541509081,1,114930660201
30.444470520044842,1,114930750201
30.294134756676144,0,114930750202
27.03179415181952,1,114930840201
40.576168989166945,1,114930890101
19.253456527324214,0,114931070101
19.136868189742987,0,114931070102
18.615508337580007,1,114931070103
41.52240980420821,0,114940120201
36.16329157034621,0,114940120202
34.038031235758154,0,114940140101
26.13020238879435,0,114940170401
34.72471226949074,1,114940220201
28.993229438180002,0,114940220202
31.84939939991896,0,114940220203
15.234837282289044,0,114940290301
20.654648763708362,1,114940290401
15.611260905628416,0,114940380201
25.210465983874347,0,114940430201
32.96223188279778,1,114940500101
19.952901825192495,0,114940520201
34.645026747918834,0,114950040201
23.989936935455894,1,114950390301
18.424028449473415,0,114950580201
18.71249967921462,0,114950780201
30.411573747667756,1,114950780202
14.386714002562979,0,114951070201
25.8155412395666,0,114951070202
24.1532807525946,1,114951120201
18.698915503524002,0,114951120202
11.826337805932267,1,114951210301
15.284765787020005,1,114960150101
19.385143535232856,1,114960150102
15.010153972277024,0,114960170301
22.13905268284458,0,114960220101
20.959709428982258,1,114960270201
10.998302321675311,0,114960300101
34.837361530310304,1,114960400201
17.272165871921025,1,114960420601
26.271942626314253,1,114970020201
19.845846757623264,1,114970160201
27.07296029276217,1,114970160202
30.177989806326206,0,114970290201
17.751567030007102,1,114970320201
16.539312898280183,1,114970320202
38.06945682747014,1,114970390101
21.784526020489924,1,114970660101
24.852370895384794,0,114970730201
31.943365772886864,0,114970730202
5.401870891325179,0,114970790201
33.33126974906059,1,114970830201
38.26315379652373,1,114970830202
45.38258326028957,1,114980250201
26.698275220201623,0,114980270201
42.517093623745104,1,114980270202
22.380379964987657,1,114980300201
26.659621877605716,0,114980350101
37.93697613879482,1,114980500101
35.37638670803636,0,114980550101
30.92847974449286,1,114980550102
8.131125036127424,0,114980570201
22.639967175796876,1,114980570202
23.174439507969424,0,114980600201
19.93680148504669,1,114990070201
30.39112295171328,1,114990070202
22.34294539900992,1,114990130201
20.639969764268624,0,114990130202
37.64645176294648,0,114990170201
19.708251044851618,0,114990260201
29.93741966241534,1,114990390201
22.635501171993802,0,114990450201
36.59676904696207,1,114990580201
46.963684233195195,1,114990580202
24.245358048667146,0,114990650201
23.298915504348248,0,114990710201
30.450023410080462,1,114990710202
26.368107683111948,1,114990740201
23.997469284376038,1,114990740203
16.168398669037146,0,114990770201
25.71459874315842,0,115000140201
21.21349365022005,0,115000200101
23.29328554419239,1,115000750201
26.07201824210865,1,115000750202
17.856807961342227,0,115000920201
21.810106349531278,1,115001030201
16.352195142543668,0,115001030202
25.55113905551865,0,115001090101
23.477817289727138,0,115001090102
30.513695916793473,0,115001250201
35.06909088266595,1,115001250202
12.235354345465113,1,115010010201
17.914588913636162,1,115010010202
17.30438400540414,0,115010160101
11.02612624218805,0,115010160102
19.454165550279722,1,115010190201
27.44128524257464,1,115010190202
13.806574216175404,0,115010450201
24.29736573284819,1,115010520201
31.733712179892187,1,115010630102
34.493770634949755,0,115010670201
38.65079765166291,0,115010700201
6.399390745287862,0,115020050301
40.83559740963553,1,115020120201
36.33792170856846,1,115020120202
40.57195656373013,1,115020570201
16.78735225367767,1,115020610201
23.121793698137488,0,115020650201
27.83545513853208,0,115020650202
21.625959688598034,0,115020870201
10.59019544358075,0,115030020201
17.93154359322274,1,115030160201
24.523630575561207,0,115030160202
32.40013109904793,0,115030670201
17.10431512145044,1,115030710201
17.746162495178353,1,115030800201
19.684066701666122,0,115030850201
21.808743938239026,1,115031130201
11.428349735526446,0,115040740101
17.207526746803925,0,115040790201
7.215446679206231,0,115040790202
12.785120240420342,1,115040980201
19.700726063980646,0,115040980202
40.504946955232754,1,115050010201
45.53666788780885,1,115050060201
36.69893651391748,0,115050060202
37.659911336455835,1,115050100201
31.18723009923707,1,115050100202
23.62142201970795,0,115050140101
15.096163356395419,1,115050140102
29.4502256209664,1,115050270201
20.41819990742263,0,115050270202
29.865040089094038,1,115050310201
23.79911261068185,0,115050310202
34.167661101583015,0,115050480201
22.234240578146892,1,115050610201
26.631786144460417,0,115050650201
31.7894625983228,1,115050690301
24.67337640598499,0,115050780101
28.091232131591354,0,115050780102
22.262343499055454,0,115050780103
22.356269248660716,1,115050860201
13.619971278423536,0,115050860202
24.645714872631963,1,115050950201
23.095561207445034,1,115050950202
32.88280600850457,1,115050990201
27.079545615366882,1,115060040201
36.5682173223862,1,115060080201
41.4422295535117,1,115060080202
27.66383091876982,0,115060080203
24.28756117985587,0,115060160201
31.733029760758598,1,115060360201
19.74016064242772,1,115060400201
9.564106725503212,1,115060400202
16.501354420609083,1,115060400203
29.15924223659484,1,115060560201
32.055098105211144,1,115060560202
28.352573609893447,1,115060560203
25.792752234856458,0,115060720201
34.857648182071145,1,115060720202
28.55373074172936,1,115061000201
21.059579782819764,0,115061000202
20.77845647702228,0,115070110201
19.312693813960088,1,115070170201
14.343765063269128,0,115070230302
27.104247998818252,0,115070330201
42.652824183163176,0,115070330202
30.83344522244323,1,115070480201
43.4269211631943,1,115070520201
23.65811404251069,1,115070550201
34.71705861031863,1,115070610101
36.29949032343781,1,115070640201
19.01888593028473,0,115070770201
15.473729377157103,0,115070770202
28.48294342739749,0,115080180201
35.926545869595614,1,115080180202
19.893958861635177,1,115080300401
21.816749733508033,0,115080390101
29.24596662583268,1,115080470101
32.64996041799127,1,115080470102
32.29893421351885,1,115080600201
31.977726746323757,0,115080600202
14.212707032063348,0,115080730201
21.166177724388348,1,115080860201
28.73071083927184,0,115081030201
52.26004875434643,1,115090020201
18.18243519110261,0,115090250201
13.31941573719897,0,115090430201
33.77722475940186,1,115090520201
24.74543155832059,0,115090980101
32.450733875998594,1,115091020101
25.641735874597185,0,115091020102
14.786650293063298,0,115091070201
21.388177220525197,1,115100050201
17.689850223187086,1,115100250301
22.487087878779022,1,115100300101
18.96600231691728,0,115100410101
22.25534542726073,0,115100410102
23.44266644623537,1,115100660401
13.055560439460308,1,115100760301
14.688038557984951,0,115101220201
17.064750858453873,0,115101220202
30.287115004092826,1,115110330401
16.374797301576532,0,115110400101
41.79542983854666,1,115110460201
29.27921966935016,0,115110460202
21.713073524025983,1,115110660301
19.534751644276113,0,115110770201
21.807319450030416,0,115110770202
33.2375682723676,0,115120150401
30.43199952162478,1,115120180101
22.549334153191445,0,115120180102
22.73337188502991,0,115120280301
34.00075046579989,0,115120440101
25.20153900496342,0,115120560301
37.7490529608863,1,115120560302
19.384135788057762,0,115120600101
22.96245681462634,1,115130120201
25.72607527730994,1,115130150201
21.276649156400516,1,115130300301
30.075292492082248,1,115130360201
8.390485528978177,0,115130420301
28.481514710616704,1,115130480201
38.32415339806473,1,115130510101
28.365496193249722,0,115130600101
35.202866454060505,1,115130660301
26.035895183578,1,115130720501
35.036985446771126,1,115140070201
17.749831357539055,0,115140110201
24.70837136740046,1,115140460201
18.187154553476528,0,115140500501
18.256640487609992,1,115140500502
51.429931034113665,1,115140540101
16.948558470614273,0,115140580101
32.022882416691466,1,115140670101
33.42002885764346,0,115140880201
21.109839318999807,1,115140880601
34.225980716194805,1,115150050201
27.351707389132976,0,115150090201
28.647005614138582,0,115150240301
18.71547846512672,0,115150320301
28.6423294543689,1,115150340101
34.83755281027882,1,115150370101
19.237180225609,0,115150470401
23.469908732692225,1,115150470402
25.235527997609992,0,115150510101
15.734912552416967,1,115160050201
18.8790141948684,0,115160210201
38.761410362921524,0,115160240101
41.85035972156904,1,115160530201
25.26652546169802,1,115160600301
32.66821446562569,0,115170080301
38.93212015461762,1,115170110101
10.627527728571906,0,115170210201
22.72012943616428,1,115170210202
25.663109332246854,0,115170280201
24.159347725709342,1,115170370301
12.201954575127203,0,115170370302
18.393471337007664,0,115170510201
13.025067827987112,1,115170710201
22.840467646775693,0,115170740101
36.017238389405485,1,115180010101
25.11778897766823,1,115180040101
16.880647500343887,0,115180190201
46.714081593241865,1,115180290301
30.63550675852401,0,115180540401
18.218498751178473,0,115180571001
15.386673148444922,0,115180660201
16.419564267203565,1,115180660202
0.9541048340086817,0,115190330601
8.238457204555596,1,115190390101
16.594253610570355,1,115190440201
28.899129906737684,1,115190440202
25.36124890748148,1,115190780201
25.709126790504076,1,115191060401
12.775274460742487,1,115191170201
19.421100983851975,0,115191230201
32.79133002215377,1,115191230202
35.09296843753696,1,115191280101
36.078425429572675,1,115191280102
26.06588636497764,0,115191280103
36.12108066406145,1,115200290101
28.394382320683075,1,115200290102
30.522757424888493,0,115200510601
26.135856246293848,0,115200670301
20.43920921325898,0,115200700301
14.503085025452961,0,115200860201
4.203149178440594,0,115200860202
18.71423402000871,0,115210010201
22.503712096367956,1,115210010202
21.129067763936497,1,115210130101
13.301428676947317,1,115210130102
7.326874536078969,0,115210160201
20.838425758896488,0,115210160202
19.55197134008406,0,115210240201
25.642572237686718,0,115210270201
25.338635556590248,1,115210360201
16.711355494769077,0,115210540201
16.192710644313124,0,115210540202
24.89665119408185,1,115210720201
15.825254808297434,0,115210720202
28.114998898335735,0,115210720203
7.986742152499805,1,115220170301
13.586140412263331,0,115220290201
37.579588291369106,1,115220370201
38.03467334726224,1,115220490201
25.819145911312262,1,115220570201
12.149514997238512,0,115220570202
19.433106909683538,0,115220900201
26.473548769148906,1,115220900202
23.266293492371307,0,115220980101
15.464578033587355,0,115230050101
19.6836295811998,1,115230050102
42.739940766718114,1,115230100202
24.25243937334876,1,115230200501
22.71006875689991,0,115230200502
21.030892192384236,0,115230310101
31.276038297701355,0,115230310102
31.85694107389639,0,115230360201
36.048595103022436,1,115230680201
39.053507556707345,0,115230680203
23.595205201725186,0,115230790101
23.729804545132403,0,115230840201
34.035004320482706,1,115230840202
44.14731615656023,1,115230890201
41.54158024580179,0,115230890202
28.376927747698062,1,115231000201
49.5347973423876,1,115231050201
40.25798602201817,1,115231210101
28.69575000766698,0,115231310101
37.68038545948929,1,115240020201
26.648053448783358,1,115240100101
11.104407595305187,0,115240150301
32.10554933882396,1,115240260101
36.51821331918478,1,115240320201
25.490023485586583,1,115240430101
29.83346201183741,1,115240430102
22.685041021957698,0,115240450101
15.799541786793053,0,115240560201
32.07202185208634,1,115240670201
28.403952927531822,1,115240670202
27.043293599801945,1,115250140101
16.501191924851867,0,115250300201
23.8158130041533,0,115250340101
29.928628742415917,1,115250340102
17.167783364864174,0,115250380201
28.841368123831042,1,115250420202
9.584201741760252,0,115250500201
23.000073261031897,0,115250580201
35.056166312396336,0,115250740101
21.45067743671122,1,115250940201
9.379890391737499,0,115250980101
25.16137657224431,0,115260090201
28.85784715653387,1,115260090202
28.511580101023053,1,115260200201
21.58291657307837,1,115260460101
47.914702424196136,0,115260500101
17.193030975115374,0,115260830101
21.16763459635548,0,115260830102
12.807826617679137,0,115270250401
33.95834798266236,1,115270910201
26.581825452982642,1,115270910202
-5.438033224401256,0,115270960301
22.276750107670935,0,115271260201
25.200186230833967,0,115271260202
46.68869182083874,1,115271320101
38.807587610272314,0,115271320103
20.48501442272398,0,115271440301
38.27595507051602,1,115280010101
21.7357714459232,1,115280040301
28.743058498976268,1,115280040302
28.485045556148734,0,115280090201
23.949246950142236,1,115280110301
19.228836854095384,1,115280140501
10.583879484777562,0,115280140502
18.48567356527976,0,115280210201
16.94881478747914,0,115280210202
16.704060202973444,1,115290070101
32.67139815571967,1,115290070102
30.77626066796414,0,115290100101
37.52889772648665,0,115290100102
35.62280872644779,1,115290160201
36.91902052970225,1,115290260101
29.138089718909153,1,115290290201
17.787623302356817,0,115290290203
32.83371251559298,1,115290540301
23.21978205978815,1,115290540302
27.737527177634803,1,115290620201
28.672587052430224,0,115290620202
32.09945079371872,1,115290640101
28.24721553173269,0,115300470501
37.20997240397495,0,115300490101
37.38720695430023,0,115300590101
13.736166242675083,0,115310050201
35.5275401086391,1,115310130101
25.085259691088858,1,115310270101
22.735501053232422,0,115310270102
17.027341612997617,0,115310350201
16.757846168629992,0,115310350202
28.83189343900931,0,115310490201
30.47338900596714,0,115310820201
29.4604858954323,0,115310820202
29.354159942357423,0,115310860201
25.157415073501067,1,115320030201
29.822360195852212,1,115320030202
16.92859687166512,0,115320040201
34.56079802992148,0,115320070201
29.638161724881293,1,115320070202
29.103835185953752,0,115320100201
24.72392791500265,0,115320100202
13.982966894337803,1,115320110201
18.205949316615747,0,115320110202
11.292339148286132,0,115320150401
30.407072990960668,1,115320250101
34.49888882204033,1,115320250102
28.615022929290422,1,115320270201
16.73487711545406,1,115320270701
28.43470487908776,1,115320300201
36.600179246289805,1,115320320201
30.180173487497132,1,115320320202
28.60385200702072,1,115330060201
14.077651310408086,1,115330300401
33.20341095758565,1,115330350201
34.800806915343074,1,115330350202
44.1164301395799,0,115330390101
39.447901333438956,1,115330390102
13.208289657342998,0,115330490601
21.231622418212833,1,115330590801
30.170215785153825,1,115330830201
26.450731459731134,0,115330830202
11.592991487303944,0,115330870101
23.787256021793873,0,115330870102
33.23459340344337,1,115330920301
30.932174687892164,0,115330970201
38.29000221447082,0,115331070201
38.17447160523784,1,115331110201
35.895381752831454,1,115331110202
20.2307290811619,1,115340130201
18.671767108165724,1,115340210201
19.004460612223724,1,115340210401
30.7145417292734,1,115340640201
27.01241974566343,1,115340850201
27.432068047157983,0,115340850202
31.0222356545634,1,115341020101
26.337154055977283,1,115341020102
43.022189500571585,1,115350020201
19.900614576597814,1,115350080201
17.844629555184284,0,115350190101
26.136181289667952,1,115350190102
20.494867278436992,0,115350190103
37.07552669588955,1,115350350801
39.97055665340019,1,115350560201
17.706181435033397,1,115350590201
14.142275971958341,0,115350590202
10.21974846578562,0,115350640201
47.660243057387504,0,115360040201
26.506534126020895,1,115360140201
14.838948187840796,1,115360290201
27.86990955063938,1,115360390201
24.213083391639792,0,115360490201
42.10969126634482,1,115360590201
42.3707078138442,1,115360590202
34.402248357562975,0,115360790201
30.831586342812923,1,115360990201
18.152275348369155,0,115360990202
14.757640663654986,0,115370090301
24.538685711220943,1,115370140301
39.28178167878658,1,115370180201
25.069618460186796,0,115370280101
13.26059711922562,0,115370530201
10.91112217299663,0,115370530202
30.372553446949418,0,115370680301
21.7305350635529,0,115370730101
22.018360730404503,0,115370730102
28.31996505137591,0,115370780301
34.17870473219314,0,115370870301
29.263265266679404,0,115370870302
37.373236804349375,1,115370920101
42.44558891550212,1,115371020101
37.21877850974739,1,115371070101
29.77424341231661,1,115371070102
34.495649175658485,1,115371170101
9.711436310458526,0,115380130701
38.12150897156112,1,115380260101
31.609737921006133,0,115380390201
34.69359702764646,1,115380420201
24.418456813905635,1,115380420203
21.056826571685907,0,115380420204
28.373334588238855,0,115380450101
32.39481767199706,1,115380610701
33.6018729480417,1,115380630201
22.068778347878194,0,115380630202
35.960707194403746,0,115380660101
23.75269292592924,1,115390010201
18.1194085215621,1,115390210801
29.959092329002758,0,115390360301
22.874296731203415,1,115390570201
27.085196010046428,1,115390570202
16.798709580366094,1,115390590401
21.09767387668238,0,115400031101
28.66162843651261,1,115400060201
23.798363088714897,1,115400060202
18.849043057809123,0,115400170201
16.621042811054362,0,115400340201
19.476182142544197,0,115400340202
32.21232998538791,1,115400420101
24.59874642579661,0,115400520201
29.077795042717202,1,115400520202
12.001625855210413,0,115400660201
46.8037270257206,0,115410030201
35.43915245467557,1,115410060201
35.469547884680665,0,115410090201
41.71976207225913,1,115410090202
22.360031686336733,1,115410170101
24.166507497847824,0,115410170102
28.1473738878006,0,115410220201
40.220355088312644,1,115410220202
18.917970681824944,0,115410300201
27.530722918282247,1,115410300301
31.025489124916668,1,115410300303
23.09697729070445,0,115410360301
31.921071354232517,1,115410360302
33.801195077420246,1,115410410101
35.28207474768326,0,115410440101
23.89783869412968,1,115410470201
18.477113849016636,1,115410470202
25.08986862586168,1,115410490201
26.44240180961757,0,115410580101
39.91186896338425,0,115410660101
21.220462051149184,0,115420030201
33.32002869375556,1,115420210101
21.725610047652086,0,115420210103
37.938181451813506,1,115420350201
30.940607530124915,1,115420440301
32.52271439753667,1,115420530101
26.797111411107686,0,115420950201
32.253314378802095,1,115421040301
29.593724453525546,1,115430180101
32.17585208925915,0,115430210201
29.5486544812438,1,115430250201
23.571248734429435,0,115430250202
44.12291238449351,1,115430310201
37.79515077738634,1,115430350201
33.392334339936255,0,115430380201
37.428956966228476,1,115430480201
16.078136442979673,0,115430520301
47.331810337043244,0,115430790201
31.099255299282987,1,115440060201
30.64100770973257,1,115440280201
21.034418507219538,1,115440310201
14.456103529933687,1,115440440101
8.262807566392452,0,115440470201
30.199166071854048,1,115440640201
27.50543389322625,0,115440730501
14.450692524698995,1,115450140601
48.74719498891161,0,115450180201
25.26008528885064,1,115450290101
8.872633414383234,0,115450520801
11.06283085134155,0,115450550201
9.682878481445005,0,115450620201
25.157687831113666,1,115450660201
19.88374325027044,1,115450760201
22.972275931742104,0,115450760202
12.903046682051025,0,115460070201
9.740278885119078,0,115460070202
19.982816113487292,0,115460200101
22.865921446222906,0,115460330401
13.925278985053561,0,115460440201
23.665937201049303,1,115460440202
15.56061154763622,1,115460510201
21.392586799389314,1,115460630201
20.747693644404762,0,115460690201
28.41177776063669,0,115470060201
36.18000080918088,1,115470140201
28.952025200937694,1,115470140202
25.423271462024292,1,115470170201
23.004775187491852,0,115470210201
37.71746111192914,0,115470360201
35.662416304040676,0,115470540201
17.204238374281942,1,115470580301
37.21885468520617,1,115470650201
29.324633833901554,1,115470760201
21.231261159605324,0,115470760202
31.71144651168524,0,115470840201
28.885273675922747,1,115470840202
26.840347513372045,1,115470910201
28.063720401484343,1,115470910202
28.54302926489284,0,115480030201
23.17000577817149,1,115480310201
38.16364015599889,1,115480310202
22.51922012944054,0,115480370101
25.95420903353953,0,115480480201
39.878065261460925,1,115480550201
32.15511183928807,1,115480550202
38.37354057539941,0,115480580201
35.11999400436375,0,115480580202
4.714429025045909,0,115480790201
15.601203000456787,1,115480790202
38.3735706601131,0,115480860101
22.057609870372712,0,115490060201
28.918045343723104,1,115490060202
8.710542987291818,0,115490140401
47.371571521442085,1,115490170101
27.07182507160419,0,115490200201
38.14769592065388,1,115490200202
21.608928154785158,1,115490260201
23.830133192494127,0,115490280201
24.199567926945473,0,115490280202
16.87033247830878,0,115490340201
23.897502509295954,0,115490340202
20.606223500406788,0,115490370201
21.460605411473725,1,115490370202
40.94627202581333,1,115490480201
34.00083601551398,0,115490510101
28.455648014797355,1,115490540201
29.683265891053516,1,115490540202
31.968135552657987,1,115490540203
16.73751968770475,0,115490620201
19.708026474722757,0,115490620202
36.51666309600987,1,115490650201
16.37415742449732,1,115490680301
26.03541832538846,1,115500130201
20.971754628707338,0,115500200101
22.27813102640113,1,115500270201
24.37301500981449,1,115500270202
33.60441838026474,0,115500370201
33.41729160005008,0,115500370202
9.207640859882464,1,115500400201
22.08988626450556,1,115500400202
25.891912276710503,1,115500470201
23.601645504069054,0,115500470202
16.203007617614126,0,115500470203
17.607561447815584,1,115500510201
14.373393902654952,1,115500580101
25.47632661745906,0,115500640101
25.093909667135485,0,115500640102
25.148230467232434,1,115500640103
19.003038370577322,1,115500680401
9.245683858968007,1,115500710201
22.143333041462004,0,115500850201
23.895381183922133,0,115500850202
26.125669373455004,1,115510070101
27.19142063146555,0,115510070201
22.247780760342746,1,115510170201
42.12730940971714,1,115510400201
34.67975636295962,1,115510400202
37.2626177479541,1,115510490201
6.836735703837359,0,115510580301
28.859476980018357,1,115510630201
18.196635795519988,0,115510630202
17.973761687274514,0,115510810201
11.977761052417623,0,115510810202
19.578392234936075,0,115510810203
9.423215226752271,0,115510860201
34.3737025976647,1,115510950201
38.89161486025799,0,115510950202
29.593939832225992,1,115510990201
18.197822606544676,0,115520160201
19.347271440479677,0,115520160202
21.90107881121899,1,115520320201
36.83271348301777,0,115520410201
48.0224195312897,0,115520570201
24.975424586213588,1,115520610101
44.99030253834011,1,115520860201
14.287197622072636,0,115520860301
42.523376036178455,0,115520900101
14.54171112001449,1,115520940201
29.32387784600072,0,115530100201
37.13803346439665,1,115530270201
17.900222896101212,0,115530310201
28.51107154011121,1,115530350201
32.00514611383667,0,115530350202
30.028215191815544,0,115530400201
20.915911308836915,1,115530440201
17.612054026581056,0,115530440202
27.713358422246902,1,115530480101
21.03743747780674,0,115530540201
19.585018837998703,0,115530540202
23.771130053574662,1,115530580101
22.60979066894581,0,115530580102
36.23318569836418,0,115530620201
44.315743037494926,1,115530620202
40.21372146147636,1,115530620203
38.04032487931737,1,115530720201
28.304697096323842,1,115530760201
29.238062691987814,1,115530760202
20.982411188174794,1,115530820501
29.72120206526421,1,115530860201
26.655301566771573,0,115530910201
28.384982827435888,1,115530950201
30.409327676449305,0,115530950202
17.092659115294452,1,115530990201
21.01387923921483,0,115530990202
26.748510557451535,1,115530990203
32.35634015164149,0,115531100201
45.0049036268864,1,115540110201
35.07051965206253,0,115540110202
30.377300900336376,1,115540150201
13.10116889396766,0,115540340401
21.281626602147234,1,115540340402
30.202499182370545,0,115540370201
39.779636192116975,0,115540410101
11.6271855558906,0,115540450201
15.506873865865481,1,115540450202
23.0664801080439,1,115540480201
20.383818446219585,0,115540480202
22.86069673330346,0,115540480203
23.761436443800257,0,115540560201
27.407970395425863,0,115540630201
27.86805196756953,1,115540670101
29.484235457630973,1,115540670102
36.53024495220802,0,115540710201
32.761033581249514,1,115540780201
27.662025638243446,1,115540780202
15.39746747713084,1,115540820301
28.958177709661488,0,115540890201
19.455125196578017,0,115550050201
21.1167650098433,1,115550100201
11.729176891043632,1,115550130301
11.005093354928402,0,115550240701
31.837712908889923,0,115550360301
38.678031022614675,1,115550410201
21.762383128625736,0,115550550201
16.300009995832454,0,115550550202
32.713497588969915,0,115550610201
10.002920891115417,1,115550610301
12.814887808079012,1,115550610302
39.86965675491783,1,115550660201
13.88827323446852,0,115550690101
25.024658891196225,1,115560030201
15.084132653701234,0,115560260201
19.635158761449638,1,115560280201
25.413765431549983,1,115560370201
21.47610054708225,0,115560480201
16.518632981062755,1,115560560201
12.136599364640912,0,115570020201
13.936827951490905,0,115570020202
20.762474895114373,0,115570100201
20.97865708715976,0,115570180101
28.353597882056505,1,115570220101
30.594051870202968,0,115570260201
15.500378752509267,0,115570260301
17.923707277840208,0,115570300201
19.749154386117965,0,115570300202
22.367840976493166,0,115570420101
23.343230818591874,0,115570420102
29.444631083013853,1,115570470201
38.76637778256308,1,115570470202
23.307364358824604,0,115570510201
36.017912427184726,1,115570590201
27.09464083800004,0,115570630201
30.25499870648266,0,115570670201
27.114435837485992,1,115570670202
33.452617236693946,1,115570670203
17.764077760251674,1,115570790201
19.984523016535533,1,115570790202
35.5983770051461,0,115570950101
29.662938709444084,0,115570950102
19.37963910400579,1,115580460101
16.685181689791584,0,115580460102
16.85671280766784,1,115580660301
37.64464990119363,1,115580760201
25.517093485994724,0,115580870201
18.81466371075297,0,115581020101
34.38762001325659,1,115581070101
15.766463090956442,0,115581070102
37.110867176123456,0,115581170201
33.91440609523611,1,115581220201
30.891638508457003,0,115590160201
36.911463211919916,1,115590160202
27.20400578960849,0,115590190101
22.130269342297506,0,115590220201
21.226279315207133,0,115590220202
37.576833595727805,0,115590360201
46.889427296303175,1,115590360202
15.92470356789097,0,115590440201
15.978295404676624,1,115590580201
23.20592867534245,1,115590580202
28.914993744431452,0,115590630201
26.65838894455806,0,115590630202
53.89750982063465,1,115600010201
17.274119312514944,0,115600010501
55.7782546606794,1,115600040201
36.31057803399948,1,115600280201
42.334369251224146,1,115600280202
32.281632983537065,1,115600310201
29.585446941064493,1,115600310202
41.9448324516126,1,115600380201
24.122859927000405,0,115600510201
16.961373615095216,1,115600610401
21.63165364607903,1,115600610402
37.31145252222101,1,115600750201
24.91816081220515,1,115600780201
26.403056588077504,1,115610100101
31.09758292279776,1,115610310201
43.21174177915838,1,115610400201
10.669329094148452,0,115610650101
27.61911832648769,0,115610710201
35.79233677552729,1,115620150201
17.905711623871696,0,115620180201
42.69003517944283,1,115620260201
38.219736254249504,0,115620260202
47.26261822051286,1,115620290201
18.917064852775336,0,115620310201
39.01565179686243,1,115620340201
17.092415599050973,1,115620390201
20.450178454696072,1,115620420301
27.902457424954957,0,115620500201
26.21645697643544,0,115620500202
22.867264753838946,0,115620500203
36.44886201015461,0,115620610201
43.579250151235414,1,115620610202
15.828124263666789,1,115620640201
17.794548565133493,0,115620640202
6.38604871753177,1,115630080401
25.70406229954151,1,115630540201
28.565776427401136,0,115630540202
19.572128603342172,1,115630650101
23.690746899740912,0,115630710201
26.877875312346212,0,115630710202
27.619666589951866,0,115630710203
21.19835666127828,0,115630760101
44.640792008908235,1,115630930201
41.64795673429462,0,115630930202
34.653862308698486,0,115630930203
9.695748253196117,0,115630930301
17.218814780030975,0,115630990201
11.502767566354581,0,115631270201
24.72518034973129,1,115631270202
19.774497516382244,1,115640010201
19.999622289531278,1,115640290301
16.521746811057362,0,115640290302
29.70345663805595,0,115640580201
21.099592749006394,1,115640670201
23.517031299635686,1,115640670202
23.541524990487456,1,115640810101
15.569974410061485,0,115640860201
8.138392171194054,0,115641140201
9.472745336266444,1,115641140202
16.180641052830563,1,115650030201
30.94681965386897,1,115650160201
22.785099404875,0,115650190201
21.910209219230453,0,115650260201
27.778162887376492,0,115650520101
18.262694011878573,0,115650580201
24.131035894729084,1,115650580202
14.705330644409358,0,115650610201
25.984501307172465,0,115650710201
17.38773044360239,0,115650710202
17.669904772619482,1,115650740101
28.609294007457958,1,115660140301
14.23329264559854,0,115660260201
21.39224945224822,0,115660550201
19.452694245725667,1,115660810201
22.424935198432497,1,115670020301
14.841275322495408,0,115670150201
28.61048066517473,1,115670280201
34.37921198258404,1,115670310101
40.022291458272406,1,115670440201
38.11503658685465,1,115670440202
41.936013779783295,1,115670460201
38.532499610394254,1,115670460202
51.67309249130862,1,115670510201
46.1426680430893,1,115670510202
31.297366774056695,1,115670590201
27.22566662816149,0,115680050201
27.028613321547862,1,115680070101
24.574194764410237,1,115680070102
20.15307179402727,1,115680070201
33.10492613383963,0,115680120201
48.82293624987774,1,115680120202
28.69234368732702,0,115680150201
11.440341721806034,1,115680170102
18.88140032094969,0,115680200201
18.96585587466249,0,115680200202
17.14830641277485,1,115680250201
24.080781673615398,0,115680280201
21.275832670790123,1,115680450101
16.31308205628141,0,115680450102
14.26666164950144,0,115680560201
18.19796429739635,1,115680560401
17.669998832933462,0,115680610201
12.5739117537736,0,115680630201
14.442475484282028,0,115690260101
24.13702255185012,1,115690260102
17.197350350097228,1,115690300201
19.95450832818702,0,115690300202
11.753158267204928,0,115690340201
19.286509341435732,1,115690380301
26.71135993763024,0,115690460201
31.165383887278093,1,115690490201
25.6729311995984,1,115690490202
17.091308700299628,0,115690530101
16.88273555476961,1,115690650201
28.731992372735476,1,115690690201
21.16798410762175,1,115690770201
25.433874475420396,0,115690840201
19.82926060827742,0,115690840202
34.08987427468447,0,115690880201
16.9795313688697,1,115690920201
16.35745848183682,1,115700290401
28.5553827667169,1,115700470101
24.572977240229434,0,115700570201
16.341203597746325,0,115700630201
32.67826744297753,0,115700690202
12.647996880323372,1,115710010301
13.924276192403562,1,115710050301
18.690995277636112,0,115710130201
26.907715266687287,0,115710170201
22.976327635349524,0,115710170202
33.360865979391704,0,115710250201
14.101941030534107,1,115710290201
14.602633708780544,1,115710290202
13.169867822679931,0,115710620201
8.167408116563529,0,115710620203
20.683749203895704,1,115710660101
25.712992494345762,1,115710660102
18.545731601187505,0,115710660103
41.817521779057714,1,115710820101
12.643868824967248,0,115710860101
29.22218540725108,0,115710900101
37.22949842193904,1,115710900102
26.193888599977836,1,115710950201
39.18621585174749,0,115720020201
35.62333846198129,0,115720020202
37.75446905218773,1,115720050201
17.948489641384644,0,115720090201
18.114222465706916,1,115720170201
36.542439350124845,1,115720240201
32.38729247726647,1,115720240202
31.118994087219974,0,115720320201
38.28073930112035,1,115720320202
9.526028224098106,0,115720360401
38.31530973923768,1,115720430101
18.512652934107184,1,115720430201
18.12413673940205,1,115720550401
19.60504824828038,0,115720590201
5.127854082146121,0,115720620201
18.788240299601004,1,115720700201
22.956426088631275,1,115720740201
10.95529413924932,0,115720780201
27.701597268355506,1,115720890201
21.770091172486584,1,115720890202
32.1718657722969,1,115720930201
35.21008072420405,0,115720930202
36.878720206995226,0,115730070101
19.569410791570867,0,115730140201
14.281055719655836,0,115730140202
23.07778577532575,0,115730160201
34.566872504049414,1,115730160202
28.264285215865264,0,115730190201
13.088565790130648,0,115730260201
21.498730434106907,1,115730260202
27.64491726993814,0,115730290101
41.127532006578534,1,115730290102
47.06525402592008,1,115730310201
46.21249792827179,1,115730340201
33.130475205337916,0,115730360201
41.12704878293049,1,115730360202
14.145983217786501,0,115730430201
27.912992208809463,0,115730480201
37.30839175637901,1,115730510201
37.5432308011317,1,115730510202
22.500688235959846,0,115730530101
37.588106036355754,0,115730560201
27.536455926001295,0,115730560202
42.27355725122372,1,115730560203
38.7489316128323,1,115730580201
34.10868405907455,0,115730580202
25.595591455558726,1,115740040201
24.593974053675524,1,115740070101
25.795333258888043,0,115740110201
29.57027858055888,0,115740180201
25.8170643100443,0,115740280101
14.156925380278881,0,115740350301
51.009197512961684,1,115740460201
29.42632164100106,0,115740520101
37.09189714618128,1,115740560101
29.46043230715886,0,115740630201
31.925979010180022,1,115740630202
27.22957336779801,0,115750130201
32.52772061666074,0,115750130202
43.72307500946929,1,115750180201
13.707272411376945,1,115750260401
32.03728851130607,0,115750290201
36.480622182354175,1,115750320101
7.684070109982828,1,115750350101
31.067102050707284,0,115750400201
21.32320176913962,0,115750400202
35.783595610963786,1,115750430101
27.7398183880551,1,115750430102
26.599396023239784,0,115750540201
28.92152403709533,0,115750570201
37.86808478326502,1,115750570202
23.439123289434278,0,115750600101
9.899355036426355,0,115750620401
34.798388791213235,0,115750650201
20.307447955022006,0,115750680201
29.33351349747725,1,115760040201
33.14359502438299,1,115760040202
24.651121464482838,0,115760140201
24.86229353545072,0,115760190101
36.66753245103809,0,115760430201
20.887823077269573,1,115760570201
36.09927297739073,0,115760710201
23.1495570169071,1,115760710601
15.550989778689612,0,115760710602
18.31095385438222,0,115760860401
37.494878766823646,1,115760910101
32.69843870579071,1,115761190201
18.299115676219053,1,115770030201
35.94669407472558,0,115770090202
15.276870365479958,0,115770180201
31.84167653225214,1,115770270201
34.40606549721193,1,115770270202
3.605359474199039,0,115770300201
12.792488802182374,1,115770330301
34.26905590016075,1,115770570201
33.938059552117984,1,115770570202
16.8935856960543,0,115770660301
15.247705840420737,1,115770740201
35.08279353391033,1,115780010201
38.41007338487391,0,115780010202
28.78850714752364,0,115780040101
18.74671138067076,0,115780150201
36.3908669642225,1,115780150202
31.062908955834263,0,115780270101
26.045088679441722,1,115780380301
22.371513745150914,0,115780380302
29.602467551466535,1,115780410201
20.202926181715686,1,115780440201
14.316289508397801,0,115780440202
21.331976413344055,1,115780440203
29.596260009755138,1,115780500201
40.55584561122804,1,115780560101
40.58277454863361,1,115780560102
31.433130840657448,1,115780610201
24.65921722882249,0,115780610202
28.73282133047219,0,115780610203
18.475989891560253,0,115780700201
31.17860607427807,0,115790110201
34.96144287664933,1,115790110202
29.337565540448523,0,115790150201
36.83121949921957,0,115790150202
23.703014853973247,0,115790220501
29.102759824230287,1,115790320201
23.228414081618297,1,115790430201
20.93293427231385,0,115790500201
21.19205606768014,1,115790570501
13.929354127828075,1,115790570701
28.38241190056224,1,115790680201
32.017572317987984,0,115790750201
19.36786873644883,0,115790790201
28.404977282371497,0,115790860201
24.16176245526732,1,115800170201
17.569847890242166,1,115800330201
8.226915284391906,0,115800330202
11.859910576723296,1,115800560301
28.804481342180413,1,115800720201
20.183049937956582,0,115800820101
5.212536382488802,1,115800930201
21.34382986578063,1,115801030101
33.06773146753243,1,115801190101
17.62741766983477,0,115801300201
25.58707248012869,0,115801370201
13.22951506015873,1,115810130201
24.85566489668912,0,115810180201
17.705802086210696,0,115810510201
14.7560115062227,1,115810510202
32.35615337806931,0,115810790201
27.107794358550333,1,115810940201
22.156689618885625,1,115820220301
20.943666126875332,1,115820220302
13.565798287268558,1,115820270201
23.469962856010774,1,115820320101
28.815452618925523,1,115820410101
18.430778080827473,0,115820410102
21.240530482251,0,115820460101
20.975012370261307,1,115820490201
16.55499099706714,0,115820490202
30.703611506810436,1,115820660201
28.88404136917058,1,115820770201
21.60478920443036,1,115820960201
23.276320024151506,1,115820960202
21.14747731253838,0,115821000201
26.057634585107728,0,115821000202
17.681677246493688,1,115821070201
26.782332438234953,0,115821150201
15.744172281702795,1,115830050201
20.33131934179506,0,115830140201
38.365365244951484,1,115830270201
25.783521946834625,0,115830290201
34.29008097761242,0,115830290202
35.14535024052533,0,115830320201
17.24397399608747,1,115830320801
13.374664154279065,0,115830400201
16.835875529666385,1,115830400202
26.77888231628996,1,115830400203
27.179650162291825,0,115830500201
22.966459340920714,0,115830520101
41.9405706344931,1,115830520102
24.366396247479134,0,115830520103
18.61032692577311,1,115830540101
22.21232173279181,1,115830540102
19.155140218302883,0,115830620101
18.042287849142753,0,115840080201
21.570475859507795,0,115840080202
29.530567280263025,1,115840200201
33.118817480470554,0,115840310201
32.59043938086298,1,115840310202
27.691898377084733,0,115840310203
32.258239956610474,1,115840410201
34.06032686438024,1,115840410202
20.214516931992158,0,115840520101
21.99267343785911,1,115840520102
25.378623276998727,1,115840590201
14.568250191307236,0,115840590202
23.290423849519495,1,115840700201
22.418056936448814,0,115840810101
23.335233608779564,0,115841060101
25.25822666466574,1,115841110201
15.487610797712458,0,115841290101
22.605255514967624,1,115841290102
39.98595957666535,0,115841360201
37.182462520442314,0,115841360202
37.26825159965814,1,115841360203
30.13471689582885,1,115850170201
14.262538983624385,0,115850170202
33.7189015982545,1,115850630301
29.7837389687641,1,115850800101
28.041302061739067,0,115850920201
19.529938447251954,0,115850980201
25.766956228787787,0,115851090201
21.25556077927148,0,115851200101
40.41449018538284,1,115851320201
21.64055658001152,0,115851380101
19.903982659912668,1,115851430201
25.61026783104247,1,115851430202
26.644910251635274,1,115860030201
18.552084957668644,0,115860090201
20.439021678604927,1,115860150201
40.1232264110442,0,115860370201
45.29489642593814,1,115860500202
16.586799636954805,1,115860570501
15.105372877564736,0,115860620201
15.283422679399425,0,115860690201
40.506224908855856,1,115860800201
22.37568804668412,1,115861090201
23.720949657638613,1,115861090202
24.817535245456853,1,115861310201
31.180996792892476,0,115861370201
29.07928446652814,1,115861410201
35.685040725714046,0,115870070201
38.802560151376845,1,115870070202
35.92517507912956,0,115870250101
13.118043806693281,0,115870360501
17.30632747814035,1,115870520201
27.257013557666284,1,115870520202
30.487669988579412,1,115870570201
28.934385864911096,1,115870680101
26.174256130794625,1,115870740201
30.614292402509093,1,115870740203
24.804285333911444,1,115870960101
30.083905514127455,0,115871180101
30.047478203015544,1,115871250201
20.17608921540964,0,115871420201
25.082261905740246,1,115871420202
46.02404684764289,1,115880010101
26.626700985367634,0,115880080101
33.41766655141249,1,115880080102
18.540439768198087,1,115880250101
26.681162486485295,0,115880360201
11.359053092683219,0,115880390101
20.720506581201274,1,115880390102
35.508667500278314,1,115880460201
25.825803327593817,0,115880460202
19.66322460949899,1,115880490201
41.12373519232271,1,115880530101
39.07331437068845,1,115880530102
18.23603322123589,0,115880560301
49.75826407486503,1,115890100201
44.5302081591078,0,115890100202
28.196218642633465,0,115890220201
27.393605866031564,1,115890220202
35.06964390323445,1,115890250201
22.448602959318876,0,115890570301
36.20762949969836,1,115890680201
20.531038232280103,1,115890720301
17.20248225960838,1,115890720302
27.07684287788413,1,115890800201
44.696142618635776,1,115890840101
42.71869141372313,1,115890840102
8.326031527458943,0,115890880201
17.39829710160096,0,115890880202
30.712603484786136,1,115890960201
16.810450231247103,1,115890960202
21.9987529699249,1,115890960203
31.268334419787244,0,115900150101
23.731676819549115,0,115900370101
28.977527309446952,1,115900370102
34.865491380832815,1,115900880101
37.07477116065491,1,115900880102
22.921490530398074,0,115901120201
25.398968102401977,1,115901120202
22.50528106974193,1,115901120203
31.23842252706376,0,115901180201
23.683855034897462,1,115901280301
49.21485466091582,1,115901330201
23.76102055876231,1,115901360201
20.68736670521191,0,115901360203
26.555651765662176,0,115910130201
34.73417544242052,1,115910130202
21.130037268773748,1,115910130203
21.115275119033587,0,115910270201
16.5991299921563,0,115910370301
28.905570486233227,1,115910410501
22.167791843504666,0,115910410502
19.010912912102444,0,115910500101
43.589217879056264,0,115910540201
46.31028352550035,1,115910540202
33.91831710469972,0,115910630301
24.051865177561414,1,115910630501
42.20544850363866,1,115910710201
18.40147206418814,0,115910750201
33.45539730816046,0,115910800201
33.251985746414334,0,115910800202
35.7439298114002,0,115910800203
28.73801728216435,1,115911080201
24.636775849695994,0,115920120101
21.33207861939875,0,115920320201
25.84990650117424,1,115920630101
19.611310361044872,1,115930340401
28.54362088730508,0,115930380101
12.051527533164116,0,115930490201
41.857134308661635,1,115930590101
34.74624843087753,1,115930640201
39.58083615364208,1,115930740101
27.071769088036497,0,115930740102
13.261141376529778,0,115930860201
26.503720990838254,0,115930960201
28.996152382961377,0,115931010101
29.72591507267503,0,115931010102
49.49336147564462,1,115931160101
43.74212430337212,1,115940040201
31.546146951862134,0,115940150201
21.766002171016318,0,115940400201
34.83604999973037,0,115940600201
22.55147543052217,1,115940651201
28.02288615881651,1,115940651301
12.576082506968186,0,115940700201
25.830325536687393,1,115940810201
11.64384456382437,0,115940810202
34.02140095559466,0,115940920101
27.61346255918898,0,115940920102
43.594030292376694,1,115940970201
34.532334598797256,0,115940970202
24.000463955516754,0,115941020101
37.96510226055878,1,115941020102
13.150273318369448,1,115941070201
34.90365696223438,0,115941120201
47.8809856197222,0,115941170201
23.978631874500692,1,115941220201
23.579040322798015,1,115941220202
28.574610643407354,0,115941270101
19.47262022829882,1,115950020202
21.32138534102769,0,115950060201
30.540379890296357,1,115950230101
23.644987393816102,0,115950310201
43.660706499002416,1,115950350201
22.608400871428408,1,115950390301
33.106558760662615,0,115950490201
24.626662807506698,0,115950490202
21.299829509333698,1,115950870301
24.64534969818977,1,115950910201
16.66225021718543,1,115950950601
54.06167397473465,1,115960050201
37.945343236302875,0,115960120101
39.29373100619392,1,115960120102
30.271786448951552,0,115960120103
34.70594598725668,1,115960260101
32.747124483493025,1,115960260102
9.861118389654443,1,115960300301
30.221978721533265,1,115960370201
32.77489091147857,1,115960370202
27.0843646904008,1,115960370203
43.02352941314723,1,115960450201
44.153726588668526,0,115960500201
32.0804979328024,0,115960570201
47.076698068813904,1,115960610201
41.93682910261695,1,115960690201
40.221629180497246,1,115960690202
27.886970270117544,0,115960730201
34.47300560362463,1,115960730202
31.548848440313286,0,115960770201
28.697044384973676,0,115960770202
37.05714738675951,1,115960880201
37.001486608958274,1,115960880202
28.32491010871639,1,115970020201
27.09339171778895,1,115970020202
5.7522529767366555,0,115970080301
13.42238752034656,0,115970160201
6.877942965254564,0,115970200201
32.809063405915964,0,115970200501
15.664761761650322,0,115970230201
27.039831139323706,1,115970230202
26.52327737326243,0,115970330201
14.21281149638839,1,115970410201
15.17022826075983,1,115970500201
28.326593771369293,1,115980070101
27.61848016734295,1,115980070102
19.23971128873,1,115980230201
36.21095724687586,0,115980360201
17.61753821785318,1,115980420201
23.044796306243928,1,115980550101
22.362591362163332,0,115980600201
17.62574884627221,0,115980780401
21.331684991313285,1,115980780402
31.77631868301456,1,115980890201
21.375075456784685,1,115980940201
39.41169707956167,1,115990050101
27.01430195691333,0,115990050102
41.75520417273866,0,115990140201
34.41309194322805,0,115990270101
16.499156488753353,0,115990460201
21.200668651396246,0,115990460202
41.73074127361514,0,115990760201
37.38127965337111,0,115990760202
23.700683085286506,1,115990930201
31.933538975602897,1,115990970101
22.019783302368126,1,116000080201
21.04744415620427,1,116000180401
20.65140312713786,0,116000270101
16.33248968510781,0,116000360201
28.92525379210297,0,116000400201
19.492690563196266,0,116000500201
17.70724358513172,0,116000500202
29.054910297082106,0,116000560101
30.215312241208014,0,116000560102
25.18297445220663,1,116000600901
9.719622208317693,0,116000630101
35.504233315376,1,116000700201
28.0841437164883,1,116000700202
23.823889782811683,1,116000730201
25.949926833839413,0,116000800201
28.798549443440667,0,116010190201
31.812151937292725,0,116010190202
26.313158437221002,1,116010240201
18.883273264260154,1,116010240202
28.06571758664918,0,116010310101
14.84499603971767,1,116010420201
20.645422535740725,1,116010830401
19.94721641087412,0,116011080201
25.616275254592807,0,116011080202
28.71007335134368,0,116011320101
31.437458303989647,1,116020170201
14.092859937724098,1,116020290201
40.338063053381305,0,116020320201
35.45575857577303,1,116020370101
29.352993428035727,0,116020390102
32.81527148718098,1,116020390103
18.169612764594078,0,116020420201
16.604563545275834,1,116020420202
19.324389609311297,1,116020440501
22.361952979356694,1,116020440502
23.073856849478734,0,116020490201
11.901315888670153,0,116030210301
25.101335714288947,1,116030540101
20.27899515156058,1,116030900101
17.602120712521092,0,116030900102
27.617451102865843,0,116031080201
24.731557716160534,1,116040030201
16.694063017648613,0,116040030202
41.574525422283465,1,116040180201
32.644383699611865,1,116040210201
25.392327718890805,1,116040210202
27.096313940934344,0,116040240101
41.42986570579913,1,116040240102
29.08406267040401,0,116040360201
19.436807364238664,0,116040390201
53.246072182997224,0,116040430101
29.972414141886617,0,116040460101
33.346574222808776,1,116040460102
33.174566114371785,1,116040520401
35.46460431997988,1,116040550201
20.803800929268984,1,116040580301
27.472132878572946,1,116040610201
17.662127024713133,0,116040610202
14.220233389461391,0,116040670201
18.775495087986428,0,116040760201
33.25846753802112,1,116040760202
27.191396305717337,1,116050040201
56.2600664801644,0,116050070101
34.03104385871731,0,116050100201
21.008658916930987,0,116050160201
29.680002284997176,1,116050160202
39.37627261454722,1,116050200201
24.19123151536853,1,116050230101
22.36431251793888,0,116050230102
21.966106704280858,1,116050300201
39.7085818540806,1,116050410201
38.00070651066184,1,116050530201
26.39001064942218,1,116050530202
23.342975119332294,0,116050650201
29.73962779704662,0,116050760201
27.41684255025977,1,116050830201
35.314215042766534,1,116060020201
23.975043117124233,0,116060420201
33.14580044707173,1,116060600201
13.512383941920017,0,116070010201
23.441983776028536,0,116070010202
19.66804722997108,1,116070050201
26.71851011401826,0,116070250201
44.58062805729767,1,116070370201
26.473328280579636,0,116070370202
26.259050105010957,1,116070450301
15.877570212957485,0,116070450302
3.93762793425584,0,116070540101
20.341383109907735,1,116070540102
18.97001922609036,1,116070540201
25.827115913283816,1,116070660201
26.700739125940878,1,116070660202
23.394586272692845,0,116070660203
29.53059533802139,0,116070700101
31.384744690321536,1,116070780201
30.94929440273518,0,116070780202
18.616512784502,1,116070820201
18.877715090677412,0,116070820202
35.82799863556097,1,116070900201
23.0953749238042,0,116070940201
18.41289865762501,1,116080120101
23.998993621233982,0,116080130101
15.906905417541333,0,116080180201
31.21047999254529,1,116080180202
17.8113986093559,0,116080220101
36.41886846471002,1,116080230201
44.67570100061935,0,116080260201
19.303357603944477,0,116080280201
33.47400085041484,0,116080310201
38.55100089930734,0,116080360101
38.49817107051046,0,116080360102
38.721698577205956,1,116090020201
29.45911527924932,0,116090100201
29.545597711153444,0,116090280201
29.72741700154677,0,116090340101
40.86522528114657,1,116090380101
33.80770253903009,1,116090380102
32.526650124794756,0,116090410101
58.246658090491565,1,116090540101
44.303620695993686,1,116090640101
34.234406292603005,1,116090670201
39.22110045367783,0,116090670202
26.56157559705438,1,116090710201
12.524856682994788,1,116090800201
23.093959454753815,1,116090840201
36.18111820527917,1,116100070202
43.27538695282717,1,116100160201
27.6131379169397,0,116100370201
18.04390475993722,0,116100610201
16.229923454859392,0,116100660301
26.56717002807302,1,116100750201
27.721782667837203,1,116100750202
19.84675914839623,0,116100750203
14.793131621073663,0,116100800801
50.29144819615097,1,116100860201
40.54284778762336,0,116100900201
27.001979005932455,0,116101040101
49.66959680078469,1,116101180201
37.64320034626886,0,116101180202
31.40175608075376,0,116110030101
11.125219876975095,0,116110140201
31.61990601409008,1,116110210101
24.762971049629847,1,116110480101
26.56140206795434,1,116110480102
20.135249391312225,1,116110540101
20.360463719194172,1,116110650101
17.471001568889353,0,116110650102
34.06516583319243,0,116111030201
11.9947169852815,0,116111390401
14.966211454224252,1,116111390402
33.2298711939839,1,116111630201
19.726568878911102,1,116120080201
20.295608712182197,1,116120080202
19.58849259958354,1,116120150201
19.015287552744567,0,116120150202
39.60182469301265,1,116120410201
22.545698611513128,0,116120410202
37.934735033973915,1,116120720201
14.960943095807622,0,116120920301
47.17937948942518,1,116121340201
47.968083629048294,1,116121340202
